order_id,order_date,customer_id,product_id,quantity,unit_price,total_amount,source_file,ingested_at
O008792,2026-02-24,C00360,P025,2,96.27,192.54,sales.csv,2026-09-29T03:58:58.984726+00:00
O004386,2026-03-12,C00099,P012,3,307.99,923.97,sales.csv,2026-09-29T03:58:58.984726+00:00
O004561,2026-03-11,C00321,P003,1,216.27,216.27,sales.csv,2026-09-29T03:58:58.984726+00:00
O009427,2026-04-26,C00340,P026,6,604.42,3626.52,sales.csv,2026-09-29T03:58:58.984726+00:00
O007601,2026-02-04,C00189,P026,6,787.95,4727.70,sales.csv,2026-09-29T03:58:58.984726+00:00
O005772,2026-06-16,C00383,P023,9,292.56,2633.04,sales.csv,2026-09-29T03:58:58.984726+00:00
O002594,2026-06-25,C00122,P004,6,564.17,3385.02,sales.csv,2026-09-29T03:58:58.984726+00:00
O009128,2026-06-10,C00242,P021,4,95.70,382.80,sales.csv,2026-09-29T03:58:58.984726+00:00
O000233,2026-05-22,C00008,P036,7,123.17,862.19,sales.csv,2026-09-29T03:58:58.984726+00:00
O008200,2026-03-22,C00326,P008,8,770.71,6165.68,sales.csv,2026-09-29T03:58:58.984726+00:00
O004672,2026-02-12,C00025,P013,9,924.64,8321.76,sales.csv,2026-09-29T03:58:58.984726+00:00
O002199,2026-04-29,C00190,P013,8,13.27,106.16,sales.csv,2026-09-29T03:58:58.984726+00:00
O005618,2026-04-25,C00404,P024,1,62.92,62.92,sales.csv,2026-09-29T03:58:58.984726+00:00
O008789,2026-01-02,C00263,P007,2,983.11,1966.22,sales.csv,2026-09-29T03:58:58.984726+00:00
O001529,2026-06-10,C00236,P035,6,607.16,3642.96,sales.csv,2026-09-29T03:58:58.984726+00:00
O008134,2026-03-28,C00391,P032,2,111.10,222.20,sales.csv,2026-09-29T03:58:58.984726+00:00
O002955,2026-02-16,C00193,P028,2,182.67,365.34,sales.csv,2026-09-29T03:58:58.984726+00:00
O002579,2026-04-21,C00252,P013,2,694.49,1388.98,sales.csv,2026-09-29T03:58:58.984726+00:00
O003494,2026-04-01,C00331,P009,8,360.40,2883.20,sales.csv,2026-09-29T03:58:58.984726+00:00
O000034,2026-03-29,C00058,P019,7,208.30,1458.10,sales.csv,2026-09-29T03:58:58.984726+00:00
O000374,2026-04-26,C00020,P004,6,377.27,2263.62,sales.csv,2026-09-29T03:58:58.984726+00:00
O005490,2026-01-29,C00253,P007,3,231.03,693.09,sales.csv,2026-09-29T03:58:58.984726+00:00
O007633,2026-01-25,C00301,P015,5,698.94,3494.70,sales.csv,2026-09-29T03:58:58.984726+00:00
O004970,2026-03-11,C00229,P009,7,345.87,2421.09,sales.csv,2026-09-29T03:58:58.984726+00:00
O007484,2026-06-14,C00103,P021,7,419.80,2938.60,sales.csv,2026-09-29T03:58:58.984726+00:00
O001222,2026-05-23,C00248,P017,5,758.13,3790.65,sales.csv,2026-09-29T03:58:58.984726+00:00
O007861,2026-01-20,C00134,P043,9,320.59,2885.31,sales.csv,2026-09-29T03:58:58.984726+00:00
O003572,2026-01-01,C00160,P031,8,337.67,2701.36,sales.csv,2026-09-29T03:58:58.984726+00:00
O000683,2026-03-19,C00004,P026,6,813.89,4883.34,sales.csv,2026-09-29T03:58:58.984726+00:00
O004966,2026-05-18,C00008,P007,8,772.76,6182.08,sales.csv,2026-09-29T03:58:58.984726+00:00
O004662,2026-02-26,C00176,P034,10,900.72,9007.20,sales.csv,2026-09-29T03:58:58.984726+00:00
O006121,2026-01-02,C00293,P038,3,865.87,2597.61,sales.csv,2026-09-29T03:58:58.984726+00:00
O006845,2026-04-13,C00006,P019,10,858.80,8588.00,sales.csv,2026-09-29T03:58:58.984726+00:00
O004044,2026-06-20,C00101,P029,9,490.31,4412.79,sales.csv,2026-09-29T03:58:58.984726+00:00
O006125,2026-04-01,C00006,P021,2,356.08,712.16,sales.csv,2026-09-29T03:58:58.984726+00:00
O007762,2026-04-17,C00134,P014,10,486.98,4869.80,sales.csv,2026-09-29T03:58:58.984726+00:00
O007146,2026-02-08,C00215,P001,1,661.49,661.49,sales.csv,2026-09-29T03:58:58.984726+00:00
O005913,2026-04-18,C00043,P032,7,701.91,4913.37,sales.csv,2026-09-29T03:58:58.984726+00:00
O005972,2026-05-05,C00174,P015,1,587.42,587.42,sales.csv,2026-09-29T03:58:58.984726+00:00
O008571,2026-02-07,C00499,P029,10,144.23,1442.30,sales.csv,2026-09-29T03:58:58.984726+00:00
O008595,2026-02-06,C00319,P012,7,585.59,4099.13,sales.csv,2026-09-29T03:58:58.984726+00:00
O006670,2026-03-19,C00412,P050,5,469.13,2345.65,sales.csv,2026-09-29T03:58:58.984726+00:00
O004047,2026-01-11,C00119,P013,3,394.66,1183.98,sales.csv,2026-09-29T03:58:58.984726+00:00
O006694,2026-01-20,C00263,P043,2,531.17,1062.34,sales.csv,2026-09-29T03:58:58.984726+00:00
O008561,2026-05-16,C00164,P022,8,116.87,934.96,sales.csv,2026-09-29T03:58:58.984726+00:00
O007202,2026-04-24,C00264,P045,9,15.67,141.03,sales.csv,2026-09-29T03:58:58.984726+00:00
O005270,2026-03-13,C00065,P006,3,450.91,1352.73,sales.csv,2026-09-29T03:58:58.984726+00:00
O002208,2026-06-24,C00309,P037,3,86.66,259.98,sales.csv,2026-09-29T03:58:58.984726+00:00
O007443,2026-04-18,C00460,P012,2,922.71,1845.42,sales.csv,2026-09-29T03:58:58.984726+00:00
O009330,2026-02-05,C00224,P018,3,770.23,2310.69,sales.csv,2026-09-29T03:58:58.984726+00:00
O008204,2026-04-27,C00052,P019,9,602.32,5420.88,sales.csv,2026-09-29T03:58:58.984726+00:00
O007783,2026-01-14,C00250,P026,4,392.19,1568.76,sales.csv,2026-09-29T03:58:58.984726+00:00
O008672,2026-01-03,C00338,P028,3,314.46,943.38,sales.csv,2026-09-29T03:58:58.984726+00:00
O000402,2026-04-25,C00120,P035,4,406.62,1626.48,sales.csv,2026-09-29T03:58:58.984726+00:00
O003333,2026-03-25,C00460,P019,7,783.41,5483.87,sales.csv,2026-09-29T03:58:58.984726+00:00
O008140,2026-01-09,C00069,P023,9,454.64,4091.76,sales.csv,2026-09-29T03:58:58.984726+00:00
O004655,2026-02-04,C00350,P035,10,353.91,3539.10,sales.csv,2026-09-29T03:58:58.984726+00:00
O009487,2026-05-16,C00402,P022,6,969.90,5819.40,sales.csv,2026-09-29T03:58:58.984726+00:00
O001739,2026-02-03,C00184,P019,4,849.87,3399.48,sales.csv,2026-09-29T03:58:58.984726+00:00
O004498,2026-03-29,C00430,P002,10,183.57,1835.70,sales.csv,2026-09-29T03:58:58.984726+00:00
O005404,2026-03-07,C00403,P005,5,803.14,4015.70,sales.csv,2026-09-29T03:58:58.984726+00:00
O007620,2026-03-21,C00474,P032,8,397.42,3179.36,sales.csv,2026-09-29T03:58:58.984726+00:00
O005112,2026-03-07,C00269,P049,4,443.23,1772.92,sales.csv,2026-09-29T03:58:58.984726+00:00
O002672,2026-04-20,C00198,P010,6,859.99,5159.94,sales.csv,2026-09-29T03:58:58.984726+00:00
O007873,2026-05-15,C00433,P034,7,736.20,5153.40,sales.csv,2026-09-29T03:58:58.984726+00:00
O007435,2026-03-17,C00191,P034,6,660.97,3965.82,sales.csv,2026-09-29T03:58:58.984726+00:00
O007311,2026-03-04,C00206,P020,6,61.55,369.30,sales.csv,2026-09-29T03:58:58.984726+00:00
O004982,2026-04-30,C00174,P048,3,258.96,776.88,sales.csv,2026-09-29T03:58:58.984726+00:00
O000877,2026-02-15,C00122,P038,6,968.44,5810.64,sales.csv,2026-09-29T03:58:58.984726+00:00
O005654,2026-03-25,C00088,P012,10,877.33,8773.30,sales.csv,2026-09-29T03:58:58.984726+00:00
O005775,2026-03-01,C00368,P001,10,17.32,173.20,sales.csv,2026-09-29T03:58:58.984726+00:00
O001680,2026-05-19,C00330,P020,8,700.84,5606.72,sales.csv,2026-09-29T03:58:58.984726+00:00
O001267,2026-01-14,C00270,P028,8,709.79,5678.32,sales.csv,2026-09-29T03:58:58.984726+00:00
O008691,2026-05-07,C00175,P037,6,802.64,4815.84,sales.csv,2026-09-29T03:58:58.984726+00:00
O006982,2026-03-29,C00221,P007,7,192.65,1348.55,sales.csv,2026-09-29T03:58:58.984726+00:00
O006541,2026-02-02,C00105,P029,9,843.74,7593.66,sales.csv,2026-09-29T03:58:58.984726+00:00
O006389,2026-06-25,C00486,P018,1,866.16,866.16,sales.csv,2026-09-29T03:58:58.984726+00:00
O003601,2026-06-03,C00400,P010,10,696.41,6964.10,sales.csv,2026-09-29T03:58:58.984726+00:00
O006478,2026-04-21,C00251,P016,4,249.58,998.32,sales.csv,2026-09-29T03:58:58.984726+00:00
O007058,2026-02-05,C00453,P010,1,65.23,65.23,sales.csv,2026-09-29T03:58:58.984726+00:00
O005310,2026-02-20,C00194,P040,6,461.14,2766.84,sales.csv,2026-09-29T03:58:58.984726+00:00
O006536,2026-02-19,C00419,P038,9,922.69,8304.21,sales.csv,2026-09-29T03:58:58.984726+00:00
O003951,2026-06-22,C00110,P038,5,474.08,2370.40,sales.csv,2026-09-29T03:58:58.984726+00:00
O006725,2026-05-30,C00389,P011,3,637.96,1913.88,sales.csv,2026-09-29T03:58:58.984726+00:00
O008780,2026-03-03,C00273,P002,1,339.29,339.29,sales.csv,2026-09-29T03:58:58.984726+00:00
O000273,2026-05-08,C00427,P019,4,796.69,3186.76,sales.csv,2026-09-29T03:58:58.984726+00:00
O000435,2026-01-17,C00367,P050,8,49.47,395.76,sales.csv,2026-09-29T03:58:58.984726+00:00
O001773,2026-04-28,C00156,P037,3,402.72,1208.16,sales.csv,2026-09-29T03:58:58.984726+00:00
O007258,2026-06-26,C00173,P035,1,467.65,467.65,sales.csv,2026-09-29T03:58:58.984726+00:00
O002389,2026-03-05,C00411,P044,4,798.00,3192.00,sales.csv,2026-09-29T03:58:58.984726+00:00
O004670,2026-06-22,C00458,P033,10,98.66,986.60,sales.csv,2026-09-29T03:58:58.984726+00:00
O008230,2026-01-02,C00386,P005,8,638.38,5107.04,sales.csv,2026-09-29T03:58:58.984726+00:00
O004518,2026-05-15,C00426,P017,5,983.59,4917.95,sales.csv,2026-09-29T03:58:58.984726+00:00
O007986,2026-03-21,C00174,P044,2,197.69,395.38,sales.csv,2026-09-29T03:58:58.984726+00:00
O004243,2026-02-05,C00123,P033,10,650.27,6502.70,sales.csv,2026-09-29T03:58:58.984726+00:00
O004614,2026-01-04,C00187,P049,1,493.98,493.98,sales.csv,2026-09-29T03:58:58.984726+00:00
O003534,2026-06-17,C00341,P013,10,465.84,4658.40,sales.csv,2026-09-29T03:58:58.984726+00:00
O009040,2026-06-14,C00033,P035,2,160.17,320.34,sales.csv,2026-09-29T03:58:58.984726+00:00
O007577,2026-03-23,C00387,P031,4,855.24,3420.96,sales.csv,2026-09-29T03:58:58.984726+00:00
O000914,2026-04-15,C00357,P036,9,348.68,3138.12,sales.csv,2026-09-29T03:58:58.984726+00:00
O003698,2026-01-23,C00049,P026,10,919.72,9197.20,sales.csv,2026-09-29T03:58:58.984726+00:00
O002142,2026-03-20,C00456,P019,4,240.96,963.84,sales.csv,2026-09-29T03:58:58.984726+00:00
O004495,2026-06-04,C00037,P008,9,838.92,7550.28,sales.csv,2026-09-29T03:58:58.984726+00:00
O001671,2026-05-26,C00275,P023,6,894.69,5368.14,sales.csv,2026-09-29T03:58:58.984726+00:00
O004308,2026-05-21,C00387,P035,2,935.29,1870.58,sales.csv,2026-09-29T03:58:58.984726+00:00
O004738,2026-05-22,C00282,P010,4,219.31,877.24,sales.csv,2026-09-29T03:58:58.984726+00:00
O008507,2026-02-15,C00186,P030,4,594.81,2379.24,sales.csv,2026-09-29T03:58:58.984726+00:00
O000596,2026-01-05,C00124,P014,2,133.24,266.48,sales.csv,2026-09-29T03:58:58.984726+00:00
O001895,2026-01-08,C00303,P003,3,481.26,1443.78,sales.csv,2026-09-29T03:58:58.984726+00:00
O009313,2026-04-01,C00141,P004,3,895.72,2687.16,sales.csv,2026-09-29T03:58:58.984726+00:00
O001490,2026-02-07,C00092,P050,1,550.95,550.95,sales.csv,2026-09-29T03:58:58.984726+00:00
O000332,2026-03-31,C00433,P036,6,151.58,909.48,sales.csv,2026-09-29T03:58:58.984726+00:00
O006094,2026-04-06,C00464,P042,6,451.95,2711.70,sales.csv,2026-09-29T03:58:58.984726+00:00
O002126,2026-01-26,C00076,P046,7,541.08,3787.56,sales.csv,2026-09-29T03:58:58.984726+00:00
O007350,2026-01-13,C00447,P049,6,132.24,793.44,sales.csv,2026-09-29T03:58:58.984726+00:00
O003826,2026-06-09,C00457,P038,7,222.59,1558.13,sales.csv,2026-09-29T03:58:58.984726+00:00
O008341,2026-02-04,C00004,P005,10,589.76,5897.60,sales.csv,2026-09-29T03:58:58.984726+00:00
O005894,2026-02-15,C00403,P041,6,454.44,2726.64,sales.csv,2026-09-29T03:58:58.984726+00:00
O004914,2026-04-03,C00465,P018,5,650.58,3252.90,sales.csv,2026-09-29T03:58:58.984726+00:00
O004446,2026-03-10,C00411,P004,2,514.37,1028.74,sales.csv,2026-09-29T03:58:58.984726+00:00
O005904,2026-05-08,C00377,P028,7,985.91,6901.37,sales.csv,2026-09-29T03:58:58.984726+00:00
O006667,2026-01-20,C00381,P003,10,838.37,8383.70,sales.csv,2026-09-29T03:58:58.984726+00:00
O000678,2026-02-05,C00138,P020,5,647.34,3236.70,sales.csv,2026-09-29T03:58:58.984726+00:00
O001046,2026-01-17,C00134,P042,6,17.20,103.20,sales.csv,2026-09-29T03:58:58.984726+00:00
O000330,2026-04-01,C00054,P037,9,279.84,2518.56,sales.csv,2026-09-29T03:58:58.984726+00:00
O008890,2026-02-08,C00032,P012,7,236.34,1654.38,sales.csv,2026-09-29T03:58:58.984726+00:00
O001358,2026-04-30,C00141,P039,9,211.16,1900.44,sales.csv,2026-09-29T03:58:58.984726+00:00
O007655,2026-06-25,C00043,P040,2,31.02,62.04,sales.csv,2026-09-29T03:58:58.984726+00:00
O004241,2026-02-17,C00004,P011,5,545.99,2729.95,sales.csv,2026-09-29T03:58:58.984726+00:00
O000318,2026-04-27,C00259,P039,7,130.99,916.93,sales.csv,2026-09-29T03:58:58.984726+00:00
O002132,2026-05-06,C00375,P027,3,190.19,570.57,sales.csv,2026-09-29T03:58:58.984726+00:00
O002930,2026-02-22,C00382,P006,4,496.16,1984.64,sales.csv,2026-09-29T03:58:58.984726+00:00
O005725,2026-03-22,C00179,P008,4,949.31,3797.24,sales.csv,2026-09-29T03:58:58.984726+00:00
O005999,2026-01-01,C00167,P002,2,998.52,1997.04,sales.csv,2026-09-29T03:58:58.984726+00:00
O003080,2026-06-19,C00165,P017,3,582.70,1748.10,sales.csv,2026-09-29T03:58:58.984726+00:00
O008862,2026-01-31,C00324,P010,6,318.52,1911.12,sales.csv,2026-09-29T03:58:58.984726+00:00
O001900,2026-03-21,C00304,P006,2,400.65,801.30,sales.csv,2026-09-29T03:58:58.984726+00:00
O003654,2026-04-14,C00161,P040,8,839.17,6713.36,sales.csv,2026-09-29T03:58:58.984726+00:00
O000446,2026-03-25,C00339,P019,5,585.47,2927.35,sales.csv,2026-09-29T03:58:58.984726+00:00
O008524,2026-04-30,C00299,P034,4,162.49,649.96,sales.csv,2026-09-29T03:58:58.984726+00:00
O000472,2026-04-16,C00394,P027,10,97.66,976.60,sales.csv,2026-09-29T03:58:58.984726+00:00
O000281,2026-03-07,C00468,P031,5,979.53,4897.65,sales.csv,2026-09-29T03:58:58.984726+00:00
O009117,2026-06-13,C00165,P013,6,154.03,924.18,sales.csv,2026-09-29T03:58:58.984726+00:00
O005703,2026-06-05,C00465,P029,2,606.71,1213.42,sales.csv,2026-09-29T03:58:58.984726+00:00
O005519,2026-02-16,C00022,P028,7,100.61,704.27,sales.csv,2026-09-29T03:58:58.984726+00:00
O005866,2026-05-03,C00133,P025,4,54.25,217.00,sales.csv,2026-09-29T03:58:58.984726+00:00
O008128,2026-06-10,C00292,P024,2,841.88,1683.76,sales.csv,2026-09-29T03:58:58.984726+00:00
O002162,2026-03-29,C00224,P012,7,32.53,227.71,sales.csv,2026-09-29T03:58:58.984726+00:00
O005891,2026-06-08,C00049,P050,9,183.83,1654.47,sales.csv,2026-09-29T03:58:58.984726+00:00
O005304,2026-02-02,C00034,P020,3,420.15,1260.45,sales.csv,2026-09-29T03:58:58.984726+00:00
O009002,2026-01-30,C00416,P022,1,990.01,990.01,sales.csv,2026-09-29T03:58:58.984726+00:00
O006054,2026-03-15,C00138,P036,7,757.44,5302.08,sales.csv,2026-09-29T03:58:58.984726+00:00
O005763,2026-05-11,C00233,P049,5,420.30,2101.50,sales.csv,2026-09-29T03:58:58.984726+00:00
O008453,2026-02-02,C00126,P018,8,639.71,5117.68,sales.csv,2026-09-29T03:58:58.984726+00:00
O001720,2026-04-16,C00446,P013,7,290.22,2031.54,sales.csv,2026-09-29T03:58:58.984726+00:00
O005055,2026-01-19,C00187,P002,6,776.10,4656.60,sales.csv,2026-09-29T03:58:58.984726+00:00
O005895,2026-05-25,C00010,P019,7,150.97,1056.79,sales.csv,2026-09-29T03:58:58.984726+00:00
O007841,2026-01-18,C00073,P033,9,512.62,4613.58,sales.csv,2026-09-29T03:58:58.984726+00:00
O004286,2026-02-12,C00098,P040,8,769.54,6156.32,sales.csv,2026-09-29T03:58:58.984726+00:00
O003656,2026-05-05,C00180,P022,8,474.77,3798.16,sales.csv,2026-09-29T03:58:58.984726+00:00
O001966,2026-05-13,C00366,P050,3,779.58,2338.74,sales.csv,2026-09-29T03:58:58.984726+00:00
O000059,2026-04-19,C00094,P018,8,328.42,2627.36,sales.csv,2026-09-29T03:58:58.984726+00:00
O002176,2026-05-23,C00334,P009,5,745.81,3729.05,sales.csv,2026-09-29T03:58:58.984726+00:00
O006984,2026-06-23,C00144,P045,8,84.87,678.96,sales.csv,2026-09-29T03:58:58.984726+00:00
O003583,2026-01-09,C00383,P025,1,260.38,260.38,sales.csv,2026-09-29T03:58:58.984726+00:00
O005294,2026-06-23,C00013,P045,9,539.60,4856.40,sales.csv,2026-09-29T03:58:58.984726+00:00
O001290,2026-03-14,C00182,P021,9,639.96,5759.64,sales.csv,2026-09-29T03:58:58.984726+00:00
O009197,2026-02-21,C00312,P039,1,891.73,891.73,sales.csv,2026-09-29T03:58:58.984726+00:00
O006300,2026-01-16,C00128,P040,7,851.69,5961.83,sales.csv,2026-09-29T03:58:58.984726+00:00
O004281,2026-01-05,C00467,P040,2,84.14,168.28,sales.csv,2026-09-29T03:58:58.984726+00:00
O005161,2026-05-20,C00199,P046,8,626.86,5014.88,sales.csv,2026-09-29T03:58:58.984726+00:00
O007404,2026-06-25,C00075,P038,2,108.42,216.84,sales.csv,2026-09-29T03:58:58.984726+00:00
O003373,2026-02-19,C00293,P017,5,807.85,4039.25,sales.csv,2026-09-29T03:58:58.984726+00:00
O007289,2026-03-22,C00387,P044,4,903.61,3614.44,sales.csv,2026-09-29T03:58:58.984726+00:00
O009474,2026-01-02,C00004,P023,7,721.71,5051.97,sales.csv,2026-09-29T03:58:58.984726+00:00
O008797,2026-03-29,C00174,P046,5,497.87,2489.35,sales.csv,2026-09-29T03:58:58.984726+00:00
O002948,2026-06-23,C00327,P025,7,524.12,3668.84,sales.csv,2026-09-29T03:58:58.984726+00:00
O000413,2026-02-27,C00015,P021,2,937.77,1875.54,sales.csv,2026-09-29T03:58:58.984726+00:00
O006178,2026-04-19,C00338,P010,4,883.50,3534.00,sales.csv,2026-09-29T03:58:58.984726+00:00
O005522,2026-01-25,C00100,P014,2,293.33,586.66,sales.csv,2026-09-29T03:58:58.984726+00:00
O004162,2026-02-28,C00463,P029,5,639.02,3195.10,sales.csv,2026-09-29T03:58:58.984726+00:00
O006571,2026-01-06,C00491,P016,7,255.26,1786.82,sales.csv,2026-09-29T03:58:58.984726+00:00
O000348,2026-06-23,C00304,P032,9,875.42,7878.78,sales.csv,2026-09-29T03:58:58.984726+00:00
O002177,2026-04-15,C00229,P006,9,267.67,2409.03,sales.csv,2026-09-29T03:58:58.984726+00:00
O000763,2026-05-17,C00204,P014,7,278.67,1950.69,sales.csv,2026-09-29T03:58:58.984726+00:00
O001360,2026-03-09,C00278,P024,8,1.94,15.52,sales.csv,2026-09-29T03:58:58.984726+00:00
O005395,2026-04-30,C00369,P001,3,483.35,1450.05,sales.csv,2026-09-29T03:58:58.984726+00:00
O003164,2026-01-23,C00487,P034,4,5.19,20.76,sales.csv,2026-09-29T03:58:58.984726+00:00
O001871,2026-04-19,C00372,P032,5,936.19,4680.95,sales.csv,2026-09-29T03:58:58.984726+00:00
O003880,2026-02-10,C00156,P036,5,299.50,1497.50,sales.csv,2026-09-29T03:58:58.984726+00:00
O001230,2026-01-17,C00135,P015,6,105.90,635.40,sales.csv,2026-09-29T03:58:58.984726+00:00
O000937,2026-04-10,C00285,P026,9,428.46,3856.14,sales.csv,2026-09-29T03:58:58.984726+00:00
O003904,2026-04-02,C00423,P040,8,737.46,5899.68,sales.csv,2026-09-29T03:58:58.984726+00:00
O002421,2026-06-30,C00301,P006,9,248.49,2236.41,sales.csv,2026-09-29T03:58:58.984726+00:00
O004068,2026-04-29,C00333,P022,5,702.61,3513.05,sales.csv,2026-09-29T03:58:58.984726+00:00
O007537,2026-05-18,C00301,P011,6,585.19,3511.14,sales.csv,2026-09-29T03:58:58.984726+00:00
O001254,2026-01-03,C00359,P017,4,377.55,1510.20,sales.csv,2026-09-29T03:58:58.984726+00:00
O009182,2026-03-06,C00321,P034,2,110.00,220.00,sales.csv,2026-09-29T03:58:58.984726+00:00
O001701,2026-04-17,C00356,P050,8,908.48,7267.84,sales.csv,2026-09-29T03:58:58.984726+00:00
O004247,2026-01-01,C00054,P031,9,265.38,2388.42,sales.csv,2026-09-29T03:58:58.984726+00:00
O008174,2026-02-25,C00297,P009,8,692.01,5536.08,sales.csv,2026-09-29T03:58:58.984726+00:00
O006675,2026-04-21,C00112,P009,10,419.51,4195.10,sales.csv,2026-09-29T03:58:58.984726+00:00
O000995,2026-02-06,C00162,P046,3,106.92,320.76,sales.csv,2026-09-29T03:58:58.984726+00:00
O007798,2026-01-05,C00428,P050,10,451.90,4519.00,sales.csv,2026-09-29T03:58:58.984726+00:00
O008466,2026-03-02,C00336,P046,1,478.99,478.99,sales.csv,2026-09-29T03:58:58.984726+00:00
O003931,2026-02-10,C00060,P049,5,299.05,1495.25,sales.csv,2026-09-29T03:58:58.984726+00:00
O009077,2026-02-05,C00394,P047,9,524.00,4716.00,sales.csv,2026-09-29T03:58:58.984726+00:00
O001052,2026-05-23,C00457,P040,1,16.26,16.26,sales.csv,2026-09-29T03:58:58.984726+00:00
O005297,2026-04-21,C00205,P044,6,534.11,3204.66,sales.csv,2026-09-29T03:58:58.984726+00:00
O004345,2026-02-06,C00146,P018,3,559.56,1678.68,sales.csv,2026-09-29T03:58:58.984726+00:00
O007619,2026-05-18,C00469,P048,7,543.13,3801.91,sales.csv,2026-09-29T03:58:58.984726+00:00
O003022,2026-05-19,C00170,P002,4,380.97,1523.88,sales.csv,2026-09-29T03:58:58.984726+00:00
O005672,2026-05-10,C00274,P012,9,90.54,814.86,sales.csv,2026-09-29T03:58:58.984726+00:00
O002115,2026-03-03,C00427,P050,5,953.25,4766.25,sales.csv,2026-09-29T03:58:58.984726+00:00
O009377,2026-02-21,C00041,P031,2,486.69,973.38,sales.csv,2026-09-29T03:58:58.984726+00:00
O006871,2026-02-13,C00128,P042,3,156.93,470.79,sales.csv,2026-09-29T03:58:58.984726+00:00
O001736,2026-04-19,C00272,P026,8,914.11,7312.88,sales.csv,2026-09-29T03:58:58.984726+00:00
O003092,2026-04-01,C00277,P046,1,788.19,788.19,sales.csv,2026-09-29T03:58:58.984726+00:00
O006924,2026-01-22,C00329,P033,9,800.85,7207.65,sales.csv,2026-09-29T03:58:58.984726+00:00
O007840,2026-05-01,C00415,P038,5,928.38,4641.90,sales.csv,2026-09-29T03:58:58.984726+00:00
O002488,2026-04-19,C00348,P031,6,994.15,5964.90,sales.csv,2026-09-29T03:58:58.984726+00:00
O003702,2026-05-08,C00047,P012,5,527.15,2635.75,sales.csv,2026-09-29T03:58:58.984726+00:00
O005528,2026-04-06,C00276,P010,7,713.29,4993.03,sales.csv,2026-09-29T03:58:58.984726+00:00
O009019,2026-04-02,C00173,P008,10,125.37,1253.70,sales.csv,2026-09-29T03:58:58.984726+00:00
O004705,2026-06-12,C00218,P036,3,894.90,2684.70,sales.csv,2026-09-29T03:58:58.984726+00:00
O004615,2026-05-19,C00074,P006,3,237.51,712.53,sales.csv,2026-09-29T03:58:58.984726+00:00
O009106,2026-06-09,C00482,P037,9,106.91,962.19,sales.csv,2026-09-29T03:58:58.984726+00:00
O005131,2026-06-30,C00483,P029,7,71.75,502.25,sales.csv,2026-09-29T03:58:58.984726+00:00
O001133,2026-01-19,C00295,P015,5,535.29,2676.45,sales.csv,2026-09-29T03:58:58.984726+00:00
O001313,2026-04-24,C00158,P024,7,341.53,2390.71,sales.csv,2026-09-29T03:58:58.984726+00:00
O001152,2026-02-20,C00372,P038,8,434.65,3477.20,sales.csv,2026-09-29T03:58:58.984726+00:00
O006255,2026-06-25,C00489,P043,4,115.16,460.64,sales.csv,2026-09-29T03:58:58.984726+00:00
O006108,2026-03-04,C00496,P032,7,260.63,1824.41,sales.csv,2026-09-29T03:58:58.984726+00:00
O001586,2026-02-05,C00455,P038,1,993.31,993.31,sales.csv,2026-09-29T03:58:58.984726+00:00
O000750,2026-02-22,C00413,P004,10,460.82,4608.20,sales.csv,2026-09-29T03:58:58.984726+00:00
O009436,2026-01-23,C00351,P033,7,581.74,4072.18,sales.csv,2026-09-29T03:58:58.984726+00:00
O003626,2026-06-27,C00444,P032,5,295.43,1477.15,sales.csv,2026-09-29T03:58:58.984726+00:00
O008701,2026-06-16,C00161,P007,2,800.87,1601.74,sales.csv,2026-09-29T03:58:58.984726+00:00
O009024,2026-03-21,C00313,P010,10,268.39,2683.90,sales.csv,2026-09-29T03:58:58.984726+00:00
O007364,2026-04-01,C00067,P006,5,916.86,4584.30,sales.csv,2026-09-29T03:58:58.984726+00:00
O005607,2026-01-03,C00168,P011,2,42.15,84.30,sales.csv,2026-09-29T03:58:58.984726+00:00
O004085,2026-06-15,C00415,P032,6,322.95,1937.70,sales.csv,2026-09-29T03:58:58.984726+00:00
O009219,2026-02-20,C00081,P050,8,612.98,4903.84,sales.csv,2026-09-29T03:58:58.984726+00:00
O004689,2026-05-23,C00415,P050,7,546.36,3824.52,sales.csv,2026-09-29T03:58:58.984726+00:00
O005432,2026-06-28,C00168,P026,7,291.04,2037.28,sales.csv,2026-09-29T03:58:58.984726+00:00
O000725,2026-05-31,C00059,P023,6,601.12,3606.72,sales.csv,2026-09-29T03:58:58.984726+00:00
O008028,2026-03-29,C00441,P020,10,607.12,6071.20,sales.csv,2026-09-29T03:58:58.984726+00:00
O007111,2026-02-26,C00131,P021,2,837.20,1674.40,sales.csv,2026-09-29T03:58:58.984726+00:00
O007403,2026-01-17,C00023,P017,1,495.29,495.29,sales.csv,2026-09-29T03:58:58.984726+00:00
O005344,2026-05-24,C00487,P020,2,857.16,1714.32,sales.csv,2026-09-29T03:58:58.984726+00:00
O006369,2026-01-17,C00473,P001,8,543.03,4344.24,sales.csv,2026-09-29T03:58:58.984726+00:00
O002494,2026-06-28,C00248,P019,3,275.94,827.82,sales.csv,2026-09-29T03:58:58.984726+00:00
O008429,2026-03-08,C00128,P022,10,855.92,8559.20,sales.csv,2026-09-29T03:58:58.984726+00:00
O004904,2026-04-12,C00246,P010,9,584.49,5260.41,sales.csv,2026-09-29T03:58:58.984726+00:00
O008756,2026-05-27,C00314,P025,4,80.20,320.80,sales.csv,2026-09-29T03:58:58.984726+00:00
O006254,2026-01-08,C00106,P046,10,702.97,7029.70,sales.csv,2026-09-29T03:58:58.984726+00:00
O002360,2026-03-05,C00192,P016,4,120.78,483.12,sales.csv,2026-09-29T03:58:58.984726+00:00
O007921,2026-04-18,C00384,P047,8,437.90,3503.20,sales.csv,2026-09-29T03:58:58.984726+00:00
O004845,2026-01-01,C00162,P016,2,416.06,832.12,sales.csv,2026-09-29T03:58:58.984726+00:00
O002259,2026-04-03,C00006,P005,6,40.34,242.04,sales.csv,2026-09-29T03:58:58.984726+00:00
O008990,2026-04-11,C00411,P039,3,348.62,1045.86,sales.csv,2026-09-29T03:58:58.984726+00:00
O005627,2026-01-31,C00272,P031,3,544.22,1632.66,sales.csv,2026-09-29T03:58:58.984726+00:00
O002770,2026-05-04,C00244,P035,3,914.16,2742.48,sales.csv,2026-09-29T03:58:58.984726+00:00
O000255,2026-01-10,C00317,P005,4,828.27,3313.08,sales.csv,2026-09-29T03:58:58.984726+00:00
O006347,2026-06-16,C00439,P024,7,700.85,4905.95,sales.csv,2026-09-29T03:58:58.984726+00:00
O000975,2026-03-12,C00328,P021,5,343.29,1716.45,sales.csv,2026-09-29T03:58:58.984726+00:00
O007405,2026-05-20,C00232,P011,3,674.13,2022.39,sales.csv,2026-09-29T03:58:58.984726+00:00
O001018,2026-04-24,C00195,P008,9,332.26,2990.34,sales.csv,2026-09-29T03:58:58.984726+00:00
O003081,2026-04-29,C00009,P029,1,612.37,612.37,sales.csv,2026-09-29T03:58:58.984726+00:00
O005336,2026-05-25,C00079,P046,3,235.14,705.42,sales.csv,2026-09-29T03:58:58.984726+00:00
O008006,2026-01-25,C00187,P003,2,742.20,1484.40,sales.csv,2026-09-29T03:58:58.984726+00:00
O005020,2026-02-14,C00265,P033,1,933.82,933.82,sales.csv,2026-09-29T03:58:58.984726+00:00
O000729,2026-04-06,C00356,P010,9,510.16,4591.44,sales.csv,2026-09-29T03:58:58.984726+00:00
O004630,2026-03-28,C00434,P048,10,672.35,6723.50,sales.csv,2026-09-29T03:58:58.984726+00:00
O008364,2026-01-17,C00483,P002,7,131.53,920.71,sales.csv,2026-09-29T03:58:58.984726+00:00
O003785,2026-02-14,C00494,P025,5,211.13,1055.65,sales.csv,2026-09-29T03:58:58.984726+00:00
O007119,2026-04-27,C00471,P048,2,159.42,318.84,sales.csv,2026-09-29T03:58:58.984726+00:00
O006024,2026-05-16,C00207,P010,8,244.71,1957.68,sales.csv,2026-09-29T03:58:58.984726+00:00
O009296,2026-05-12,C00030,P040,1,248.91,248.91,sales.csv,2026-09-29T03:58:58.984726+00:00
O008646,2026-01-02,C00259,P031,8,736.36,5890.88,sales.csv,2026-09-29T03:58:58.984726+00:00
O004999,2026-03-30,C00089,P018,5,334.43,1672.15,sales.csv,2026-09-29T03:58:58.984726+00:00
O006947,2026-02-11,C00328,P040,7,388.65,2720.55,sales.csv,2026-09-29T03:58:58.984726+00:00
O000244,2026-04-07,C00234,P021,4,915.22,3660.88,sales.csv,2026-09-29T03:58:58.984726+00:00
O004951,2026-03-20,C00394,P021,4,253.03,1012.12,sales.csv,2026-09-29T03:58:58.984726+00:00
O003259,2026-02-24,C00490,P011,5,933.37,4666.85,sales.csv,2026-09-29T03:58:58.984726+00:00
O000029,2026-05-07,C00047,P049,1,144.71,144.71,sales.csv,2026-09-29T03:58:58.984726+00:00
O006375,2026-03-07,C00019,P039,2,732.83,1465.66,sales.csv,2026-09-29T03:58:58.984726+00:00
O004880,2026-05-11,C00457,P032,10,355.43,3554.30,sales.csv,2026-09-29T03:58:58.984726+00:00
O000893,2026-05-31,C00418,P012,7,403.15,2822.05,sales.csv,2026-09-29T03:58:58.984726+00:00
O000364,2026-05-11,C00100,P050,6,461.19,2767.14,sales.csv,2026-09-29T03:58:58.984726+00:00
O004591,2026-05-20,C00294,P023,7,159.94,1119.58,sales.csv,2026-09-29T03:58:58.984726+00:00
O001464,2026-06-16,C00192,P012,7,645.14,4515.98,sales.csv,2026-09-29T03:58:58.984726+00:00
O008111,2026-05-15,C00257,P036,2,706.09,1412.18,sales.csv,2026-09-29T03:58:58.984726+00:00
O007815,2026-01-11,C00389,P007,8,983.65,7869.20,sales.csv,2026-09-29T03:58:58.984726+00:00
O001060,2026-06-17,C00010,P007,7,541.46,3790.22,sales.csv,2026-09-29T03:58:58.984726+00:00
O005362,2026-02-04,C00374,P043,2,197.17,394.34,sales.csv,2026-09-29T03:58:58.984726+00:00
O007976,2026-05-28,C00339,P009,9,619.62,5576.58,sales.csv,2026-09-29T03:58:58.984726+00:00
O008743,2026-01-10,C00165,P002,2,314.49,628.98,sales.csv,2026-09-29T03:58:58.984726+00:00
O002491,2026-05-21,C00202,P007,3,424.91,1274.73,sales.csv,2026-09-29T03:58:58.984726+00:00
O008437,2026-06-23,C00020,P032,4,75.43,301.72,sales.csv,2026-09-29T03:58:58.984726+00:00
O005684,2026-02-23,C00417,P026,3,771.25,2313.75,sales.csv,2026-09-29T03:58:58.984726+00:00
O003970,2026-01-06,C00360,P037,8,83.94,671.52,sales.csv,2026-09-29T03:58:58.984726+00:00
O004310,2026-05-22,C00337,P020,2,530.07,1060.14,sales.csv,2026-09-29T03:58:58.984726+00:00
O001753,2026-03-27,C00123,P035,2,851.70,1703.40,sales.csv,2026-09-29T03:58:58.984726+00:00
O006370,2026-03-24,C00040,P050,10,94.44,944.40,sales.csv,2026-09-29T03:58:58.984726+00:00
O007386,2026-04-11,C00454,P025,3,648.80,1946.40,sales.csv,2026-09-29T03:58:58.984726+00:00
O000558,2026-03-28,C00405,P019,10,884.95,8849.50,sales.csv,2026-09-29T03:58:58.984726+00:00
O006021,2026-06-30,C00236,P043,3,503.42,1510.26,sales.csv,2026-09-29T03:58:58.984726+00:00
O009355,2026-01-16,C00364,P019,6,478.34,2870.04,sales.csv,2026-09-29T03:58:58.984726+00:00
O006810,2026-01-20,C00213,P007,6,295.39,1772.34,sales.csv,2026-09-29T03:58:58.984726+00:00
O008421,2026-03-02,C00255,P038,5,807.71,4038.55,sales.csv,2026-09-29T03:58:58.984726+00:00
O003742,2026-01-12,C00473,P025,4,904.59,3618.36,sales.csv,2026-09-29T03:58:58.984726+00:00
O003294,2026-02-03,C00159,P004,7,926.25,6483.75,sales.csv,2026-09-29T03:58:58.984726+00:00
O001863,2026-03-21,C00352,P029,4,727.02,2908.08,sales.csv,2026-09-29T03:58:58.984726+00:00
O009230,2026-03-12,C00140,P032,1,221.48,221.48,sales.csv,2026-09-29T03:58:58.984726+00:00
O000178,2026-06-02,C00360,P018,9,14.30,128.70,sales.csv,2026-09-29T03:58:58.984726+00:00
O006301,2026-04-25,C00001,P009,5,318.56,1592.80,sales.csv,2026-09-29T03:58:58.984726+00:00
O003621,2026-03-01,C00339,P029,5,164.66,823.30,sales.csv,2026-09-29T03:58:58.984726+00:00
O008616,2026-03-05,C00028,P014,8,885.98,7087.84,sales.csv,2026-09-29T03:58:58.984726+00:00
O001734,2026-05-27,C00460,P001,7,58.96,412.72,sales.csv,2026-09-29T03:58:58.984726+00:00
O002883,2026-05-07,C00031,P014,1,879.83,879.83,sales.csv,2026-09-29T03:58:58.984726+00:00
O000835,2026-04-18,C00252,P004,3,933.77,2801.31,sales.csv,2026-09-29T03:58:58.984726+00:00
O001249,2026-03-04,C00388,P022,8,894.37,7154.96,sales.csv,2026-09-29T03:58:58.984726+00:00
O007462,2026-06-18,C00116,P046,5,15.68,78.40,sales.csv,2026-09-29T03:58:58.984726+00:00
O006405,2026-03-12,C00284,P022,9,62.66,563.94,sales.csv,2026-09-29T03:58:58.984726+00:00
O000461,2026-04-25,C00110,P040,5,910.61,4553.05,sales.csv,2026-09-29T03:58:58.984726+00:00
O000718,2026-06-07,C00453,P013,8,777.21,6217.68,sales.csv,2026-09-29T03:58:58.984726+00:00
O006526,2026-03-22,C00008,P019,10,921.38,9213.80,sales.csv,2026-09-29T03:58:58.984726+00:00
O004915,2026-02-07,C00135,P008,10,128.61,1286.10,sales.csv,2026-09-29T03:58:58.984726+00:00
O004429,2026-05-03,C00148,P032,9,101.40,912.60,sales.csv,2026-09-29T03:58:58.984726+00:00
O006446,2026-02-24,C00146,P019,6,522.84,3137.04,sales.csv,2026-09-29T03:58:58.984726+00:00
O008651,2026-03-29,C00457,P028,3,253.80,761.40,sales.csv,2026-09-29T03:58:58.984726+00:00
O006026,2026-04-17,C00220,P017,3,14.48,43.44,sales.csv,2026-09-29T03:58:58.984726+00:00
O000490,2026-04-23,C00213,P031,8,268.41,2147.28,sales.csv,2026-09-29T03:58:58.984726+00:00
O006415,2026-04-10,C00382,P005,10,751.11,7511.10,sales.csv,2026-09-29T03:58:58.984726+00:00
O002863,2026-05-16,C00021,P022,1,92.03,92.03,sales.csv,2026-09-29T03:58:58.984726+00:00
O006023,2026-03-08,C00395,P049,7,899.17,6294.19,sales.csv,2026-09-29T03:58:58.984726+00:00
O007115,2026-04-30,C00419,P013,1,702.45,702.45,sales.csv,2026-09-29T03:58:58.984726+00:00
O001332,2026-05-08,C00191,P030,1,433.86,433.86,sales.csv,2026-09-29T03:58:58.984726+00:00
O007891,2026-02-05,C00400,P022,3,527.29,1581.87,sales.csv,2026-09-29T03:58:58.984726+00:00
O004642,2026-02-09,C00429,P009,6,677.48,4064.88,sales.csv,2026-09-29T03:58:58.984726+00:00
O001202,2026-01-18,C00118,P025,7,174.29,1220.03,sales.csv,2026-09-29T03:58:58.984726+00:00
O007794,2026-01-25,C00202,P035,6,851.26,5107.56,sales.csv,2026-09-29T03:58:58.984726+00:00
O004600,2026-05-08,C00342,P033,3,245.64,736.92,sales.csv,2026-09-29T03:58:58.984726+00:00
O003678,2026-01-25,C00470,P033,8,702.70,5621.60,sales.csv,2026-09-29T03:58:58.984726+00:00
O000583,2026-01-12,C00217,P023,2,710.31,1420.62,sales.csv,2026-09-29T03:58:58.984726+00:00
O003382,2026-01-17,C00314,P019,10,604.77,6047.70,sales.csv,2026-09-29T03:58:58.984726+00:00
O005289,2026-01-24,C00470,P036,5,418.24,2091.20,sales.csv,2026-09-29T03:58:58.984726+00:00
O008872,2026-01-28,C00394,P046,1,19.18,19.18,sales.csv,2026-09-29T03:58:58.984726+00:00
O003269,2026-01-09,C00332,P018,8,523.05,4184.40,sales.csv,2026-09-29T03:58:58.984726+00:00
O002102,2026-06-14,C00078,P037,1,828.86,828.86,sales.csv,2026-09-29T03:58:58.984726+00:00
O000345,2026-04-19,C00249,P039,8,543.87,4350.96,sales.csv,2026-09-29T03:58:58.984726+00:00
O007469,2026-01-26,C00333,P020,5,352.86,1764.30,sales.csv,2026-09-29T03:58:58.984726+00:00
O002368,2026-03-24,C00089,P001,7,858.20,6007.40,sales.csv,2026-09-29T03:58:58.984726+00:00
O008084,2026-06-28,C00027,P018,3,200.63,601.89,sales.csv,2026-09-29T03:58:58.984726+00:00
O006617,2026-02-04,C00236,P047,3,289.44,868.32,sales.csv,2026-09-29T03:58:58.984726+00:00
O005116,2026-02-26,C00368,P017,5,711.33,3556.65,sales.csv,2026-09-29T03:58:58.984726+00:00
O005154,2026-03-28,C00451,P040,10,229.40,2294.00,sales.csv,2026-09-29T03:58:58.984726+00:00
O000650,2026-01-15,C00327,P001,3,109.37,328.11,sales.csv,2026-09-29T03:58:58.984726+00:00
O004693,2026-05-07,C00362,P022,9,443.08,3987.72,sales.csv,2026-09-29T03:58:58.984726+00:00
O002397,2026-03-15,C00296,P029,4,357.33,1429.32,sales.csv,2026-09-29T03:58:58.984726+00:00
O007707,2026-05-16,C00384,P050,7,435.80,3050.60,sales.csv,2026-09-29T03:58:58.984726+00:00
O003056,2026-01-27,C00028,P023,7,925.71,6479.97,sales.csv,2026-09-29T03:58:58.984726+00:00
O006606,2026-05-21,C00193,P046,10,992.87,9928.70,sales.csv,2026-09-29T03:58:58.984726+00:00
O003090,2026-01-11,C00284,P046,4,80.70,322.80,sales.csv,2026-09-29T03:58:58.984726+00:00
O003072,2026-05-22,C00199,P047,5,701.92,3509.60,sales.csv,2026-09-29T03:58:58.984726+00:00
O003105,2026-02-27,C00290,P033,10,827.17,8271.70,sales.csv,2026-09-29T03:58:58.984726+00:00
O001569,2026-06-29,C00470,P043,6,426.67,2560.02,sales.csv,2026-09-29T03:58:58.984726+00:00
O001369,2026-01-26,C00017,P037,7,863.35,6043.45,sales.csv,2026-09-29T03:58:58.984726+00:00
O002212,2026-06-23,C00273,P040,5,893.18,4465.90,sales.csv,2026-09-29T03:58:58.984726+00:00
O008263,2026-03-09,C00202,P020,7,274.45,1921.15,sales.csv,2026-09-29T03:58:58.984726+00:00
O006427,2026-02-03,C00375,P034,2,849.00,1698.00,sales.csv,2026-09-29T03:58:58.984726+00:00
O006355,2026-01-19,C00337,P013,8,866.69,6933.52,sales.csv,2026-09-29T03:58:58.984726+00:00
O006176,2026-05-27,C00167,P015,8,228.36,1826.88,sales.csv,2026-09-29T03:58:58.984726+00:00
O002069,2026-06-28,C00224,P002,3,378.50,1135.50,sales.csv,2026-09-29T03:58:58.984726+00:00
O004174,2026-03-27,C00409,P040,8,455.72,3645.76,sales.csv,2026-09-29T03:58:58.984726+00:00
O001751,2026-04-04,C00090,P042,9,924.89,8324.01,sales.csv,2026-09-29T03:58:58.984726+00:00
O005711,2026-05-28,C00126,P040,8,707.17,5657.36,sales.csv,2026-09-29T03:58:58.984726+00:00
O008529,2026-06-07,C00285,P044,5,729.97,3649.85,sales.csv,2026-09-29T03:58:58.984726+00:00
O005332,2026-02-07,C00108,P014,3,186.64,559.92,sales.csv,2026-09-29T03:58:58.984726+00:00
O006854,2026-03-23,C00102,P005,7,81.45,570.15,sales.csv,2026-09-29T03:58:58.984726+00:00
O002919,2026-06-24,C00149,P015,9,660.48,5944.32,sales.csv,2026-09-29T03:58:58.984726+00:00
O002892,2026-04-29,C00449,P007,2,316.31,632.62,sales.csv,2026-09-29T03:58:58.984726+00:00
O008438,2026-04-24,C00334,P043,2,901.08,1802.16,sales.csv,2026-09-29T03:58:58.984726+00:00
O005757,2026-01-30,C00271,P049,10,302.35,3023.50,sales.csv,2026-09-29T03:58:58.984726+00:00
O006256,2026-06-22,C00395,P016,6,397.47,2384.82,sales.csv,2026-09-29T03:58:58.984726+00:00
O007044,2026-02-20,C00150,P032,8,722.03,5776.24,sales.csv,2026-09-29T03:58:58.984726+00:00
O001912,2026-04-13,C00412,P015,10,974.71,9747.10,sales.csv,2026-09-29T03:58:58.984726+00:00
O007837,2026-06-10,C00224,P024,9,202.02,1818.18,sales.csv,2026-09-29T03:58:58.984726+00:00
O002030,2026-02-17,C00223,P041,7,122.82,859.74,sales.csv,2026-09-29T03:58:58.984726+00:00
O008985,2026-04-01,C00023,P039,7,666.99,4668.93,sales.csv,2026-09-29T03:58:58.984726+00:00
O002411,2026-04-09,C00478,P037,3,255.57,766.71,sales.csv,2026-09-29T03:58:58.984726+00:00
O009108,2026-06-24,C00291,P025,3,408.28,1224.84,sales.csv,2026-09-29T03:58:58.984726+00:00
O007220,2026-04-03,C00397,P003,1,942.62,942.62,sales.csv,2026-09-29T03:58:58.984726+00:00
O001699,2026-02-10,C00009,P032,2,9.32,18.64,sales.csv,2026-09-29T03:58:58.984726+00:00
O002521,2026-02-13,C00217,P043,1,326.50,326.50,sales.csv,2026-09-29T03:58:58.984726+00:00
O006705,2026-05-23,C00457,P013,7,495.28,3466.96,sales.csv,2026-09-29T03:58:58.984726+00:00
O000724,2026-03-22,C00306,P025,10,515.51,5155.10,sales.csv,2026-09-29T03:58:58.984726+00:00
O001147,2026-03-30,C00109,P027,9,187.71,1689.39,sales.csv,2026-09-29T03:58:58.984726+00:00
O004258,2026-03-09,C00003,P034,4,54.14,216.56,sales.csv,2026-09-29T03:58:58.984726+00:00
O008090,2026-01-24,C00433,P016,6,28.94,173.64,sales.csv,2026-09-29T03:58:58.984726+00:00
O002542,2026-02-26,C00194,P007,2,231.33,462.66,sales.csv,2026-09-29T03:58:58.984726+00:00
O005215,2026-01-29,C00034,P027,6,757.64,4545.84,sales.csv,2026-09-29T03:58:58.984726+00:00
O008129,2026-03-07,C00178,P019,10,720.09,7200.90,sales.csv,2026-09-29T03:58:58.984726+00:00
O009268,2026-06-12,C00241,P013,9,258.31,2324.79,sales.csv,2026-09-29T03:58:58.984726+00:00
O007214,2026-04-23,C00056,P050,7,433.09,3031.63,sales.csv,2026-09-29T03:58:58.984726+00:00
O001574,2026-01-28,C00167,P036,2,396.99,793.98,sales.csv,2026-09-29T03:58:58.984726+00:00
O000409,2026-02-11,C00140,P029,9,194.13,1747.17,sales.csv,2026-09-29T03:58:58.984726+00:00
O004643,2026-05-28,C00101,P032,1,844.19,844.19,sales.csv,2026-09-29T03:58:58.984726+00:00
O002209,2026-05-31,C00066,P048,2,168.02,336.04,sales.csv,2026-09-29T03:58:58.984726+00:00
O009032,2026-01-19,C00480,P031,8,477.07,3816.56,sales.csv,2026-09-29T03:58:58.984726+00:00
O008716,2026-01-16,C00363,P002,5,628.11,3140.55,sales.csv,2026-09-29T03:58:58.984726+00:00
O004795,2026-03-12,C00098,P028,6,721.49,4328.94,sales.csv,2026-09-29T03:58:58.984726+00:00
O008076,2026-02-15,C00079,P019,8,333.26,2666.08,sales.csv,2026-09-29T03:58:58.984726+00:00
O007560,2026-05-03,C00366,P048,1,588.84,588.84,sales.csv,2026-09-29T03:58:58.984726+00:00
O007045,2026-06-26,C00479,P045,1,377.01,377.01,sales.csv,2026-09-29T03:58:58.984726+00:00
O006687,2026-04-10,C00013,P030,4,394.07,1576.28,sales.csv,2026-09-29T03:58:58.984726+00:00
O002768,2026-01-24,C00459,P028,6,988.20,5929.20,sales.csv,2026-09-29T03:58:58.984726+00:00
O000285,2026-05-18,C00064,P030,6,882.88,5297.28,sales.csv,2026-09-29T03:58:58.984726+00:00
O006366,2026-04-25,C00147,P036,10,1.11,11.10,sales.csv,2026-09-29T03:58:58.984726+00:00
O007275,2026-06-25,C00352,P044,4,294.33,1177.32,sales.csv,2026-09-29T03:58:58.984726+00:00
O003980,2026-04-05,C00234,P031,9,215.82,1942.38,sales.csv,2026-09-29T03:58:58.984726+00:00
O004361,2026-02-17,C00056,P047,5,945.87,4729.35,sales.csv,2026-09-29T03:58:58.984726+00:00
O004186,2026-01-01,C00034,P011,1,349.00,349.00,sales.csv,2026-09-29T03:58:58.984726+00:00
O006084,2026-01-01,C00215,P048,8,477.29,3818.32,sales.csv,2026-09-29T03:58:58.984726+00:00
O007901,2026-01-07,C00449,P011,2,399.79,799.58,sales.csv,2026-09-29T03:58:58.984726+00:00
O008185,2026-01-19,C00429,P008,9,42.37,381.33,sales.csv,2026-09-29T03:58:58.984726+00:00
O003576,2026-02-26,C00264,P009,3,296.63,889.89,sales.csv,2026-09-29T03:58:58.984726+00:00
O008327,2026-01-17,C00246,P044,4,514.16,2056.64,sales.csv,2026-09-29T03:58:58.984726+00:00
O007387,2026-04-19,C00105,P047,4,2.11,8.44,sales.csv,2026-09-29T03:58:58.984726+00:00
O006946,2026-05-03,C00371,P026,10,805.49,8054.90,sales.csv,2026-09-29T03:58:58.984726+00:00
O008496,2026-03-15,C00318,P036,6,644.55,3867.30,sales.csv,2026-09-29T03:58:58.984726+00:00
O000311,2026-05-09,C00114,P040,1,954.21,954.21,sales.csv,2026-09-29T03:58:58.984726+00:00
O003454,2026-04-28,C00292,P041,1,979.13,979.13,sales.csv,2026-09-29T03:58:58.984726+00:00
O000618,2026-05-31,C00371,P043,9,285.44,2568.96,sales.csv,2026-09-29T03:58:58.984726+00:00
O002957,2026-06-25,C00365,P023,8,465.24,3721.92,sales.csv,2026-09-29T03:58:58.984726+00:00
O007749,2026-04-11,C00021,P040,7,636.11,4452.77,sales.csv,2026-09-29T03:58:58.984726+00:00
O001061,2026-01-10,C00286,P036,1,120.13,120.13,sales.csv,2026-09-29T03:58:58.984726+00:00
O000561,2026-01-25,C00095,P009,8,425.15,3401.20,sales.csv,2026-09-29T03:58:58.984726+00:00
O009156,2026-04-23,C00008,P019,8,271.97,2175.76,sales.csv,2026-09-29T03:58:58.984726+00:00
O005722,2026-02-01,C00063,P037,4,767.10,3068.40,sales.csv,2026-09-29T03:58:58.984726+00:00
O006377,2026-05-20,C00380,P006,2,421.68,843.36,sales.csv,2026-09-29T03:58:58.984726+00:00
O001356,2026-03-17,C00278,P045,8,249.74,1997.92,sales.csv,2026-09-29T03:58:58.984726+00:00
O001090,2026-06-20,C00364,P027,9,375.77,3381.93,sales.csv,2026-09-29T03:58:58.984726+00:00
O004052,2026-05-03,C00411,P014,4,871.36,3485.44,sales.csv,2026-09-29T03:58:58.984726+00:00
O009341,2026-01-08,C00262,P037,3,858.74,2576.22,sales.csv,2026-09-29T03:58:58.984726+00:00
O003898,2026-01-25,C00197,P049,3,818.37,2455.11,sales.csv,2026-09-29T03:58:58.984726+00:00
O007650,2026-04-27,C00209,P048,7,312.13,2184.91,sales.csv,2026-09-29T03:58:58.984726+00:00
O006496,2026-01-15,C00469,P029,6,573.02,3438.12,sales.csv,2026-09-29T03:58:58.984726+00:00
O007706,2026-05-11,C00389,P034,7,822.54,5757.78,sales.csv,2026-09-29T03:58:58.984726+00:00
O009198,2026-05-06,C00435,P026,2,477.21,954.42,sales.csv,2026-09-29T03:58:58.984726+00:00
O006607,2026-03-13,C00085,P030,7,630.88,4416.16,sales.csv,2026-09-29T03:58:58.984726+00:00
O005439,2026-03-01,C00340,P029,10,545.84,5458.40,sales.csv,2026-09-29T03:58:58.984726+00:00
O007105,2026-05-24,C00023,P005,6,708.03,4248.18,sales.csv,2026-09-29T03:58:58.984726+00:00
O001135,2026-03-22,C00009,P025,2,702.01,1404.02,sales.csv,2026-09-29T03:58:58.984726+00:00
O001803,2026-02-11,C00413,P047,7,955.99,6691.93,sales.csv,2026-09-29T03:58:58.984726+00:00
O005635,2026-01-10,C00194,P010,3,154.13,462.39,sales.csv,2026-09-29T03:58:58.984726+00:00
O003914,2026-06-10,C00196,P036,3,779.36,2338.08,sales.csv,2026-09-29T03:58:58.984726+00:00
O001691,2026-02-26,C00033,P013,7,443.16,3102.12,sales.csv,2026-09-29T03:58:58.984726+00:00
O006491,2026-03-13,C00151,P009,4,390.18,1560.72,sales.csv,2026-09-29T03:58:58.984726+00:00
O001504,2026-06-19,C00355,P045,10,751.10,7511.00,sales.csv,2026-09-29T03:58:58.984726+00:00
O001033,2026-04-29,C00026,P007,3,52.70,158.10,sales.csv,2026-09-29T03:58:58.984726+00:00
O003200,2026-01-04,C00381,P035,10,200.02,2000.20,sales.csv,2026-09-29T03:58:58.984726+00:00
O006681,2026-02-23,C00364,P003,3,741.47,2224.41,sales.csv,2026-09-29T03:58:58.984726+00:00
O007614,2026-02-12,C00134,P030,5,397.42,1987.10,sales.csv,2026-09-29T03:58:58.984726+00:00
O003165,2026-04-22,C00035,P032,9,802.13,7219.17,sales.csv,2026-09-29T03:58:58.984726+00:00
O005601,2026-04-16,C00237,P016,5,601.74,3008.70,sales.csv,2026-09-29T03:58:58.984726+00:00
O002068,2026-01-30,C00254,P040,6,588.62,3531.72,sales.csv,2026-09-29T03:58:58.984726+00:00
O000313,2026-01-08,C00032,P031,7,559.72,3918.04,sales.csv,2026-09-29T03:58:58.984726+00:00
O002017,2026-01-02,C00169,P003,10,594.88,5948.80,sales.csv,2026-09-29T03:58:58.984726+00:00
O006623,2026-06-13,C00230,P004,9,368.74,3318.66,sales.csv,2026-09-29T03:58:58.984726+00:00
O001386,2026-03-25,C00433,P024,7,831.00,5817.00,sales.csv,2026-09-29T03:58:58.984726+00:00
O007834,2026-04-24,C00394,P005,5,682.78,3413.90,sales.csv,2026-09-29T03:58:58.984726+00:00
O005118,2026-03-23,C00410,P015,7,827.56,5792.92,sales.csv,2026-09-29T03:58:58.984726+00:00
O006316,2026-05-15,C00199,P012,3,539.35,1618.05,sales.csv,2026-09-29T03:58:58.984726+00:00
O006965,2026-04-11,C00095,P045,10,787.55,7875.50,sales.csv,2026-09-29T03:58:58.984726+00:00
O004166,2026-04-06,C00028,P023,8,507.66,4061.28,sales.csv,2026-09-29T03:58:58.984726+00:00
O001721,2026-01-19,C00242,P038,8,72.22,577.76,sales.csv,2026-09-29T03:58:58.984726+00:00
O003714,2026-02-08,C00417,P029,1,816.37,816.37,sales.csv,2026-09-29T03:58:58.984726+00:00
O001142,2026-04-11,C00408,P035,5,832.05,4160.25,sales.csv,2026-09-29T03:58:58.984726+00:00
O002267,2026-02-23,C00157,P030,4,485.49,1941.96,sales.csv,2026-09-29T03:58:58.984726+00:00
O002577,2026-03-18,C00182,P007,1,459.38,459.38,sales.csv,2026-09-29T03:58:58.984726+00:00
O008880,2026-06-02,C00080,P044,7,645.49,4518.43,sales.csv,2026-09-29T03:58:58.984726+00:00
O006593,2026-05-14,C00144,P040,1,615.26,615.26,sales.csv,2026-09-29T03:58:58.984726+00:00
O005865,2026-05-20,C00432,P006,9,558.39,5025.51,sales.csv,2026-09-29T03:58:58.984726+00:00
O006990,2026-04-09,C00334,P041,8,611.10,4888.80,sales.csv,2026-09-29T03:58:58.984726+00:00
O004453,2026-02-09,C00345,P005,3,914.10,2742.30,sales.csv,2026-09-29T03:58:58.984726+00:00
O000566,2026-06-20,C00061,P030,5,210.34,1051.70,sales.csv,2026-09-29T03:58:58.984726+00:00
O000831,2026-04-15,C00013,P015,9,455.06,4095.54,sales.csv,2026-09-29T03:58:58.984726+00:00
O000160,2026-04-30,C00359,P017,6,220.92,1325.52,sales.csv,2026-09-29T03:58:58.984726+00:00
O005494,2026-02-08,C00074,P008,7,231.88,1623.16,sales.csv,2026-09-29T03:58:58.984726+00:00
O007600,2026-06-07,C00009,P048,6,934.25,5605.50,sales.csv,2026-09-29T03:58:58.984726+00:00
O006639,2026-01-23,C00281,P035,2,203.75,407.50,sales.csv,2026-09-29T03:58:58.984726+00:00
O001116,2026-02-26,C00453,P014,6,434.93,2609.58,sales.csv,2026-09-29T03:58:58.984726+00:00
O002464,2026-03-07,C00341,P031,2,873.25,1746.50,sales.csv,2026-09-29T03:58:58.984726+00:00
O009078,2026-04-22,C00005,P050,4,405.28,1621.12,sales.csv,2026-09-29T03:58:58.984726+00:00
O009291,2026-05-16,C00375,P018,9,258.26,2324.34,sales.csv,2026-09-29T03:58:58.984726+00:00
O006122,2026-05-17,C00463,P018,6,181.13,1086.78,sales.csv,2026-09-29T03:58:58.984726+00:00
O003279,2026-01-05,C00171,P044,6,930.70,5584.20,sales.csv,2026-09-29T03:58:58.984726+00:00
O009150,2026-04-04,C00294,P038,3,655.23,1965.69,sales.csv,2026-09-29T03:58:58.984726+00:00
O009113,2026-04-17,C00110,P050,5,659.33,3296.65,sales.csv,2026-09-29T03:58:58.984726+00:00
O005653,2026-03-30,C00285,P021,6,727.32,4363.92,sales.csv,2026-09-29T03:58:58.984726+00:00
O004815,2026-01-12,C00285,P004,2,674.94,1349.88,sales.csv,2026-09-29T03:58:58.984726+00:00
O005800,2026-02-08,C00399,P003,1,780.29,780.29,sales.csv,2026-09-29T03:58:58.984726+00:00
O003782,2026-05-06,C00314,P017,6,835.53,5013.18,sales.csv,2026-09-29T03:58:58.984726+00:00
O003661,2026-06-28,C00039,P013,2,119.67,239.34,sales.csv,2026-09-29T03:58:58.984726+00:00
O006537,2026-03-19,C00481,P032,5,227.26,1136.30,sales.csv,2026-09-29T03:58:58.984726+00:00
O003655,2026-02-17,C00388,P025,4,347.92,1391.68,sales.csv,2026-09-29T03:58:58.984726+00:00
O002852,2026-03-01,C00288,P005,7,372.73,2609.11,sales.csv,2026-09-29T03:58:58.984726+00:00
O003207,2026-05-04,C00146,P045,9,665.00,5985.00,sales.csv,2026-09-29T03:58:58.984726+00:00
O005859,2026-01-01,C00012,P038,2,504.94,1009.88,sales.csv,2026-09-29T03:58:58.984726+00:00
O008546,2026-01-04,C00346,P012,10,617.91,6179.10,sales.csv,2026-09-29T03:58:58.984726+00:00
O005217,2026-02-02,C00377,P041,1,168.22,168.22,sales.csv,2026-09-29T03:58:58.984726+00:00
O006307,2026-05-20,C00076,P008,6,940.58,5643.48,sales.csv,2026-09-29T03:58:58.984726+00:00
O005974,2026-03-15,C00281,P001,9,481.16,4330.44,sales.csv,2026-09-29T03:58:58.984726+00:00
O002388,2026-03-04,C00106,P035,1,872.63,872.63,sales.csv,2026-09-29T03:58:58.984726+00:00
O007543,2026-06-15,C00148,P037,4,995.49,3981.96,sales.csv,2026-09-29T03:58:58.984726+00:00
O007899,2026-01-22,C00246,P020,6,333.55,2001.30,sales.csv,2026-09-29T03:58:58.984726+00:00
O005367,2026-01-19,C00085,P028,8,635.22,5081.76,sales.csv,2026-09-29T03:58:58.984726+00:00
O003773,2026-03-23,C00030,P008,2,538.29,1076.58,sales.csv,2026-09-29T03:58:58.984726+00:00
O006538,2026-06-13,C00083,P022,7,938.33,6568.31,sales.csv,2026-09-29T03:58:58.984726+00:00
O008298,2026-05-27,C00376,P015,3,450.95,1352.85,sales.csv,2026-09-29T03:58:58.984726+00:00
O006973,2026-01-09,C00498,P014,2,303.28,606.56,sales.csv,2026-09-29T03:58:58.984726+00:00
O008873,2026-02-18,C00350,P048,8,13.61,108.88,sales.csv,2026-09-29T03:58:58.984726+00:00
O006279,2026-06-16,C00446,P050,5,393.09,1965.45,sales.csv,2026-09-29T03:58:58.984726+00:00
O000872,2026-01-08,C00459,P050,5,77.79,388.95,sales.csv,2026-09-29T03:58:58.984726+00:00
O000813,2026-03-11,C00269,P005,5,934.65,4673.25,sales.csv,2026-09-29T03:58:58.984726+00:00
O001942,2026-04-10,C00413,P048,4,555.26,2221.04,sales.csv,2026-09-29T03:58:58.984726+00:00
O007014,2026-05-18,C00290,P045,3,319.88,959.64,sales.csv,2026-09-29T03:58:58.984726+00:00
O009046,2026-01-30,C00405,P019,6,787.47,4724.82,sales.csv,2026-09-29T03:58:58.984726+00:00
O002638,2026-01-12,C00274,P016,5,52.23,261.15,sales.csv,2026-09-29T03:58:58.984726+00:00
O005709,2026-01-08,C00108,P034,9,448.89,4040.01,sales.csv,2026-09-29T03:58:58.984726+00:00
O008893,2026-03-07,C00177,P011,6,582.04,3492.24,sales.csv,2026-09-29T03:58:58.984726+00:00
O001374,2026-05-23,C00381,P027,6,929.55,5577.30,sales.csv,2026-09-29T03:58:58.984726+00:00
O004388,2026-02-20,C00068,P019,8,81.31,650.48,sales.csv,2026-09-29T03:58:58.984726+00:00
O000309,2026-01-30,C00382,P005,8,588.56,4708.48,sales.csv,2026-09-29T03:58:58.984726+00:00
O007279,2026-01-08,C00141,P011,7,470.19,3291.33,sales.csv,2026-09-29T03:58:58.984726+00:00
O008177,2026-04-08,C00410,P013,7,109.65,767.55,sales.csv,2026-09-29T03:58:58.984726+00:00
O001737,2026-01-26,C00232,P032,4,109.90,439.60,sales.csv,2026-09-29T03:58:58.984726+00:00
O008876,2026-06-11,C00263,P049,7,936.32,6554.24,sales.csv,2026-09-29T03:58:58.984726+00:00
O003310,2026-02-10,C00216,P031,6,442.28,2653.68,sales.csv,2026-09-29T03:58:58.984726+00:00
O002351,2026-06-05,C00052,P012,5,163.72,818.60,sales.csv,2026-09-29T03:58:58.984726+00:00
O003902,2026-02-06,C00187,P050,1,621.94,621.94,sales.csv,2026-09-29T03:58:58.984726+00:00
O009367,2026-01-27,C00255,P041,1,74.24,74.24,sales.csv,2026-09-29T03:58:58.984726+00:00
O008547,2026-04-04,C00464,P040,10,621.45,6214.50,sales.csv,2026-09-29T03:58:58.984726+00:00
O004723,2026-02-16,C00461,P023,8,609.51,4876.08,sales.csv,2026-09-29T03:58:58.984726+00:00
O004296,2026-03-29,C00062,P040,1,837.34,837.34,sales.csv,2026-09-29T03:58:58.984726+00:00
O008916,2026-06-12,C00393,P006,3,472.92,1418.76,sales.csv,2026-09-29T03:58:58.984726+00:00
O001184,2026-04-01,C00419,P023,8,632.91,5063.28,sales.csv,2026-09-29T03:58:58.984726+00:00
O004196,2026-05-11,C00154,P032,7,68.22,477.54,sales.csv,2026-09-29T03:58:58.984726+00:00
O004442,2026-05-01,C00028,P027,4,316.08,1264.32,sales.csv,2026-09-29T03:58:58.984726+00:00
O008253,2026-02-09,C00444,P031,7,726.36,5084.52,sales.csv,2026-09-29T03:58:58.984726+00:00
O005916,2026-04-26,C00002,P033,7,549.28,3844.96,sales.csv,2026-09-29T03:58:58.984726+00:00
O008905,2026-05-17,C00484,P023,7,209.85,1468.95,sales.csv,2026-09-29T03:58:58.984726+00:00
O004407,2026-04-12,C00466,P042,10,934.82,9348.20,sales.csv,2026-09-29T03:58:58.984726+00:00
O002870,2026-02-05,C00054,P021,7,297.67,2083.69,sales.csv,2026-09-29T03:58:58.984726+00:00
O004036,2026-01-07,C00225,P032,6,917.08,5502.48,sales.csv,2026-09-29T03:58:58.984726+00:00
O005941,2026-03-08,C00444,P050,1,456.23,456.23,sales.csv,2026-09-29T03:58:58.984726+00:00
O004254,2026-04-17,C00476,P030,10,750.59,7505.90,sales.csv,2026-09-29T03:58:58.984726+00:00
O003365,2026-02-07,C00325,P032,7,361.04,2527.28,sales.csv,2026-09-29T03:58:58.984726+00:00
O004839,2026-01-26,C00160,P022,10,33.68,336.80,sales.csv,2026-09-29T03:58:58.984726+00:00
O000417,2026-01-21,C00010,P017,4,196.97,787.88,sales.csv,2026-09-29T03:58:58.984726+00:00
O002663,2026-03-05,C00395,P006,5,187.95,939.75,sales.csv,2026-09-29T03:58:58.984726+00:00
O001009,2026-03-28,C00223,P044,3,450.22,1350.66,sales.csv,2026-09-29T03:58:58.984726+00:00
O008458,2026-05-01,C00129,P005,4,549.00,2196.00,sales.csv,2026-09-29T03:58:58.984726+00:00
O004762,2026-06-15,C00042,P037,10,421.39,4213.90,sales.csv,2026-09-29T03:58:58.984726+00:00
O002369,2026-03-22,C00007,P025,4,602.32,2409.28,sales.csv,2026-09-29T03:58:58.984726+00:00
O006227,2026-05-11,C00126,P014,1,520.51,520.51,sales.csv,2026-09-29T03:58:58.984726+00:00
O003328,2026-01-02,C00245,P011,6,131.95,791.70,sales.csv,2026-09-29T03:58:58.984726+00:00
O008768,2026-06-28,C00278,P045,9,724.59,6521.31,sales.csv,2026-09-29T03:58:58.984726+00:00
O008224,2026-03-16,C00487,P034,7,609.01,4263.07,sales.csv,2026-09-29T03:58:58.984726+00:00
O000043,2026-02-02,C00338,P031,9,217.43,1956.87,sales.csv,2026-09-29T03:58:58.984726+00:00
O008944,2026-06-07,C00046,P047,1,303.92,303.92,sales.csv,2026-09-29T03:58:58.984726+00:00
O008687,2026-02-12,C00262,P050,8,93.90,751.20,sales.csv,2026-09-29T03:58:58.984726+00:00
O006577,2026-01-18,C00109,P018,10,16.88,168.80,sales.csv,2026-09-29T03:58:58.984726+00:00
O004802,2026-04-24,C00369,P047,2,566.21,1132.42,sales.csv,2026-09-29T03:58:58.984726+00:00
O003041,2026-02-02,C00221,P045,7,721.29,5049.03,sales.csv,2026-09-29T03:58:58.984726+00:00
O008066,2026-04-21,C00227,P024,5,749.29,3746.45,sales.csv,2026-09-29T03:58:58.984726+00:00
O003327,2026-03-04,C00079,P044,9,491.54,4423.86,sales.csv,2026-09-29T03:58:58.984726+00:00
O007406,2026-02-10,C00144,P031,2,680.73,1361.46,sales.csv,2026-09-29T03:58:58.984726+00:00
O001080,2026-03-24,C00259,P025,7,799.22,5594.54,sales.csv,2026-09-29T03:58:58.984726+00:00
O000026,2026-03-09,C00072,P016,9,707.44,6366.96,sales.csv,2026-09-29T03:58:58.984726+00:00
O003763,2026-06-07,C00190,P029,3,580.36,1741.08,sales.csv,2026-09-29T03:58:58.984726+00:00
O003990,2026-03-29,C00277,P041,3,752.95,2258.85,sales.csv,2026-09-29T03:58:58.984726+00:00
O004157,2026-04-16,C00196,P025,5,490.71,2453.55,sales.csv,2026-09-29T03:58:58.984726+00:00
O008366,2026-01-02,C00016,P044,9,377.69,3399.21,sales.csv,2026-09-29T03:58:58.984726+00:00
O002655,2026-05-26,C00252,P047,3,849.77,2549.31,sales.csv,2026-09-29T03:58:58.984726+00:00
O006903,2026-05-22,C00076,P012,3,729.84,2189.52,sales.csv,2026-09-29T03:58:58.984726+00:00
O004260,2026-01-01,C00221,P004,2,359.65,719.30,sales.csv,2026-09-29T03:58:58.984726+00:00
O007638,2026-01-27,C00353,P039,6,753.65,4521.90,sales.csv,2026-09-29T03:58:58.984726+00:00
O002866,2026-05-23,C00397,P021,8,803.58,6428.64,sales.csv,2026-09-29T03:58:58.984726+00:00
O005517,2026-04-22,C00126,P030,3,847.40,2542.20,sales.csv,2026-09-29T03:58:58.984726+00:00
O008082,2026-01-23,C00188,P023,6,701.34,4208.04,sales.csv,2026-09-29T03:58:58.984726+00:00
O007163,2026-05-20,C00201,P043,1,114.19,114.19,sales.csv,2026-09-29T03:58:58.984726+00:00
O008236,2026-01-24,C00138,P019,5,113.89,569.45,sales.csv,2026-09-29T03:58:58.984726+00:00
O002550,2026-02-09,C00337,P009,3,497.50,1492.50,sales.csv,2026-09-29T03:58:58.984726+00:00
O002383,2026-03-17,C00104,P010,7,268.89,1882.23,sales.csv,2026-09-29T03:58:58.984726+00:00
O004967,2026-05-13,C00203,P031,8,733.46,5867.68,sales.csv,2026-09-29T03:58:58.984726+00:00
O004397,2026-06-29,C00417,P011,5,936.45,4682.25,sales.csv,2026-09-29T03:58:58.984726+00:00
O001032,2026-06-14,C00119,P030,5,347.19,1735.95,sales.csv,2026-09-29T03:58:58.984726+00:00
O005053,2026-05-14,C00460,P041,10,156.07,1560.70,sales.csv,2026-09-29T03:58:58.984726+00:00
O003263,2026-04-04,C00438,P030,6,955.84,5735.04,sales.csv,2026-09-29T03:58:58.984726+00:00
O003565,2026-01-08,C00402,P002,6,38.35,230.10,sales.csv,2026-09-29T03:58:58.984726+00:00
O007711,2026-05-18,C00462,P001,2,691.67,1383.34,sales.csv,2026-09-29T03:58:58.984726+00:00
O000951,2026-03-10,C00374,P027,10,847.14,8471.40,sales.csv,2026-09-29T03:58:58.984726+00:00
O001802,2026-04-24,C00380,P027,8,379.31,3034.48,sales.csv,2026-09-29T03:58:58.984726+00:00
O000328,2026-06-20,C00482,P049,7,946.10,6622.70,sales.csv,2026-09-29T03:58:58.984726+00:00
O006793,2026-03-05,C00208,P038,6,209.73,1258.38,sales.csv,2026-09-29T03:58:58.984726+00:00
O003894,2026-03-29,C00296,P022,4,167.63,670.52,sales.csv,2026-09-29T03:58:58.984726+00:00
O003463,2026-02-18,C00376,P005,3,685.92,2057.76,sales.csv,2026-09-29T03:58:58.984726+00:00
O005671,2026-02-16,C00219,P003,9,622.85,5605.65,sales.csv,2026-09-29T03:58:58.984726+00:00
O001214,2026-03-07,C00097,P001,1,758.57,758.57,sales.csv,2026-09-29T03:58:58.984726+00:00
O007395,2026-04-10,C00304,P033,8,29.63,237.04,sales.csv,2026-09-29T03:58:58.984726+00:00
O001819,2026-01-31,C00192,P033,10,23.99,239.90,sales.csv,2026-09-29T03:58:58.984726+00:00
O003755,2026-05-18,C00168,P011,5,893.47,4467.35,sales.csv,2026-09-29T03:58:58.984726+00:00
O002331,2026-05-26,C00451,P032,8,607.46,4859.68,sales.csv,2026-09-29T03:58:58.984726+00:00
O004830,2026-06-23,C00182,P029,7,922.97,6460.79,sales.csv,2026-09-29T03:58:58.984726+00:00
O002568,2026-02-14,C00039,P024,3,674.29,2022.87,sales.csv,2026-09-29T03:58:58.984726+00:00
O006359,2026-01-16,C00116,P027,2,993.96,1987.92,sales.csv,2026-09-29T03:58:58.984726+00:00
O002928,2026-06-18,C00073,P023,8,41.50,332.00,sales.csv,2026-09-29T03:58:58.984726+00:00
O001580,2026-06-19,C00343,P005,10,638.83,6388.30,sales.csv,2026-09-29T03:58:58.984726+00:00
O003307,2026-02-05,C00240,P038,6,488.95,2933.70,sales.csv,2026-09-29T03:58:58.984726+00:00
O009147,2026-01-18,C00376,P034,9,664.99,5984.91,sales.csv,2026-09-29T03:58:58.984726+00:00
O003767,2026-02-14,C00180,P030,4,845.28,3381.12,sales.csv,2026-09-29T03:58:58.984726+00:00
O000315,2026-01-21,C00165,P039,3,87.09,261.27,sales.csv,2026-09-29T03:58:58.984726+00:00
O007107,2026-05-05,C00310,P014,1,266.28,266.28,sales.csv,2026-09-29T03:58:58.984726+00:00
O006126,2026-02-23,C00369,P050,3,132.55,397.65,sales.csv,2026-09-29T03:58:58.984726+00:00
O007363,2026-05-04,C00095,P003,1,31.32,31.32,sales.csv,2026-09-29T03:58:58.984726+00:00
O006240,2026-06-21,C00327,P020,10,181.94,1819.40,sales.csv,2026-09-29T03:58:58.984726+00:00
O005975,2026-04-01,C00239,P033,1,20.30,20.30,sales.csv,2026-09-29T03:58:58.984726+00:00
O003803,2026-04-13,C00295,P013,3,540.08,1620.24,sales.csv,2026-09-29T03:58:58.984726+00:00
O005996,2026-05-21,C00199,P045,5,530.89,2654.45,sales.csv,2026-09-29T03:58:58.984726+00:00
O004834,2026-04-14,C00081,P029,5,574.40,2872.00,sales.csv,2026-09-29T03:58:58.984726+00:00
O003979,2026-01-13,C00147,P024,2,784.87,1569.74,sales.csv,2026-09-29T03:58:58.984726+00:00
O002925,2026-03-27,C00457,P034,10,635.85,6358.50,sales.csv,2026-09-29T03:58:58.984726+00:00
O009087,2026-04-10,C00426,P003,1,683.88,683.88,sales.csv,2026-09-29T03:58:58.984726+00:00
O000946,2026-06-27,C00206,P003,7,435.49,3048.43,sales.csv,2026-09-29T03:58:58.984726+00:00
O006640,2026-05-26,C00332,P035,9,844.54,7600.86,sales.csv,2026-09-29T03:58:58.984726+00:00
O001477,2026-03-16,C00226,P026,5,375.75,1878.75,sales.csv,2026-09-29T03:58:58.984726+00:00
O007037,2026-01-14,C00444,P027,3,984.94,2954.82,sales.csv,2026-09-29T03:58:58.984726+00:00
O003238,2026-01-02,C00160,P045,4,262.18,1048.72,sales.csv,2026-09-29T03:58:58.984726+00:00
O000052,2026-06-21,C00249,P014,9,174.42,1569.78,sales.csv,2026-09-29T03:58:58.984726+00:00
O003003,2026-03-02,C00054,P012,7,991.66,6941.62,sales.csv,2026-09-29T03:58:58.984726+00:00
O008301,2026-04-08,C00455,P039,4,605.36,2421.44,sales.csv,2026-09-29T03:58:58.984726+00:00
O006893,2026-03-17,C00440,P042,5,146.79,733.95,sales.csv,2026-09-29T03:58:58.984726+00:00
O000766,2026-03-29,C00458,P044,1,61.21,61.21,sales.csv,2026-09-29T03:58:58.984726+00:00
O003253,2026-01-01,C00166,P005,1,180.53,180.53,sales.csv,2026-09-29T03:58:58.984726+00:00
O000378,2026-06-04,C00244,P033,3,82.09,246.27,sales.csv,2026-09-29T03:58:58.984726+00:00
O003149,2026-01-07,C00190,P014,5,749.63,3748.15,sales.csv,2026-09-29T03:58:58.984726+00:00
O003084,2026-01-21,C00142,P040,9,412.60,3713.40,sales.csv,2026-09-29T03:58:58.984726+00:00
O008398,2026-03-26,C00240,P027,3,580.53,1741.59,sales.csv,2026-09-29T03:58:58.984726+00:00
O003045,2026-01-03,C00117,P027,9,745.55,6709.95,sales.csv,2026-09-29T03:58:58.984726+00:00
O007982,2026-01-30,C00219,P001,4,256.19,1024.76,sales.csv,2026-09-29T03:58:58.984726+00:00
O003316,2026-03-28,C00248,P044,7,394.44,2761.08,sales.csv,2026-09-29T03:58:58.984726+00:00
O002642,2026-06-04,C00498,P024,6,110.11,660.66,sales.csv,2026-09-29T03:58:58.984726+00:00
O001207,2026-05-04,C00338,P009,10,707.85,7078.50,sales.csv,2026-09-29T03:58:58.984726+00:00
O004289,2026-03-24,C00329,P024,4,56.00,224.00,sales.csv,2026-09-29T03:58:58.984726+00:00
O008776,2026-02-24,C00471,P020,9,217.39,1956.51,sales.csv,2026-09-29T03:58:58.984726+00:00
O004963,2026-02-15,C00144,P046,2,121.97,243.94,sales.csv,2026-09-29T03:58:58.984726+00:00
O000270,2026-04-02,C00295,P019,5,29.75,148.75,sales.csv,2026-09-29T03:58:58.984726+00:00
O005465,2026-04-28,C00035,P038,1,120.10,120.10,sales.csv,2026-09-29T03:58:58.984726+00:00
O000249,2026-01-26,C00448,P029,2,690.37,1380.74,sales.csv,2026-09-29T03:58:58.984726+00:00
O000568,2026-01-31,C00328,P019,6,806.60,4839.60,sales.csv,2026-09-29T03:58:58.984726+00:00
O002395,2026-04-30,C00160,P011,4,322.02,1288.08,sales.csv,2026-09-29T03:58:58.984726+00:00
O001327,2026-02-18,C00165,P002,3,66.05,198.15,sales.csv,2026-09-29T03:58:58.984726+00:00
O008850,2026-04-30,C00492,P003,9,780.24,7022.16,sales.csv,2026-09-29T03:58:58.984726+00:00
O004702,2026-02-03,C00330,P008,6,416.99,2501.94,sales.csv,2026-09-29T03:58:58.984726+00:00
O008074,2026-03-29,C00128,P041,4,67.15,268.60,sales.csv,2026-09-29T03:58:58.984726+00:00
O003489,2026-03-10,C00118,P017,8,398.95,3191.60,sales.csv,2026-09-29T03:58:58.984726+00:00
O000292,2026-01-30,C00050,P016,9,178.81,1609.29,sales.csv,2026-09-29T03:58:58.984726+00:00
O004645,2026-04-13,C00330,P012,4,484.23,1936.92,sales.csv,2026-09-29T03:58:58.984726+00:00
O000639,2026-06-08,C00327,P043,10,634.34,6343.40,sales.csv,2026-09-29T03:58:58.984726+00:00
O004478,2026-01-13,C00311,P013,4,778.67,3114.68,sales.csv,2026-09-29T03:58:58.984726+00:00
O000482,2026-05-29,C00079,P011,10,945.54,9455.40,sales.csv,2026-09-29T03:58:58.984726+00:00
O002878,2026-02-01,C00268,P034,4,758.44,3033.76,sales.csv,2026-09-29T03:58:58.984726+00:00
O000958,2026-06-30,C00102,P018,6,609.46,3656.76,sales.csv,2026-09-29T03:58:58.984726+00:00
O002953,2026-02-21,C00155,P020,2,390.72,781.44,sales.csv,2026-09-29T03:58:58.984726+00:00
O006772,2026-03-20,C00108,P015,10,133.42,1334.20,sales.csv,2026-09-29T03:58:58.984726+00:00
O009164,2026-02-16,C00404,P044,9,167.53,1507.77,sales.csv,2026-09-29T03:58:58.984726+00:00
O009276,2026-04-21,C00388,P031,1,631.30,631.30,sales.csv,2026-09-29T03:58:58.984726+00:00
O004379,2026-05-02,C00353,P018,9,219.93,1979.37,sales.csv,2026-09-29T03:58:58.984726+00:00
O003034,2026-06-06,C00476,P006,9,628.53,5656.77,sales.csv,2026-09-29T03:58:58.984726+00:00
O005660,2026-03-20,C00307,P006,5,588.51,2942.55,sales.csv,2026-09-29T03:58:58.984726+00:00
O008790,2026-03-10,C00130,P006,6,576.94,3461.64,sales.csv,2026-09-29T03:58:58.984726+00:00
O000002,2026-02-27,C00072,P048,2,887.96,1775.92,sales.csv,2026-09-29T03:58:58.984726+00:00
O002329,2026-02-21,C00004,P010,8,84.84,678.72,sales.csv,2026-09-29T03:58:58.984726+00:00
O003675,2026-04-05,C00187,P016,6,709.27,4255.62,sales.csv,2026-09-29T03:58:58.984726+00:00
O007959,2026-04-23,C00276,P026,6,185.25,1111.50,sales.csv,2026-09-29T03:58:58.984726+00:00
O001974,2026-04-13,C00317,P028,10,341.99,3419.90,sales.csv,2026-09-29T03:58:58.984726+00:00
O008614,2026-03-01,C00053,P025,1,173.12,173.12,sales.csv,2026-09-29T03:58:58.984726+00:00
O005615,2026-05-19,C00283,P016,10,780.88,7808.80,sales.csv,2026-09-29T03:58:58.984726+00:00
O005060,2026-06-11,C00268,P037,9,245.80,2212.20,sales.csv,2026-09-29T03:58:58.984726+00:00
O003474,2026-05-07,C00324,P012,6,665.91,3995.46,sales.csv,2026-09-29T03:58:58.984726+00:00
O009311,2026-04-01,C00136,P001,4,39.47,157.88,sales.csv,2026-09-29T03:58:58.984726+00:00
O000237,2026-05-04,C00242,P016,8,723.55,5788.40,sales.csv,2026-09-29T03:58:58.984726+00:00
O006743,2026-05-16,C00412,P024,9,68.63,617.67,sales.csv,2026-09-29T03:58:58.984726+00:00
O006336,2026-01-05,C00105,P034,10,650.73,6507.30,sales.csv,2026-09-29T03:58:58.984726+00:00
O001550,2026-03-21,C00328,P014,6,263.87,1583.22,sales.csv,2026-09-29T03:58:58.984726+00:00
O001878,2026-01-07,C00498,P012,7,793.44,5554.08,sales.csv,2026-09-29T03:58:58.984726+00:00
O000300,2026-01-24,C00340,P014,10,28.99,289.90,sales.csv,2026-09-29T03:58:58.984726+00:00
O006956,2026-03-14,C00434,P038,1,504.54,504.54,sales.csv,2026-09-29T03:58:58.984726+00:00
O008004,2026-06-19,C00273,P022,9,923.34,8310.06,sales.csv,2026-09-29T03:58:58.984726+00:00
O003426,2026-05-04,C00424,P047,1,384.99,384.99,sales.csv,2026-09-29T03:58:58.984726+00:00
O001587,2026-02-07,C00339,P010,8,697.32,5578.56,sales.csv,2026-09-29T03:58:58.984726+00:00
O004109,2026-03-13,C00055,P001,4,880.70,3522.80,sales.csv,2026-09-29T03:58:58.984726+00:00
O000656,2026-01-05,C00493,P014,10,189.99,1899.90,sales.csv,2026-09-29T03:58:58.984726+00:00
O000053,2026-05-27,C00296,P031,4,620.93,2483.72,sales.csv,2026-09-29T03:58:58.984726+00:00
O000058,2026-02-19,C00098,P035,8,184.73,1477.84,sales.csv,2026-09-29T03:58:58.984726+00:00
O009368,2026-03-28,C00145,P024,6,729.34,4376.04,sales.csv,2026-09-29T03:58:58.984726+00:00
O004602,2026-05-31,C00275,P012,2,824.48,1648.96,sales.csv,2026-09-29T03:58:58.984726+00:00
O004903,2026-06-07,C00022,P028,3,339.86,1019.58,sales.csv,2026-09-29T03:58:58.984726+00:00
O001924,2026-04-29,C00076,P016,3,979.36,2938.08,sales.csv,2026-09-29T03:58:58.984726+00:00
O006802,2026-06-28,C00479,P027,4,977.41,3909.64,sales.csv,2026-09-29T03:58:58.984726+00:00
O002944,2026-02-05,C00180,P019,9,873.05,7857.45,sales.csv,2026-09-29T03:58:58.984726+00:00
O001215,2026-05-14,C00061,P034,1,492.55,492.55,sales.csv,2026-09-29T03:58:58.984726+00:00
O006697,2026-06-20,C00246,P025,1,925.36,925.36,sales.csv,2026-09-29T03:58:58.984726+00:00
O002587,2026-02-18,C00146,P003,3,518.13,1554.39,sales.csv,2026-09-29T03:58:58.984726+00:00
O007073,2026-01-29,C00244,P023,9,938.68,8448.12,sales.csv,2026-09-29T03:58:58.984726+00:00
O009482,2026-03-14,C00376,P038,6,108.34,650.04,sales.csv,2026-09-29T03:58:58.984726+00:00
O003053,2026-04-24,C00366,P020,6,723.73,4342.38,sales.csv,2026-09-29T03:58:58.984726+00:00
O004184,2026-04-18,C00292,P013,7,199.76,1398.32,sales.csv,2026-09-29T03:58:58.984726+00:00
O005783,2026-03-13,C00034,P002,1,928.04,928.04,sales.csv,2026-09-29T03:58:58.984726+00:00
O000397,2026-05-15,C00020,P043,6,811.06,4866.36,sales.csv,2026-09-29T03:58:58.984726+00:00
O008722,2026-01-18,C00104,P014,10,899.65,8996.50,sales.csv,2026-09-29T03:58:58.984726+00:00
O002673,2026-03-15,C00116,P044,7,901.15,6308.05,sales.csv,2026-09-29T03:58:58.984726+00:00
O001591,2026-03-30,C00046,P038,1,802.49,802.49,sales.csv,2026-09-29T03:58:58.984726+00:00
O003428,2026-04-13,C00367,P033,8,562.75,4502.00,sales.csv,2026-09-29T03:58:58.984726+00:00
O009092,2026-02-20,C00393,P006,4,943.39,3773.56,sales.csv,2026-09-29T03:58:58.984726+00:00
O003974,2026-01-04,C00296,P003,2,369.08,738.16,sales.csv,2026-09-29T03:58:58.984726+00:00
O002807,2026-02-14,C00207,P021,9,208.67,1878.03,sales.csv,2026-09-29T03:58:58.984726+00:00
O004682,2026-01-23,C00019,P050,6,233.42,1400.52,sales.csv,2026-09-29T03:58:58.984726+00:00
O002477,2026-04-12,C00005,P035,8,415.09,3320.72,sales.csv,2026-09-29T03:58:58.984726+00:00
O005543,2026-06-06,C00130,P035,4,148.80,595.20,sales.csv,2026-09-29T03:58:58.984726+00:00
O005073,2026-03-09,C00370,P047,6,350.17,2101.02,sales.csv,2026-09-29T03:58:58.984726+00:00
O008491,2026-01-29,C00002,P022,4,33.62,134.48,sales.csv,2026-09-29T03:58:58.984726+00:00
O006787,2026-01-24,C00172,P045,3,503.85,1511.55,sales.csv,2026-09-29T03:58:58.984726+00:00
O008046,2026-01-17,C00133,P032,6,552.94,3317.64,sales.csv,2026-09-29T03:58:58.984726+00:00
O009449,2026-01-11,C00472,P048,9,807.88,7270.92,sales.csv,2026-09-29T03:58:58.984726+00:00
O003762,2026-06-27,C00413,P005,4,572.40,2289.60,sales.csv,2026-09-29T03:58:58.984726+00:00
O002923,2026-06-19,C00250,P017,6,602.29,3613.74,sales.csv,2026-09-29T03:58:58.984726+00:00
O002247,2026-04-05,C00497,P001,9,769.65,6926.85,sales.csv,2026-09-29T03:58:58.984726+00:00
O006747,2026-02-28,C00222,P031,9,541.74,4875.66,sales.csv,2026-09-29T03:58:58.984726+00:00
O008830,2026-03-23,C00300,P012,4,411.31,1645.24,sales.csv,2026-09-29T03:58:58.984726+00:00
O003042,2026-02-05,C00060,P029,2,807.94,1615.88,sales.csv,2026-09-29T03:58:58.984726+00:00
O002933,2026-04-11,C00302,P027,5,406.43,2032.15,sales.csv,2026-09-29T03:58:58.984726+00:00
O002387,2026-01-07,C00118,P047,6,450.22,2701.32,sales.csv,2026-09-29T03:58:58.984726+00:00
O008428,2026-05-26,C00056,P045,7,41.62,291.34,sales.csv,2026-09-29T03:58:58.984726+00:00
O000416,2026-06-30,C00241,P029,10,7.88,78.80,sales.csv,2026-09-29T03:58:58.984726+00:00
O000587,2026-04-25,C00446,P025,7,106.18,743.26,sales.csv,2026-09-29T03:58:58.984726+00:00
O003301,2026-04-09,C00080,P035,10,277.11,2771.10,sales.csv,2026-09-29T03:58:58.984726+00:00
O007331,2026-03-24,C00227,P014,8,571.35,4570.80,sales.csv,2026-09-29T03:58:58.984726+00:00
O005276,2026-02-16,C00058,P016,1,595.01,595.01,sales.csv,2026-09-29T03:58:58.984726+00:00
O006937,2026-05-14,C00312,P035,7,20.36,142.52,sales.csv,2026-09-29T03:58:58.984726+00:00
O000079,2026-03-09,C00068,P023,2,321.18,642.36,sales.csv,2026-09-29T03:58:58.984726+00:00
O002455,2026-04-09,C00151,P039,4,934.15,3736.60,sales.csv,2026-09-29T03:58:58.984726+00:00
O006695,2026-05-25,C00283,P005,5,130.60,653.00,sales.csv,2026-09-29T03:58:58.984726+00:00
O007109,2026-02-10,C00462,P030,3,628.82,1886.46,sales.csv,2026-09-29T03:58:58.984726+00:00
O001782,2026-03-23,C00177,P010,6,588.76,3532.56,sales.csv,2026-09-29T03:58:58.984726+00:00
O004680,2026-03-23,C00024,P002,10,349.32,3493.20,sales.csv,2026-09-29T03:58:58.984726+00:00
O004587,2026-02-22,C00435,P011,2,104.01,208.02,sales.csv,2026-09-29T03:58:58.984726+00:00
O004696,2026-06-07,C00148,P012,9,169.94,1529.46,sales.csv,2026-09-29T03:58:58.984726+00:00
O009292,2026-01-03,C00117,P017,9,461.41,4152.69,sales.csv,2026-09-29T03:58:58.984726+00:00
O001682,2026-01-15,C00173,P047,1,532.50,532.50,sales.csv,2026-09-29T03:58:58.984726+00:00
O003645,2026-04-16,C00411,P002,8,333.28,2666.24,sales.csv,2026-09-29T03:58:58.984726+00:00
O004687,2026-03-02,C00433,P033,9,732.12,6589.08,sales.csv,2026-09-29T03:58:58.984726+00:00
O005396,2026-03-31,C00057,P011,9,212.15,1909.35,sales.csv,2026-09-29T03:58:58.984726+00:00
O004544,2026-01-08,C00329,P029,3,983.09,2949.27,sales.csv,2026-09-29T03:58:58.984726+00:00
O002824,2026-05-05,C00492,P041,2,276.63,553.26,sales.csv,2026-09-29T03:58:58.984726+00:00
O006151,2026-05-23,C00082,P012,3,460.22,1380.66,sales.csv,2026-09-29T03:58:58.984726+00:00
O001881,2026-05-14,C00393,P032,8,265.67,2125.36,sales.csv,2026-09-29T03:58:58.984726+00:00
O002240,2026-02-19,C00464,P037,3,836.40,2509.20,sales.csv,2026-09-29T03:58:58.984726+00:00
O002079,2026-03-08,C00183,P044,3,230.00,690.00,sales.csv,2026-09-29T03:58:58.984726+00:00
O002613,2026-03-27,C00156,P008,2,877.80,1755.60,sales.csv,2026-09-29T03:58:58.984726+00:00
O006449,2026-05-07,C00027,P021,7,498.92,3492.44,sales.csv,2026-09-29T03:58:58.984726+00:00
O002495,2026-02-25,C00412,P048,4,964.79,3859.16,sales.csv,2026-09-29T03:58:58.984726+00:00
O007041,2026-03-07,C00351,P018,3,96.61,289.83,sales.csv,2026-09-29T03:58:58.984726+00:00
O000072,2026-05-26,C00127,P038,10,53.09,530.90,sales.csv,2026-09-29T03:58:58.984726+00:00
O002004,2026-01-30,C00459,P032,1,579.70,579.70,sales.csv,2026-09-29T03:58:58.984726+00:00
O008350,2026-05-18,C00394,P017,3,169.84,509.52,sales.csv,2026-09-29T03:58:58.984726+00:00
O003718,2026-06-04,C00080,P040,6,596.94,3581.64,sales.csv,2026-09-29T03:58:58.984726+00:00
O005985,2026-03-24,C00029,P048,2,533.90,1067.80,sales.csv,2026-09-29T03:58:58.984726+00:00
O006912,2026-02-12,C00393,P042,9,777.01,6993.09,sales.csv,2026-09-29T03:58:58.984726+00:00
O008982,2026-03-19,C00379,P029,8,119.71,957.68,sales.csv,2026-09-29T03:58:58.984726+00:00
O006868,2026-01-19,C00123,P036,2,50.16,100.32,sales.csv,2026-09-29T03:58:58.984726+00:00
O001480,2026-06-15,C00232,P006,9,149.33,1343.97,sales.csv,2026-09-29T03:58:58.984726+00:00
O007152,2026-02-17,C00056,P019,10,529.11,5291.10,sales.csv,2026-09-29T03:58:58.984726+00:00
O007293,2026-04-09,C00049,P009,2,876.29,1752.58,sales.csv,2026-09-29T03:58:58.984726+00:00
O000933,2026-04-25,C00089,P011,4,253.60,1014.40,sales.csv,2026-09-29T03:58:58.984726+00:00
O008123,2026-06-11,C00099,P030,4,461.98,1847.92,sales.csv,2026-09-29T03:58:58.984726+00:00
O002213,2026-05-24,C00453,P030,1,560.82,560.82,sales.csv,2026-09-29T03:58:58.984726+00:00
O002178,2026-02-06,C00192,P035,3,322.33,966.99,sales.csv,2026-09-29T03:58:58.984726+00:00
O000545,2026-01-26,C00212,P022,8,132.78,1062.24,sales.csv,2026-09-29T03:58:58.984726+00:00
O002867,2026-01-13,C00202,P020,8,647.62,5180.96,sales.csv,2026-09-29T03:58:58.984726+00:00
O005487,2026-02-27,C00307,P010,6,136.74,820.44,sales.csv,2026-09-29T03:58:58.984726+00:00
O007559,2026-04-05,C00226,P044,7,117.36,821.52,sales.csv,2026-09-29T03:58:58.984726+00:00
O004536,2026-02-07,C00170,P037,2,386.88,773.76,sales.csv,2026-09-29T03:58:58.984726+00:00
O000774,2026-02-24,C00245,P005,3,779.14,2337.42,sales.csv,2026-09-29T03:58:58.984726+00:00
O002562,2026-05-08,C00264,P044,9,915.72,8241.48,sales.csv,2026-09-29T03:58:58.984726+00:00
O004430,2026-02-08,C00090,P049,5,658.21,3291.05,sales.csv,2026-09-29T03:58:58.984726+00:00
O004538,2026-06-08,C00406,P013,3,250.52,751.56,sales.csv,2026-09-29T03:58:58.984726+00:00
O001518,2026-03-16,C00100,P001,2,32.43,64.86,sales.csv,2026-09-29T03:58:58.984726+00:00
O001619,2026-02-12,C00019,P045,10,983.28,9832.80,sales.csv,2026-09-29T03:58:58.984726+00:00
O006918,2026-03-15,C00466,P046,6,318.96,1913.76,sales.csv,2026-09-29T03:58:58.984726+00:00
O005864,2026-04-10,C00005,P035,6,394.48,2366.88,sales.csv,2026-09-29T03:58:58.984726+00:00
O002683,2026-02-07,C00200,P029,8,89.22,713.76,sales.csv,2026-09-29T03:58:58.984726+00:00
O005636,2026-03-24,C00467,P023,10,783.96,7839.60,sales.csv,2026-09-29T03:58:58.984726+00:00
O008354,2026-01-10,C00079,P048,9,303.66,2732.94,sales.csv,2026-09-29T03:58:58.984726+00:00
O007518,2026-06-06,C00297,P017,8,22.49,179.92,sales.csv,2026-09-29T03:58:58.984726+00:00
O003799,2026-03-28,C00283,P011,7,679.29,4755.03,sales.csv,2026-09-29T03:58:58.984726+00:00
O008600,2026-03-17,C00495,P005,4,364.90,1459.60,sales.csv,2026-09-29T03:58:58.984726+00:00
O006320,2026-04-07,C00313,P038,10,862.54,8625.40,sales.csv,2026-09-29T03:58:58.984726+00:00
O000294,2026-05-31,C00381,P047,3,544.79,1634.37,sales.csv,2026-09-29T03:58:58.984726+00:00
O009278,2026-01-31,C00483,P011,10,239.98,2399.80,sales.csv,2026-09-29T03:58:58.984726+00:00
O000828,2026-03-16,C00289,P020,10,318.95,3189.50,sales.csv,2026-09-29T03:58:58.984726+00:00
O000599,2026-01-12,C00206,P029,4,708.47,2833.88,sales.csv,2026-09-29T03:58:58.984726+00:00
O000608,2026-03-23,C00357,P027,7,196.58,1376.06,sales.csv,2026-09-29T03:58:58.984726+00:00
O003770,2026-02-19,C00172,P043,8,34.17,273.36,sales.csv,2026-09-29T03:58:58.984726+00:00
O007143,2026-05-07,C00404,P041,10,150.80,1508.00,sales.csv,2026-09-29T03:58:58.984726+00:00
O001654,2026-01-29,C00357,P012,5,387.09,1935.45,sales.csv,2026-09-29T03:58:58.984726+00:00
O003224,2026-01-21,C00472,P007,7,917.52,6422.64,sales.csv,2026-09-29T03:58:58.984726+00:00
O001125,2026-06-16,C00099,P021,9,108.93,980.37,sales.csv,2026-09-29T03:58:58.984726+00:00
O002598,2026-05-11,C00096,P016,5,151.75,758.75,sales.csv,2026-09-29T03:58:58.984726+00:00
O004692,2026-04-24,C00144,P020,3,182.16,546.48,sales.csv,2026-09-29T03:58:58.984726+00:00
O005403,2026-03-09,C00448,P019,4,403.90,1615.60,sales.csv,2026-09-29T03:58:58.984726+00:00
O000537,2026-02-01,C00294,P044,9,498.67,4488.03,sales.csv,2026-09-29T03:58:58.984726+00:00
O005953,2026-01-04,C00108,P020,8,154.06,1232.48,sales.csv,2026-09-29T03:58:58.984726+00:00
O008494,2026-02-07,C00262,P015,8,583.57,4668.56,sales.csv,2026-09-29T03:58:58.984726+00:00
O002110,2026-01-10,C00276,P022,7,951.40,6659.80,sales.csv,2026-09-29T03:58:58.984726+00:00
O007852,2026-01-20,C00057,P034,2,902.16,1804.32,sales.csv,2026-09-29T03:58:58.984726+00:00
O006196,2026-04-20,C00400,P022,4,657.64,2630.56,sales.csv,2026-09-29T03:58:58.984726+00:00
O002808,2026-04-22,C00119,P007,3,661.93,1985.79,sales.csv,2026-09-29T03:58:58.984726+00:00
O003013,2026-01-09,C00415,P009,1,472.28,472.28,sales.csv,2026-09-29T03:58:58.984726+00:00
O005844,2026-05-16,C00478,P050,4,516.16,2064.64,sales.csv,2026-09-29T03:58:58.984726+00:00
O007860,2026-04-08,C00344,P009,3,37.57,112.71,sales.csv,2026-09-29T03:58:58.984726+00:00
O005473,2026-04-03,C00328,P035,4,704.62,2818.48,sales.csv,2026-09-29T03:58:58.984726+00:00
O004438,2026-02-08,C00409,P018,9,299.64,2696.76,sales.csv,2026-09-29T03:58:58.984726+00:00
O006083,2026-01-01,C00259,P035,7,395.98,2771.86,sales.csv,2026-09-29T03:58:58.984726+00:00
O009094,2026-01-05,C00169,P040,10,302.38,3023.80,sales.csv,2026-09-29T03:58:58.984726+00:00
O001719,2026-03-25,C00117,P007,4,967.98,3871.92,sales.csv,2026-09-29T03:58:58.984726+00:00
O009404,2026-04-22,C00209,P016,8,779.41,6235.28,sales.csv,2026-09-29T03:58:58.984726+00:00
O001325,2026-03-16,C00057,P041,8,810.67,6485.36,sales.csv,2026-09-29T03:58:58.984726+00:00
O005726,2026-04-20,C00022,P037,1,905.50,905.50,sales.csv,2026-09-29T03:58:58.984726+00:00
O005235,2026-04-18,C00250,P001,9,74.23,668.07,sales.csv,2026-09-29T03:58:58.984726+00:00
O007782,2026-01-01,C00425,P038,5,803.80,4019.00,sales.csv,2026-09-29T03:58:58.984726+00:00
O003606,2026-02-08,C00277,P040,7,266.02,1862.14,sales.csv,2026-09-29T03:58:58.984726+00:00
O000607,2026-03-30,C00483,P042,7,688.42,4818.94,sales.csv,2026-09-29T03:58:58.984726+00:00
O007863,2026-01-25,C00057,P012,8,222.49,1779.92,sales.csv,2026-09-29T03:58:58.984726+00:00
O002651,2026-06-11,C00414,P049,7,205.00,1435.00,sales.csv,2026-09-29T03:58:58.984726+00:00
O006825,2026-04-28,C00072,P048,10,772.53,7725.30,sales.csv,2026-09-29T03:58:58.984726+00:00
O006202,2026-05-13,C00223,P047,5,83.86,419.30,sales.csv,2026-09-29T03:58:58.984726+00:00
O002225,2026-03-27,C00431,P017,4,142.34,569.36,sales.csv,2026-09-29T03:58:58.984726+00:00
O008602,2026-05-29,C00355,P014,7,5.27,36.89,sales.csv,2026-09-29T03:58:58.984726+00:00
O004991,2026-01-18,C00311,P025,4,55.66,222.64,sales.csv,2026-09-29T03:58:58.984726+00:00
O006723,2026-05-30,C00401,P049,6,964.46,5786.76,sales.csv,2026-09-29T03:58:58.984726+00:00
O008410,2026-01-28,C00380,P008,4,958.51,3834.04,sales.csv,2026-09-29T03:58:58.984726+00:00
O003987,2026-03-27,C00474,P023,8,591.83,4734.64,sales.csv,2026-09-29T03:58:58.984726+00:00
O007676,2026-06-23,C00263,P042,1,927.01,927.01,sales.csv,2026-09-29T03:58:58.984726+00:00
O007353,2026-01-01,C00051,P016,9,862.84,7765.56,sales.csv,2026-09-29T03:58:58.984726+00:00
O003006,2026-04-06,C00311,P041,1,229.15,229.15,sales.csv,2026-09-29T03:58:58.984726+00:00
O007725,2026-06-12,C00150,P034,7,897.40,6281.80,sales.csv,2026-09-29T03:58:58.984726+00:00
O000164,2026-02-20,C00039,P038,4,134.56,538.24,sales.csv,2026-09-29T03:58:58.984726+00:00
O006293,2026-05-14,C00349,P032,1,107.46,107.46,sales.csv,2026-09-29T03:58:58.984726+00:00
O007398,2026-05-05,C00350,P039,4,527.33,2109.32,sales.csv,2026-09-29T03:58:58.984726+00:00
O004489,2026-03-04,C00353,P025,6,620.01,3720.06,sales.csv,2026-09-29T03:58:58.984726+00:00
O001357,2026-05-26,C00096,P035,6,425.25,2551.50,sales.csv,2026-09-29T03:58:58.984726+00:00
O003771,2026-04-23,C00036,P016,10,693.78,6937.80,sales.csv,2026-09-29T03:58:58.984726+00:00
O005521,2026-01-07,C00331,P043,9,446.17,4015.53,sales.csv,2026-09-29T03:58:58.984726+00:00
O008532,2026-06-25,C00205,P032,2,482.05,964.10,sales.csv,2026-09-29T03:58:58.984726+00:00
O007883,2026-01-04,C00118,P020,3,441.78,1325.34,sales.csv,2026-09-29T03:58:58.984726+00:00
O002725,2026-03-14,C00491,P026,9,256.43,2307.87,sales.csv,2026-09-29T03:58:58.984726+00:00
O006001,2026-02-09,C00252,P033,10,557.38,5573.80,sales.csv,2026-09-29T03:58:58.984726+00:00
O008422,2026-05-30,C00314,P047,5,363.66,1818.30,sales.csv,2026-09-29T03:58:58.984726+00:00
O000439,2026-06-15,C00098,P019,6,63.65,381.90,sales.csv,2026-09-29T03:58:58.984726+00:00
O004661,2026-04-14,C00485,P038,4,911.42,3645.68,sales.csv,2026-09-29T03:58:58.984726+00:00
O003150,2026-04-20,C00375,P029,9,166.38,1497.42,sales.csv,2026-09-29T03:58:58.984726+00:00
O003820,2026-05-27,C00094,P029,1,645.56,645.56,sales.csv,2026-09-29T03:58:58.984726+00:00
O004515,2026-02-16,C00224,P037,2,637.20,1274.40,sales.csv,2026-09-29T03:58:58.984726+00:00
O004141,2026-04-05,C00371,P012,3,700.47,2101.41,sales.csv,2026-09-29T03:58:58.984726+00:00
O002091,2026-01-26,C00079,P042,6,439.57,2637.42,sales.csv,2026-09-29T03:58:58.984726+00:00
O001509,2026-05-01,C00069,P008,5,432.50,2162.50,sales.csv,2026-09-29T03:58:58.984726+00:00
O007422,2026-04-18,C00306,P020,10,539.07,5390.70,sales.csv,2026-09-29T03:58:58.984726+00:00
O005005,2026-06-14,C00306,P008,3,704.37,2113.11,sales.csv,2026-09-29T03:58:58.984726+00:00
O008317,2026-02-13,C00060,P027,3,950.58,2851.74,sales.csv,2026-09-29T03:58:58.984726+00:00
O008963,2026-06-20,C00201,P001,2,761.55,1523.10,sales.csv,2026-09-29T03:58:58.984726+00:00
O007933,2026-03-29,C00237,P010,9,741.91,6677.19,sales.csv,2026-09-29T03:58:58.984726+00:00
O005187,2026-06-27,C00073,P030,6,464.63,2787.78,sales.csv,2026-09-29T03:58:58.984726+00:00
O002817,2026-05-18,C00431,P016,7,342.41,2396.87,sales.csv,2026-09-29T03:58:58.984726+00:00
O003387,2026-05-17,C00358,P011,7,336.14,2352.98,sales.csv,2026-09-29T03:58:58.984726+00:00
O005103,2026-04-16,C00177,P009,10,337.97,3379.70,sales.csv,2026-09-29T03:58:58.984726+00:00
O001915,2026-05-02,C00219,P014,6,101.48,608.88,sales.csv,2026-09-29T03:58:58.984726+00:00
O007788,2026-06-07,C00493,P017,4,870.28,3481.12,sales.csv,2026-09-29T03:58:58.984726+00:00
O009222,2026-05-08,C00106,P041,3,958.03,2874.09,sales.csv,2026-09-29T03:58:58.984726+00:00
O004098,2026-01-11,C00457,P043,10,79.48,794.80,sales.csv,2026-09-29T03:58:58.984726+00:00
O005261,2026-01-21,C00362,P024,9,655.71,5901.39,sales.csv,2026-09-29T03:58:58.984726+00:00
O008109,2026-04-17,C00376,P007,1,961.33,961.33,sales.csv,2026-09-29T03:58:58.984726+00:00
O008640,2026-02-23,C00445,P028,7,686.44,4805.08,sales.csv,2026-09-29T03:58:58.984726+00:00
O002572,2026-03-18,C00248,P019,5,280.26,1401.30,sales.csv,2026-09-29T03:58:58.984726+00:00
O005203,2026-01-12,C00363,P004,6,310.76,1864.56,sales.csv,2026-09-29T03:58:58.984726+00:00
O005078,2026-01-01,C00364,P037,1,963.48,963.48,sales.csv,2026-09-29T03:58:58.984726+00:00
O003797,2026-05-01,C00056,P035,8,394.63,3157.04,sales.csv,2026-09-29T03:58:58.984726+00:00
O002348,2026-04-29,C00035,P006,9,862.17,7759.53,sales.csv,2026-09-29T03:58:58.984726+00:00
O005741,2026-06-07,C00022,P043,3,666.92,2000.76,sales.csv,2026-09-29T03:58:58.984726+00:00
O000015,2026-06-19,C00117,P050,5,105.58,527.90,sales.csv,2026-09-29T03:58:58.984726+00:00
O005225,2026-06-02,C00119,P029,8,603.40,4827.20,sales.csv,2026-09-29T03:58:58.984726+00:00
O005142,2026-04-23,C00145,P003,8,131.93,1055.44,sales.csv,2026-09-29T03:58:58.984726+00:00
O008755,2026-06-26,C00387,P029,1,247.36,247.36,sales.csv,2026-09-29T03:58:58.984726+00:00
O006030,2026-04-17,C00355,P009,6,792.33,4753.98,sales.csv,2026-09-29T03:58:58.984726+00:00
O005174,2026-02-26,C00158,P022,2,92.41,184.82,sales.csv,2026-09-29T03:58:58.984726+00:00
O004487,2026-01-28,C00172,P050,7,147.81,1034.67,sales.csv,2026-09-29T03:58:58.984726+00:00
O002880,2026-05-04,C00116,P006,5,389.28,1946.40,sales.csv,2026-09-29T03:58:58.984726+00:00
O006805,2026-05-21,C00169,P033,7,323.89,2267.23,sales.csv,2026-09-29T03:58:58.984726+00:00
O008592,2026-05-02,C00407,P012,2,344.73,689.46,sales.csv,2026-09-29T03:58:58.984726+00:00
O001030,2026-05-27,C00343,P032,3,119.07,357.21,sales.csv,2026-09-29T03:58:58.984726+00:00
O008813,2026-05-30,C00100,P017,1,939.65,939.65,sales.csv,2026-09-29T03:58:58.984726+00:00
O008093,2026-01-18,C00316,P046,8,145.27,1162.16,sales.csv,2026-09-29T03:58:58.984726+00:00
O006201,2026-03-13,C00353,P030,3,260.33,780.99,sales.csv,2026-09-29T03:58:58.984726+00:00
O003136,2026-01-25,C00119,P020,8,448.10,3584.80,sales.csv,2026-09-29T03:58:58.984726+00:00
O008214,2026-06-07,C00148,P006,3,826.85,2480.55,sales.csv,2026-09-29T03:58:58.984726+00:00
O001549,2026-06-18,C00382,P020,1,758.01,758.01,sales.csv,2026-09-29T03:58:58.984726+00:00
O009242,2026-04-12,C00162,P015,10,340.08,3400.80,sales.csv,2026-09-29T03:58:58.984726+00:00
O003538,2026-03-31,C00489,P005,6,414.31,2485.86,sales.csv,2026-09-29T03:58:58.984726+00:00
O003515,2026-04-28,C00186,P022,4,889.23,3556.92,sales.csv,2026-09-29T03:58:58.984726+00:00
O000806,2026-03-04,C00045,P028,2,595.24,1190.48,sales.csv,2026-09-29T03:58:58.984726+00:00
O007700,2026-04-28,C00415,P037,1,475.07,475.07,sales.csv,2026-09-29T03:58:58.984726+00:00
O004735,2026-06-07,C00110,P048,7,225.38,1577.66,sales.csv,2026-09-29T03:58:58.984726+00:00
O003924,2026-02-03,C00255,P005,2,184.38,368.76,sales.csv,2026-09-29T03:58:58.984726+00:00
O009120,2026-03-26,C00024,P016,5,441.93,2209.65,sales.csv,2026-09-29T03:58:58.984726+00:00
O001269,2026-02-14,C00235,P008,9,604.02,5436.18,sales.csv,2026-09-29T03:58:58.984726+00:00
O000688,2026-06-27,C00325,P032,10,318.75,3187.50,sales.csv,2026-09-29T03:58:58.984726+00:00
O001546,2026-04-10,C00366,P034,2,6.38,12.76,sales.csv,2026-09-29T03:58:58.984726+00:00
O004691,2026-04-17,C00406,P049,8,707.36,5658.88,sales.csv,2026-09-29T03:58:58.984726+00:00
O005201,2026-04-29,C00354,P031,3,923.71,2771.13,sales.csv,2026-09-29T03:58:58.984726+00:00
O001155,2026-05-05,C00231,P022,10,865.31,8653.10,sales.csv,2026-09-29T03:58:58.984726+00:00
O008401,2026-05-16,C00293,P030,1,992.57,992.57,sales.csv,2026-09-29T03:58:58.984726+00:00
O000272,2026-06-25,C00399,P048,1,795.82,795.82,sales.csv,2026-09-29T03:58:58.984726+00:00
O004344,2026-03-16,C00105,P027,2,377.45,754.90,sales.csv,2026-09-29T03:58:58.984726+00:00
O008424,2026-03-12,C00057,P003,8,529.20,4233.60,sales.csv,2026-09-29T03:58:58.984726+00:00
O009348,2026-02-09,C00229,P029,6,394.24,2365.44,sales.csv,2026-09-29T03:58:58.984726+00:00
O003783,2026-04-27,C00246,P010,8,704.14,5633.12,sales.csv,2026-09-29T03:58:58.984726+00:00
O003805,2026-03-22,C00313,P049,10,696.45,6964.50,sales.csv,2026-09-29T03:58:58.984726+00:00
O007167,2026-01-30,C00206,P042,4,957.34,3829.36,sales.csv,2026-09-29T03:58:58.984726+00:00
O002814,2026-05-27,C00196,P002,3,595.68,1787.04,sales.csv,2026-09-29T03:58:58.984726+00:00
O000450,2026-01-15,C00039,P043,7,477.19,3340.33,sales.csv,2026-09-29T03:58:58.984726+00:00
O009174,2026-02-21,C00130,P042,5,270.46,1352.30,sales.csv,2026-09-29T03:58:58.984726+00:00
O002172,2026-05-10,C00198,P008,5,80.47,402.35,sales.csv,2026-09-29T03:58:58.984726+00:00
O001766,2026-01-06,C00151,P027,9,174.05,1566.45,sales.csv,2026-09-29T03:58:58.984726+00:00
O000392,2026-06-15,C00344,P028,9,475.25,4277.25,sales.csv,2026-09-29T03:58:58.984726+00:00
O006282,2026-06-18,C00297,P022,10,241.97,2419.70,sales.csv,2026-09-29T03:58:58.984726+00:00
O008979,2026-03-25,C00067,P033,10,40.31,403.10,sales.csv,2026-09-29T03:58:58.984726+00:00
O001429,2026-05-18,C00109,P014,9,686.85,6181.65,sales.csv,2026-09-29T03:58:58.984726+00:00
O007677,2026-02-07,C00468,P041,9,524.54,4720.86,sales.csv,2026-09-29T03:58:58.984726+00:00
O000154,2026-04-08,C00143,P049,7,331.65,2321.55,sales.csv,2026-09-29T03:58:58.984726+00:00
O002039,2026-06-19,C00369,P037,5,466.90,2334.50,sales.csv,2026-09-29T03:58:58.984726+00:00
O005545,2026-06-29,C00444,P008,2,618.42,1236.84,sales.csv,2026-09-29T03:58:58.984726+00:00
O002482,2026-06-30,C00294,P031,4,649.83,2599.32,sales.csv,2026-09-29T03:58:58.984726+00:00
O007894,2026-05-11,C00234,P024,5,675.23,3376.15,sales.csv,2026-09-29T03:58:58.984726+00:00
O007667,2026-01-01,C00006,P023,10,302.98,3029.80,sales.csv,2026-09-29T03:58:58.984726+00:00
O000744,2026-04-23,C00280,P014,7,135.23,946.61,sales.csv,2026-09-29T03:58:58.984726+00:00
O004316,2026-05-24,C00459,P016,2,438.86,877.72,sales.csv,2026-09-29T03:58:58.984726+00:00
O003010,2026-03-15,C00116,P013,3,569.93,1709.79,sales.csv,2026-09-29T03:58:58.984726+00:00
O006642,2026-02-04,C00418,P002,8,10.23,81.84,sales.csv,2026-09-29T03:58:58.984726+00:00
O001908,2026-06-20,C00174,P011,10,393.58,3935.80,sales.csv,2026-09-29T03:58:58.984726+00:00
O009479,2026-02-16,C00498,P016,6,246.92,1481.52,sales.csv,2026-09-29T03:58:58.984726+00:00
O002689,2026-04-18,C00282,P032,9,700.62,6305.58,sales.csv,2026-09-29T03:58:58.984726+00:00
O003798,2026-06-09,C00212,P004,4,285.65,1142.60,sales.csv,2026-09-29T03:58:58.984726+00:00
O006713,2026-02-26,C00457,P027,8,470.34,3762.72,sales.csv,2026-09-29T03:58:58.984726+00:00
O004285,2026-04-21,C00054,P033,7,279.34,1955.38,sales.csv,2026-09-29T03:58:58.984726+00:00
O007875,2026-04-10,C00417,P037,4,59.61,238.44,sales.csv,2026-09-29T03:58:58.984726+00:00
O001604,2026-06-04,C00477,P028,10,236.66,2366.60,sales.csv,2026-09-29T03:58:58.984726+00:00
O005006,2026-04-27,C00492,P033,9,867.47,7807.23,sales.csv,2026-09-29T03:58:58.984726+00:00
O008147,2026-02-09,C00007,P007,3,345.22,1035.66,sales.csv,2026-09-29T03:58:58.984726+00:00
O006143,2026-05-09,C00403,P023,9,696.21,6265.89,sales.csv,2026-09-29T03:58:58.984726+00:00
O008936,2026-04-06,C00388,P038,7,453.78,3176.46,sales.csv,2026-09-29T03:58:58.984726+00:00
O008130,2026-02-22,C00211,P030,2,342.06,684.12,sales.csv,2026-09-29T03:58:58.984726+00:00
O008557,2026-02-18,C00123,P030,10,302.16,3021.60,sales.csv,2026-09-29T03:58:58.984726+00:00
O005532,2026-01-15,C00200,P020,5,984.14,4920.70,sales.csv,2026-09-29T03:58:58.984726+00:00
O007157,2026-06-27,C00072,P043,7,555.80,3890.60,sales.csv,2026-09-29T03:58:58.984726+00:00
O005512,2026-01-08,C00335,P024,10,951.43,9514.30,sales.csv,2026-09-29T03:58:58.984726+00:00
O005328,2026-06-23,C00287,P041,3,926.48,2779.44,sales.csv,2026-09-29T03:58:58.984726+00:00
O006077,2026-06-16,C00025,P020,10,563.61,5636.10,sales.csv,2026-09-29T03:58:58.984726+00:00
O002886,2026-05-16,C00264,P021,5,929.66,4648.30,sales.csv,2026-09-29T03:58:58.984726+00:00
O000254,2026-03-23,C00321,P046,8,710.12,5680.96,sales.csv,2026-09-29T03:58:58.984726+00:00
O006215,2026-04-30,C00068,P044,7,990.61,6934.27,sales.csv,2026-09-29T03:58:58.984726+00:00
O006814,2026-05-08,C00413,P014,8,172.44,1379.52,sales.csv,2026-09-29T03:58:58.984726+00:00
O000090,2026-04-24,C00283,P046,7,736.19,5153.33,sales.csv,2026-09-29T03:58:58.984726+00:00
O007356,2026-01-20,C00452,P049,7,686.46,4805.22,sales.csv,2026-09-29T03:58:58.984726+00:00
O002033,2026-05-15,C00323,P042,9,111.06,999.54,sales.csv,2026-09-29T03:58:58.984726+00:00
O007378,2026-05-30,C00182,P026,2,177.25,354.50,sales.csv,2026-09-29T03:58:58.984726+00:00
O004584,2026-03-22,C00184,P046,3,266.57,799.71,sales.csv,2026-09-29T03:58:58.984726+00:00
O003887,2026-06-11,C00160,P044,10,563.29,5632.90,sales.csv,2026-09-29T03:58:58.984726+00:00
O009250,2026-06-28,C00471,P018,1,623.22,623.22,sales.csv,2026-09-29T03:58:58.984726+00:00
O001946,2026-01-29,C00163,P035,7,623.40,4363.80,sales.csv,2026-09-29T03:58:58.984726+00:00
O006573,2026-02-09,C00470,P014,9,843.77,7593.93,sales.csv,2026-09-29T03:58:58.984726+00:00
O003198,2026-03-11,C00442,P006,2,97.84,195.68,sales.csv,2026-09-29T03:58:58.984726+00:00
O000613,2026-02-04,C00199,P016,5,267.51,1337.55,sales.csv,2026-09-29T03:58:58.984726+00:00
O002546,2026-02-13,C00163,P049,7,237.81,1664.67,sales.csv,2026-09-29T03:58:58.984726+00:00
O004206,2026-04-12,C00302,P014,7,564.74,3953.18,sales.csv,2026-09-29T03:58:58.984726+00:00
O007774,2026-03-28,C00340,P037,8,357.66,2861.28,sales.csv,2026-09-29T03:58:58.984726+00:00
O000538,2026-04-12,C00420,P023,3,381.70,1145.10,sales.csv,2026-09-29T03:58:58.984726+00:00
O003083,2026-05-23,C00112,P027,1,760.65,760.65,sales.csv,2026-09-29T03:58:58.984726+00:00
O009018,2026-02-18,C00468,P026,6,48.42,290.52,sales.csv,2026-09-29T03:58:58.984726+00:00
O000782,2026-02-12,C00226,P023,4,824.23,3296.92,sales.csv,2026-09-29T03:58:58.984726+00:00
O004722,2026-06-30,C00045,P043,8,232.92,1863.36,sales.csv,2026-09-29T03:58:58.984726+00:00
O007376,2026-06-25,C00416,P008,9,656.98,5912.82,sales.csv,2026-09-29T03:58:58.984726+00:00
O007980,2026-04-15,C00089,P037,2,622.13,1244.26,sales.csv,2026-09-29T03:58:58.984726+00:00
O005267,2026-04-22,C00190,P037,8,356.01,2848.08,sales.csv,2026-09-29T03:58:58.984726+00:00
O005339,2026-01-13,C00461,P025,4,833.87,3335.48,sales.csv,2026-09-29T03:58:58.984726+00:00
O003687,2026-03-06,C00486,P047,1,936.34,936.34,sales.csv,2026-09-29T03:58:58.984726+00:00
O007051,2026-06-24,C00431,P010,4,254.05,1016.20,sales.csv,2026-09-29T03:58:58.984726+00:00
O003002,2026-05-02,C00166,P049,4,961.29,3845.16,sales.csv,2026-09-29T03:58:58.984726+00:00
O000155,2026-01-21,C00241,P002,9,69.26,623.34,sales.csv,2026-09-29T03:58:58.984726+00:00
O003118,2026-03-08,C00408,P019,6,412.36,2474.16,sales.csv,2026-09-29T03:58:58.984726+00:00
O002959,2026-01-08,C00468,P036,1,552.70,552.70,sales.csv,2026-09-29T03:58:58.984726+00:00
O003040,2026-05-04,C00027,P025,7,912.52,6387.64,sales.csv,2026-09-29T03:58:58.984726+00:00
O000199,2026-03-19,C00044,P016,2,732.47,1464.94,sales.csv,2026-09-29T03:58:58.984726+00:00
O009194,2026-05-30,C00178,P015,9,31.78,286.02,sales.csv,2026-09-29T03:58:58.984726+00:00
O005518,2026-04-15,C00089,P040,5,871.42,4357.10,sales.csv,2026-09-29T03:58:58.984726+00:00
O002716,2026-02-12,C00028,P024,7,256.23,1793.61,sales.csv,2026-09-29T03:58:58.984726+00:00
O006690,2026-06-11,C00294,P023,9,372.50,3352.50,sales.csv,2026-09-29T03:58:58.984726+00:00
O002999,2026-05-29,C00179,P038,10,530.23,5302.30,sales.csv,2026-09-29T03:58:58.984726+00:00
O001806,2026-03-27,C00034,P038,7,116.93,818.51,sales.csv,2026-09-29T03:58:58.984726+00:00
O008978,2026-04-23,C00394,P036,1,976.43,976.43,sales.csv,2026-09-29T03:58:58.984726+00:00
O007750,2026-03-10,C00477,P048,7,830.67,5814.69,sales.csv,2026-09-29T03:58:58.984726+00:00
O000529,2026-02-05,C00266,P014,9,427.04,3843.36,sales.csv,2026-09-29T03:58:58.984726+00:00
O000692,2026-04-29,C00483,P046,4,575.69,2302.76,sales.csv,2026-09-29T03:58:58.984726+00:00
O005312,2026-01-07,C00308,P042,3,755.46,2266.38,sales.csv,2026-09-29T03:58:58.984726+00:00
O004851,2026-06-25,C00062,P027,7,791.34,5539.38,sales.csv,2026-09-29T03:58:58.984726+00:00
O006490,2026-06-07,C00097,P015,3,677.67,2033.01,sales.csv,2026-09-29T03:58:58.984726+00:00
O003005,2026-03-06,C00059,P003,2,579.72,1159.44,sales.csv,2026-09-29T03:58:58.984726+00:00
O003838,2026-03-08,C00283,P013,8,370.15,2961.20,sales.csv,2026-09-29T03:58:58.984726+00:00
O000793,2026-06-13,C00305,P005,9,16.81,151.29,sales.csv,2026-09-29T03:58:58.984726+00:00
O003939,2026-02-23,C00118,P038,8,10.37,82.96,sales.csv,2026-09-29T03:58:58.984726+00:00
O008241,2026-02-28,C00291,P007,8,891.90,7135.20,sales.csv,2026-09-29T03:58:58.984726+00:00
O008889,2026-03-20,C00171,P049,3,990.32,2970.96,sales.csv,2026-09-29T03:58:58.984726+00:00
O003176,2026-04-12,C00361,P009,8,642.17,5137.36,sales.csv,2026-09-29T03:58:58.984726+00:00
O003183,2026-01-12,C00158,P029,7,291.07,2037.49,sales.csv,2026-09-29T03:58:58.984726+00:00
O000347,2026-03-30,C00221,P008,5,889.95,4449.75,sales.csv,2026-09-29T03:58:58.984726+00:00
O004502,2026-04-18,C00040,P006,5,48.81,244.05,sales.csv,2026-09-29T03:58:58.984726+00:00
O008281,2026-01-14,C00392,P044,9,531.68,4785.12,sales.csv,2026-09-29T03:58:58.984726+00:00
O004066,2026-01-22,C00361,P050,3,841.69,2525.07,sales.csv,2026-09-29T03:58:58.984726+00:00
O007291,2026-05-02,C00096,P035,2,545.90,1091.80,sales.csv,2026-09-29T03:58:58.984726+00:00
O000307,2026-05-31,C00166,P002,3,348.82,1046.46,sales.csv,2026-09-29T03:58:58.984726+00:00
O008461,2026-01-28,C00283,P037,4,869.57,3478.28,sales.csv,2026-09-29T03:58:58.984726+00:00
O000681,2026-03-06,C00484,P016,8,779.31,6234.48,sales.csv,2026-09-29T03:58:58.984726+00:00
O006916,2026-03-03,C00015,P009,9,23.53,211.77,sales.csv,2026-09-29T03:58:58.984726+00:00
O004041,2026-03-09,C00450,P043,6,623.10,3738.60,sales.csv,2026-09-29T03:58:58.984726+00:00
O007504,2026-03-26,C00176,P002,8,353.56,2828.48,sales.csv,2026-09-29T03:58:58.984726+00:00
O009160,2026-04-28,C00010,P015,7,505.62,3539.34,sales.csv,2026-09-29T03:58:58.984726+00:00
O007967,2026-02-06,C00272,P001,6,325.50,1953.00,sales.csv,2026-09-29T03:58:58.984726+00:00
O000896,2026-05-26,C00017,P012,10,418.09,4180.90,sales.csv,2026-09-29T03:58:58.984726+00:00
O004396,2026-02-09,C00213,P007,7,301.49,2110.43,sales.csv,2026-09-29T03:58:58.984726+00:00
O009115,2026-05-07,C00422,P041,3,413.30,1239.90,sales.csv,2026-09-29T03:58:58.984726+00:00
O001639,2026-03-22,C00493,P034,1,128.61,128.61,sales.csv,2026-09-29T03:58:58.984726+00:00
O001169,2026-02-08,C00188,P026,4,773.80,3095.20,sales.csv,2026-09-29T03:58:58.984726+00:00
O000832,2026-06-12,C00430,P045,1,440.11,440.11,sales.csv,2026-09-29T03:58:58.984726+00:00
O007819,2026-05-16,C00161,P021,2,522.49,1044.98,sales.csv,2026-09-29T03:58:58.984726+00:00
O003039,2026-05-17,C00312,P025,1,725.16,725.16,sales.csv,2026-09-29T03:58:58.984726+00:00
O000120,2026-04-24,C00346,P014,9,621.21,5590.89,sales.csv,2026-09-29T03:58:58.984726+00:00
O001848,2026-03-31,C00015,P006,3,979.05,2937.15,sales.csv,2026-09-29T03:58:58.984726+00:00
O007460,2026-05-01,C00099,P028,8,38.72,309.76,sales.csv,2026-09-29T03:58:58.984726+00:00
O000231,2026-06-28,C00249,P008,1,826.78,826.78,sales.csv,2026-09-29T03:58:58.984726+00:00
O000144,2026-04-08,C00245,P001,6,392.39,2354.34,sales.csv,2026-09-29T03:58:58.984726+00:00
O004235,2026-06-17,C00018,P024,3,513.22,1539.66,sales.csv,2026-09-29T03:58:58.984726+00:00
O003982,2026-02-07,C00165,P048,6,534.46,3206.76,sales.csv,2026-09-29T03:58:58.984726+00:00
O008393,2026-04-04,C00306,P012,1,428.27,428.27,sales.csv,2026-09-29T03:58:58.984726+00:00
O002865,2026-03-23,C00386,P023,7,105.55,738.85,sales.csv,2026-09-29T03:58:58.984726+00:00
O008370,2026-06-27,C00088,P034,1,769.53,769.53,sales.csv,2026-09-29T03:58:58.984726+00:00
O007952,2026-06-17,C00470,P011,5,265.39,1326.95,sales.csv,2026-09-29T03:58:58.984726+00:00
O002100,2026-03-28,C00162,P026,3,569.94,1709.82,sales.csv,2026-09-29T03:58:58.984726+00:00
O005731,2026-02-22,C00195,P049,7,184.31,1290.17,sales.csv,2026-09-29T03:58:58.984726+00:00
O008086,2026-04-11,C00157,P005,2,779.21,1558.42,sales.csv,2026-09-29T03:58:58.984726+00:00
O001151,2026-03-16,C00344,P005,5,129.71,648.55,sales.csv,2026-09-29T03:58:58.984726+00:00
O005577,2026-01-26,C00439,P042,5,325.22,1626.10,sales.csv,2026-09-29T03:58:58.984726+00:00
O001102,2026-06-08,C00445,P050,8,296.63,2373.04,sales.csv,2026-09-29T03:58:58.984726+00:00
O000085,2026-03-14,C00310,P014,6,267.85,1607.10,sales.csv,2026-09-29T03:58:58.984726+00:00
O005588,2026-06-01,C00290,P011,6,428.49,2570.94,sales.csv,2026-09-29T03:58:58.984726+00:00
O006382,2026-03-14,C00006,P038,4,17.51,70.04,sales.csv,2026-09-29T03:58:58.984726+00:00
O008161,2026-03-11,C00212,P049,7,201.02,1407.14,sales.csv,2026-09-29T03:58:58.984726+00:00
O007260,2026-01-16,C00185,P047,1,782.03,782.03,sales.csv,2026-09-29T03:58:58.984726+00:00
O006155,2026-02-18,C00302,P049,5,237.29,1186.45,sales.csv,2026-09-29T03:58:58.984726+00:00
O000642,2026-03-12,C00275,P019,1,659.26,659.26,sales.csv,2026-09-29T03:58:58.984726+00:00
O004881,2026-02-12,C00308,P043,7,734.59,5142.13,sales.csv,2026-09-29T03:58:58.984726+00:00
O009241,2026-03-11,C00348,P048,9,802.03,7218.27,sales.csv,2026-09-29T03:58:58.984726+00:00
O008977,2026-05-07,C00406,P014,4,708.21,2832.84,sales.csv,2026-09-29T03:58:58.984726+00:00
O002400,2026-06-06,C00377,P028,3,632.76,1898.28,sales.csv,2026-09-29T03:58:58.984726+00:00
O003810,2026-04-03,C00320,P021,10,586.38,5863.80,sales.csv,2026-09-29T03:58:58.984726+00:00
O000686,2026-03-18,C00165,P039,4,628.84,2515.36,sales.csv,2026-09-29T03:58:58.984726+00:00
O007151,2026-02-22,C00184,P032,2,787.59,1575.18,sales.csv,2026-09-29T03:58:58.984726+00:00
O008603,2026-06-26,C00169,P039,7,239.54,1676.78,sales.csv,2026-09-29T03:58:58.984726+00:00
O002931,2026-06-13,C00056,P018,9,589.86,5308.74,sales.csv,2026-09-29T03:58:58.984726+00:00
O003122,2026-03-09,C00392,P036,8,974.67,7797.36,sales.csv,2026-09-29T03:58:58.984726+00:00
O004607,2026-01-30,C00435,P033,3,713.39,2140.17,sales.csv,2026-09-29T03:58:58.984726+00:00
O002447,2026-02-05,C00014,P039,2,696.50,1393.00,sales.csv,2026-09-29T03:58:58.984726+00:00
O002710,2026-03-08,C00471,P037,9,402.12,3619.08,sales.csv,2026-09-29T03:58:58.984726+00:00
O005323,2026-01-12,C00262,P012,7,796.78,5577.46,sales.csv,2026-09-29T03:58:58.984726+00:00
O002013,2026-06-24,C00349,P008,7,490.63,3434.41,sales.csv,2026-09-29T03:58:58.984726+00:00
O009480,2026-05-28,C00412,P015,4,22.88,91.52,sales.csv,2026-09-29T03:58:58.984726+00:00
O008266,2026-05-05,C00003,P015,10,941.24,9412.40,sales.csv,2026-09-29T03:58:58.984726+00:00
O009460,2026-01-20,C00006,P039,3,184.41,553.23,sales.csv,2026-09-29T03:58:58.984726+00:00
O002148,2026-04-26,C00342,P029,3,955.02,2865.06,sales.csv,2026-09-29T03:58:58.984726+00:00
O001768,2026-06-15,C00011,P019,4,83.50,334.00,sales.csv,2026-09-29T03:58:58.984726+00:00
O007322,2026-05-04,C00061,P044,2,421.33,842.66,sales.csv,2026-09-29T03:58:58.984726+00:00
O001877,2026-01-14,C00426,P005,8,889.80,7118.40,sales.csv,2026-09-29T03:58:58.984726+00:00
O001243,2026-03-12,C00116,P039,4,597.06,2388.24,sales.csv,2026-09-29T03:58:58.984726+00:00
O000091,2026-01-03,C00058,P005,3,716.11,2148.33,sales.csv,2026-09-29T03:58:58.984726+00:00
O001564,2026-04-30,C00291,P009,2,916.66,1833.32,sales.csv,2026-09-29T03:58:58.984726+00:00
O006096,2026-03-14,C00169,P046,1,297.27,297.27,sales.csv,2026-09-29T03:58:58.984726+00:00
O003177,2026-06-03,C00211,P044,4,38.96,155.84,sales.csv,2026-09-29T03:58:58.984726+00:00
O008527,2026-06-22,C00352,P018,2,523.85,1047.70,sales.csv,2026-09-29T03:58:58.984726+00:00
O008720,2026-01-23,C00489,P008,4,397.62,1590.48,sales.csv,2026-09-29T03:58:58.984726+00:00
O002242,2026-06-08,C00228,P012,4,181.45,725.80,sales.csv,2026-09-29T03:58:58.984726+00:00
O000213,2026-05-26,C00472,P019,8,163.99,1311.92,sales.csv,2026-09-29T03:58:58.984726+00:00
O004927,2026-05-20,C00217,P040,9,810.24,7292.16,sales.csv,2026-09-29T03:58:58.984726+00:00
O008193,2026-06-23,C00307,P010,5,952.95,4764.75,sales.csv,2026-09-29T03:58:58.984726+00:00
O005037,2026-04-14,C00469,P012,1,486.04,486.04,sales.csv,2026-09-29T03:58:58.984726+00:00
O006811,2026-06-22,C00485,P033,2,134.04,268.08,sales.csv,2026-09-29T03:58:58.984726+00:00
O007823,2026-02-20,C00405,P028,8,315.77,2526.16,sales.csv,2026-09-29T03:58:58.984726+00:00
O008127,2026-04-24,C00488,P034,10,766.44,7664.40,sales.csv,2026-09-29T03:58:58.984726+00:00
O007428,2026-04-20,C00253,P023,4,896.57,3586.28,sales.csv,2026-09-29T03:58:58.984726+00:00
O008699,2026-01-16,C00483,P030,9,846.72,7620.48,sales.csv,2026-09-29T03:58:58.984726+00:00
O003599,2026-02-06,C00431,P044,4,22.91,91.64,sales.csv,2026-09-29T03:58:58.984726+00:00
O009119,2026-05-23,C00388,P012,9,34.08,306.72,sales.csv,2026-09-29T03:58:58.984726+00:00
O002412,2026-04-22,C00491,P017,6,668.95,4013.70,sales.csv,2026-09-29T03:58:58.984726+00:00
O000564,2026-05-30,C00371,P037,1,343.82,343.82,sales.csv,2026-09-29T03:58:58.984726+00:00
O004727,2026-02-06,C00317,P006,9,878.89,7910.01,sales.csv,2026-09-29T03:58:58.984726+00:00
O005776,2026-06-09,C00468,P008,6,253.97,1523.82,sales.csv,2026-09-29T03:58:58.984726+00:00
O007576,2026-03-31,C00103,P020,2,100.65,201.30,sales.csv,2026-09-29T03:58:58.984726+00:00
O004896,2026-03-21,C00078,P005,8,16.22,129.76,sales.csv,2026-09-29T03:58:58.984726+00:00
O006003,2026-03-28,C00165,P048,2,180.32,360.64,sales.csv,2026-09-29T03:58:58.984726+00:00
O002072,2026-06-18,C00240,P009,5,948.64,4743.20,sales.csv,2026-09-29T03:58:58.984726+00:00
O007142,2026-03-04,C00216,P004,2,439.53,879.06,sales.csv,2026-09-29T03:58:58.984726+00:00
O000462,2026-05-06,C00103,P008,3,98.06,294.18,sales.csv,2026-09-29T03:58:58.984726+00:00
O006846,2026-06-01,C00340,P043,2,33.65,67.30,sales.csv,2026-09-29T03:58:58.984726+00:00
O009210,2026-06-06,C00481,P037,7,606.27,4243.89,sales.csv,2026-09-29T03:58:58.984726+00:00
O005824,2026-04-07,C00316,P002,4,884.95,3539.80,sales.csv,2026-09-29T03:58:58.984726+00:00
O002563,2026-02-01,C00208,P001,10,250.27,2502.70,sales.csv,2026-09-29T03:58:58.984726+00:00
O009295,2026-03-09,C00318,P009,8,243.09,1944.72,sales.csv,2026-09-29T03:58:58.984726+00:00
O007847,2026-02-07,C00432,P022,10,402.25,4022.50,sales.csv,2026-09-29T03:58:58.984726+00:00
O002604,2026-06-07,C00103,P006,1,499.53,499.53,sales.csv,2026-09-29T03:58:58.984726+00:00
O008912,2026-04-25,C00006,P018,4,251.46,1005.84,sales.csv,2026-09-29T03:58:58.984726+00:00
O003992,2026-04-18,C00451,P008,9,714.02,6426.18,sales.csv,2026-09-29T03:58:58.984726+00:00
O000429,2026-01-12,C00326,P025,6,333.46,2000.76,sales.csv,2026-09-29T03:58:58.984726+00:00
O007539,2026-01-15,C00442,P044,4,707.36,2829.44,sales.csv,2026-09-29T03:58:58.984726+00:00
O004320,2026-04-15,C00003,P044,9,359.23,3233.07,sales.csv,2026-09-29T03:58:58.984726+00:00
O001193,2026-02-04,C00323,P033,1,751.08,751.08,sales.csv,2026-09-29T03:58:58.984726+00:00
O004229,2026-01-21,C00031,P038,2,194.56,389.12,sales.csv,2026-09-29T03:58:58.984726+00:00
O007751,2026-06-29,C00071,P032,3,64.01,192.03,sales.csv,2026-09-29T03:58:58.984726+00:00
O005848,2026-05-10,C00081,P008,4,753.46,3013.84,sales.csv,2026-09-29T03:58:58.984726+00:00
O006986,2026-03-21,C00002,P047,8,760.38,6083.04,sales.csv,2026-09-29T03:58:58.984726+00:00
O004278,2026-05-11,C00063,P031,10,365.77,3657.70,sales.csv,2026-09-29T03:58:58.984726+00:00
O000811,2026-04-06,C00065,P048,5,961.67,4808.35,sales.csv,2026-09-29T03:58:58.984726+00:00
O000597,2026-06-02,C00018,P029,10,881.83,8818.30,sales.csv,2026-09-29T03:58:58.984726+00:00
O002881,2026-01-22,C00181,P036,4,865.39,3461.56,sales.csv,2026-09-29T03:58:58.984726+00:00
O006738,2026-05-15,C00265,P030,10,416.25,4162.50,sales.csv,2026-09-29T03:58:58.984726+00:00
O000897,2026-06-06,C00114,P041,10,137.45,1374.50,sales.csv,2026-09-29T03:58:58.984726+00:00
O002249,2026-05-10,C00420,P036,1,554.20,554.20,sales.csv,2026-09-29T03:58:58.984726+00:00
O004995,2026-02-28,C00170,P015,5,16.48,82.40,sales.csv,2026-09-29T03:58:58.984726+00:00
O002465,2026-02-04,C00473,P035,8,119.54,956.32,sales.csv,2026-09-29T03:58:58.984726+00:00
O002985,2026-01-28,C00238,P027,7,195.20,1366.40,sales.csv,2026-09-29T03:58:58.984726+00:00
O007218,2026-04-23,C00042,P042,2,405.18,810.36,sales.csv,2026-09-29T03:58:58.984726+00:00
O003108,2026-05-01,C00338,P034,9,579.05,5211.45,sales.csv,2026-09-29T03:58:58.984726+00:00
O000511,2026-04-04,C00387,P010,4,790.66,3162.64,sales.csv,2026-09-29T03:58:58.984726+00:00
O007517,2026-04-22,C00221,P029,10,707.33,7073.30,sales.csv,2026-09-29T03:58:58.984726+00:00
O004767,2026-03-19,C00102,P031,5,857.88,4289.40,sales.csv,2026-09-29T03:58:58.984726+00:00
O002399,2026-02-12,C00242,P029,7,663.29,4643.03,sales.csv,2026-09-29T03:58:58.984726+00:00
O006453,2026-02-09,C00388,P027,7,22.01,154.07,sales.csv,2026-09-29T03:58:58.984726+00:00
O004153,2026-06-05,C00296,P046,7,986.17,6903.19,sales.csv,2026-09-29T03:58:58.984726+00:00
O005311,2026-02-09,C00266,P050,7,231.70,1621.90,sales.csv,2026-09-29T03:58:58.984726+00:00
O002386,2026-01-11,C00267,P027,5,984.76,4923.80,sales.csv,2026-09-29T03:58:58.984726+00:00
O002764,2026-03-06,C00326,P012,2,186.77,373.54,sales.csv,2026-09-29T03:58:58.984726+00:00
O009340,2026-01-30,C00454,P046,6,967.12,5802.72,sales.csv,2026-09-29T03:58:58.984726+00:00
O008689,2026-04-21,C00338,P040,6,607.44,3644.64,sales.csv,2026-09-29T03:58:58.984726+00:00
O006996,2026-06-21,C00232,P032,7,552.44,3867.08,sales.csv,2026-09-29T03:58:58.984726+00:00
O004367,2026-03-27,C00253,P015,7,738.19,5167.33,sales.csv,2026-09-29T03:58:58.984726+00:00
O000103,2026-01-07,C00338,P013,7,431.25,3018.75,sales.csv,2026-09-29T03:58:58.984726+00:00
O006334,2026-06-16,C00339,P015,1,373.56,373.56,sales.csv,2026-09-29T03:58:58.984726+00:00
O001582,2026-05-23,C00050,P029,3,404.74,1214.22,sales.csv,2026-09-29T03:58:58.984726+00:00
O004021,2026-06-07,C00211,P007,1,897.30,897.30,sales.csv,2026-09-29T03:58:58.984726+00:00
O006774,2026-02-16,C00265,P025,2,282.38,564.76,sales.csv,2026-09-29T03:58:58.984726+00:00
O004685,2026-01-16,C00310,P047,3,994.21,2982.63,sales.csv,2026-09-29T03:58:58.984726+00:00
O000206,2026-01-01,C00210,P029,10,616.92,6169.20,sales.csv,2026-09-29T03:58:58.984726+00:00
O008661,2026-04-26,C00457,P030,1,385.26,385.26,sales.csv,2026-09-29T03:58:58.984726+00:00
O000375,2026-01-20,C00331,P006,10,779.67,7796.70,sales.csv,2026-09-29T03:58:58.984726+00:00
O008033,2026-03-11,C00476,P035,1,840.78,840.78,sales.csv,2026-09-29T03:58:58.984726+00:00
O000781,2026-05-16,C00289,P001,10,852.99,8529.90,sales.csv,2026-09-29T03:58:58.984726+00:00
O003620,2026-03-21,C00269,P007,10,618.49,6184.90,sales.csv,2026-09-29T03:58:58.984726+00:00
O003596,2026-05-21,C00365,P019,3,456.63,1369.89,sales.csv,2026-09-29T03:58:58.984726+00:00
O007468,2026-03-22,C00158,P001,2,714.39,1428.78,sales.csv,2026-09-29T03:58:58.984726+00:00
O002857,2026-01-13,C00411,P032,8,62.33,498.64,sales.csv,2026-09-29T03:58:58.984726+00:00
O006142,2026-03-12,C00030,P034,6,835.32,5011.92,sales.csv,2026-09-29T03:58:58.984726+00:00
O006627,2026-05-15,C00040,P035,9,819.30,7373.70,sales.csv,2026-09-29T03:58:58.984726+00:00
O003278,2026-05-20,C00143,P013,10,967.59,9675.90,sales.csv,2026-09-29T03:58:58.984726+00:00
O003074,2026-03-08,C00084,P025,8,978.31,7826.48,sales.csv,2026-09-29T03:58:58.984726+00:00
O000786,2026-04-09,C00180,P028,6,184.27,1105.62,sales.csv,2026-09-29T03:58:58.984726+00:00
O001539,2026-04-26,C00425,P020,4,689.25,2757.00,sales.csv,2026-09-29T03:58:58.984726+00:00
O007944,2026-04-27,C00225,P039,6,614.92,3689.52,sales.csv,2026-09-29T03:58:58.984726+00:00
O008484,2026-03-06,C00159,P040,1,600.12,600.12,sales.csv,2026-09-29T03:58:58.984726+00:00
O005971,2026-05-06,C00397,P008,9,260.47,2344.23,sales.csv,2026-09-29T03:58:58.984726+00:00
O002910,2026-01-01,C00049,P012,9,919.12,8272.08,sales.csv,2026-09-29T03:58:58.984726+00:00
O007956,2026-01-08,C00428,P025,10,339.93,3399.30,sales.csv,2026-09-29T03:58:58.984726+00:00
O005580,2026-05-09,C00356,P008,6,778.80,4672.80,sales.csv,2026-09-29T03:58:58.984726+00:00
O005269,2026-04-08,C00493,P005,7,274.44,1921.08,sales.csv,2026-09-29T03:58:58.984726+00:00
O004464,2026-01-06,C00343,P006,8,495.49,3963.92,sales.csv,2026-09-29T03:58:58.984726+00:00
O003812,2026-03-19,C00052,P036,3,200.25,600.75,sales.csv,2026-09-29T03:58:58.984726+00:00
O002516,2026-01-31,C00093,P039,3,7.97,23.91,sales.csv,2026-09-29T03:58:58.984726+00:00
O009221,2026-06-23,C00317,P007,8,886.95,7095.60,sales.csv,2026-09-29T03:58:58.984726+00:00
O005375,2026-03-21,C00097,P002,9,881.95,7937.55,sales.csv,2026-09-29T03:58:58.984726+00:00
O001167,2026-06-01,C00109,P003,9,342.59,3083.31,sales.csv,2026-09-29T03:58:58.984726+00:00
O009132,2026-06-17,C00018,P031,5,934.06,4670.30,sales.csv,2026-09-29T03:58:58.984726+00:00
O002971,2026-06-10,C00160,P047,1,636.64,636.64,sales.csv,2026-09-29T03:58:58.984726+00:00
O003130,2026-04-26,C00380,P028,5,994.08,4970.40,sales.csv,2026-09-29T03:58:58.984726+00:00
O009314,2026-04-29,C00107,P011,1,154.97,154.97,sales.csv,2026-09-29T03:58:58.984726+00:00
O003103,2026-04-07,C00426,P038,1,862.22,862.22,sales.csv,2026-09-29T03:58:58.984726+00:00
O004096,2026-01-18,C00143,P007,9,702.52,6322.68,sales.csv,2026-09-29T03:58:58.984726+00:00
O007678,2026-01-05,C00413,P025,1,378.53,378.53,sales.csv,2026-09-29T03:58:58.984726+00:00
O002163,2026-05-16,C00163,P025,5,120.30,601.50,sales.csv,2026-09-29T03:58:58.984726+00:00
O004207,2026-03-02,C00147,P016,10,217.13,2171.30,sales.csv,2026-09-29T03:58:58.984726+00:00
O005407,2026-03-08,C00142,P038,8,374.67,2997.36,sales.csv,2026-09-29T03:58:58.984726+00:00
O005853,2026-01-01,C00450,P014,4,3.59,14.36,sales.csv,2026-09-29T03:58:58.984726+00:00
O006310,2026-02-08,C00102,P009,4,561.84,2247.36,sales.csv,2026-09-29T03:58:58.984726+00:00
O003710,2026-06-12,C00318,P032,3,702.51,2107.53,sales.csv,2026-09-29T03:58:58.984726+00:00
O003652,2026-06-07,C00276,P048,4,415.88,1663.52,sales.csv,2026-09-29T03:58:58.984726+00:00
O008388,2026-04-02,C00411,P035,9,10.16,91.44,sales.csv,2026-09-29T03:58:58.984726+00:00
O001408,2026-03-25,C00258,P045,4,201.79,807.16,sales.csv,2026-09-29T03:58:58.984726+00:00
O005526,2026-02-08,C00049,P012,2,488.73,977.46,sales.csv,2026-09-29T03:58:58.984726+00:00
O004031,2026-06-17,C00464,P012,7,58.50,409.50,sales.csv,2026-09-29T03:58:58.984726+00:00
O003374,2026-05-12,C00277,P016,1,491.51,491.51,sales.csv,2026-09-29T03:58:58.984726+00:00
O000406,2026-06-04,C00071,P017,1,841.40,841.40,sales.csv,2026-09-29T03:58:58.984726+00:00
O001934,2026-05-05,C00401,P002,1,111.00,111.00,sales.csv,2026-09-29T03:58:58.984726+00:00
O005977,2026-02-04,C00110,P026,3,213.68,641.04,sales.csv,2026-09-29T03:58:58.984726+00:00
O001776,2026-04-01,C00146,P030,3,811.85,2435.55,sales.csv,2026-09-29T03:58:58.984726+00:00
O007738,2026-05-19,C00406,P048,4,401.17,1604.68,sales.csv,2026-09-29T03:58:58.984726+00:00
O002480,2026-02-07,C00383,P043,1,785.96,785.96,sales.csv,2026-09-29T03:58:58.984726+00:00
O003711,2026-02-25,C00500,P023,2,896.45,1792.90,sales.csv,2026-09-29T03:58:58.984726+00:00
O005042,2026-01-04,C00464,P042,7,487.23,3410.61,sales.csv,2026-09-29T03:58:58.984726+00:00
O000419,2026-04-19,C00057,P050,5,312.47,1562.35,sales.csv,2026-09-29T03:58:58.984726+00:00
O003816,2026-06-19,C00485,P010,8,128.23,1025.84,sales.csv,2026-09-29T03:58:58.984726+00:00
O003510,2026-04-23,C00126,P021,10,717.42,7174.20,sales.csv,2026-09-29T03:58:58.984726+00:00
O006636,2026-01-21,C00078,P016,10,524.17,5241.70,sales.csv,2026-09-29T03:58:58.984726+00:00
O000280,2026-04-04,C00272,P033,5,216.67,1083.35,sales.csv,2026-09-29T03:58:58.984726+00:00
O001489,2026-05-25,C00447,P043,3,213.49,640.47,sales.csv,2026-09-29T03:58:58.984726+00:00
O001596,2026-06-10,C00163,P046,7,533.19,3732.33,sales.csv,2026-09-29T03:58:58.984726+00:00
O009110,2026-05-13,C00396,P040,7,285.48,1998.36,sales.csv,2026-09-29T03:58:58.984726+00:00
O007475,2026-05-12,C00219,P043,2,441.87,883.74,sales.csv,2026-09-29T03:58:58.984726+00:00
O003217,2026-03-01,C00031,P050,8,331.33,2650.64,sales.csv,2026-09-29T03:58:58.984726+00:00
O007682,2026-01-11,C00368,P038,1,338.08,338.08,sales.csv,2026-09-29T03:58:58.984726+00:00
O003065,2026-04-09,C00228,P003,4,270.65,1082.60,sales.csv,2026-09-29T03:58:58.984726+00:00
O001127,2026-01-02,C00321,P005,4,879.62,3518.48,sales.csv,2026-09-29T03:58:58.984726+00:00
O003976,2026-01-07,C00344,P018,4,308.78,1235.12,sales.csv,2026-09-29T03:58:58.984726+00:00
O007522,2026-01-22,C00042,P002,4,687.29,2749.16,sales.csv,2026-09-29T03:58:58.984726+00:00
O000495,2026-03-05,C00073,P007,1,381.38,381.38,sales.csv,2026-09-29T03:58:58.984726+00:00
O000982,2026-03-29,C00372,P046,4,900.57,3602.28,sales.csv,2026-09-29T03:58:58.984726+00:00
O007859,2026-03-13,C00442,P032,2,342.01,684.02,sales.csv,2026-09-29T03:58:58.984726+00:00
O009463,2026-03-14,C00229,P016,3,58.31,174.93,sales.csv,2026-09-29T03:58:58.984726+00:00
O006806,2026-06-21,C00296,P002,7,133.73,936.11,sales.csv,2026-09-29T03:58:58.984726+00:00
O002326,2026-03-21,C00222,P046,8,209.11,1672.88,sales.csv,2026-09-29T03:58:58.984726+00:00
O001026,2026-02-21,C00184,P046,7,388.12,2716.84,sales.csv,2026-09-29T03:58:58.984726+00:00
O001402,2026-06-14,C00154,P003,10,501.10,5011.00,sales.csv,2026-09-29T03:58:58.984726+00:00
O002006,2026-05-07,C00058,P047,3,163.07,489.21,sales.csv,2026-09-29T03:58:58.984726+00:00
O007826,2026-01-15,C00233,P009,3,700.89,2102.67,sales.csv,2026-09-29T03:58:58.984726+00:00
O006429,2026-05-20,C00301,P008,1,284.58,284.58,sales.csv,2026-09-29T03:58:58.984726+00:00
O005495,2026-04-07,C00348,P021,5,775.77,3878.85,sales.csv,2026-09-29T03:58:58.984726+00:00
O005479,2026-02-07,C00485,P016,8,327.50,2620.00,sales.csv,2026-09-29T03:58:58.984726+00:00
O009409,2026-03-07,C00197,P040,4,746.84,2987.36,sales.csv,2026-09-29T03:58:58.984726+00:00
O003175,2026-03-23,C00339,P008,6,914.53,5487.18,sales.csv,2026-09-29T03:58:58.984726+00:00
O005673,2026-04-01,C00407,P012,8,713.12,5704.96,sales.csv,2026-09-29T03:58:58.984726+00:00
O008877,2026-06-30,C00392,P028,10,295.64,2956.40,sales.csv,2026-09-29T03:58:58.984726+00:00
O003651,2026-05-08,C00439,P006,6,462.11,2772.66,sales.csv,2026-09-29T03:58:58.984726+00:00
O002679,2026-04-19,C00077,P043,5,819.88,4099.40,sales.csv,2026-09-29T03:58:58.984726+00:00
O008166,2026-02-02,C00128,P003,3,295.19,885.57,sales.csv,2026-09-29T03:58:58.984726+00:00
O005034,2026-02-05,C00100,P021,5,536.64,2683.20,sales.csv,2026-09-29T03:58:58.984726+00:00
O006499,2026-01-01,C00367,P026,5,323.24,1616.20,sales.csv,2026-09-29T03:58:58.984726+00:00
O003998,2026-05-28,C00180,P048,7,902.51,6317.57,sales.csv,2026-09-29T03:58:58.984726+00:00
O001485,2026-02-01,C00047,P008,8,832.09,6656.72,sales.csv,2026-09-29T03:58:58.984726+00:00
O001860,2026-04-03,C00361,P019,9,947.51,8527.59,sales.csv,2026-09-29T03:58:58.984726+00:00
O005847,2026-05-11,C00224,P018,8,52.21,417.68,sales.csv,2026-09-29T03:58:58.984726+00:00
O007954,2026-02-06,C00111,P040,10,302.18,3021.80,sales.csv,2026-09-29T03:58:58.984726+00:00
O002530,2026-05-21,C00131,P017,7,852.66,5968.62,sales.csv,2026-09-29T03:58:58.984726+00:00
O003598,2026-05-10,C00094,P026,9,256.43,2307.87,sales.csv,2026-09-29T03:58:58.984726+00:00
O005092,2026-02-15,C00433,P030,2,862.06,1724.12,sales.csv,2026-09-29T03:58:58.984726+00:00
O001772,2026-06-20,C00357,P034,9,584.60,5261.40,sales.csv,2026-09-29T03:58:58.984726+00:00
O003352,2026-04-04,C00058,P012,7,697.92,4885.44,sales.csv,2026-09-29T03:58:58.984726+00:00
O006000,2026-03-12,C00467,P032,7,341.23,2388.61,sales.csv,2026-09-29T03:58:58.984726+00:00
O008318,2026-04-12,C00203,P047,1,284.59,284.59,sales.csv,2026-09-29T03:58:58.984726+00:00
O005633,2026-03-12,C00341,P022,7,733.20,5132.40,sales.csv,2026-09-29T03:58:58.984726+00:00
O005926,2026-02-23,C00158,P004,5,952.65,4763.25,sales.csv,2026-09-29T03:58:58.984726+00:00
O004492,2026-04-17,C00470,P001,10,892.44,8924.40,sales.csv,2026-09-29T03:58:58.984726+00:00
O001525,2026-03-27,C00175,P026,10,808.39,8083.90,sales.csv,2026-09-29T03:58:58.984726+00:00
O000891,2026-03-23,C00090,P046,9,910.06,8190.54,sales.csv,2026-09-29T03:58:58.984726+00:00
O003051,2026-01-20,C00040,P017,9,270.82,2437.38,sales.csv,2026-09-29T03:58:58.984726+00:00
O009387,2026-02-22,C00089,P003,3,533.01,1599.03,sales.csv,2026-09-29T03:58:58.984726+00:00
O001228,2026-04-10,C00494,P041,1,120.39,120.39,sales.csv,2026-09-29T03:58:58.984726+00:00
O008375,2026-03-26,C00191,P011,4,913.67,3654.68,sales.csv,2026-09-29T03:58:58.984726+00:00
O008434,2026-02-27,C00473,P044,8,433.36,3466.88,sales.csv,2026-09-29T03:58:58.984726+00:00
O003482,2026-02-19,C00399,P007,4,280.46,1121.84,sales.csv,2026-09-29T03:58:58.984726+00:00
O008804,2026-04-01,C00346,P027,7,38.56,269.92,sales.csv,2026-09-29T03:58:58.984726+00:00
O008954,2026-01-20,C00241,P004,9,644.03,5796.27,sales.csv,2026-09-29T03:58:58.984726+00:00
O007091,2026-01-24,C00055,P024,9,511.21,4600.89,sales.csv,2026-09-29T03:58:58.984726+00:00
O005211,2026-02-02,C00321,P015,3,869.33,2607.99,sales.csv,2026-09-29T03:58:58.984726+00:00
O002336,2026-04-09,C00467,P043,3,916.56,2749.68,sales.csv,2026-09-29T03:58:58.984726+00:00
O007210,2026-02-08,C00223,P021,10,651.12,6511.20,sales.csv,2026-09-29T03:58:58.984726+00:00
O007420,2026-02-13,C00306,P030,6,462.89,2777.34,sales.csv,2026-09-29T03:58:58.984726+00:00
O004799,2026-04-19,C00064,P024,10,213.27,2132.70,sales.csv,2026-09-29T03:58:58.984726+00:00
O004115,2026-05-06,C00224,P034,6,423.15,2538.90,sales.csv,2026-09-29T03:58:58.984726+00:00
O000358,2026-01-30,C00208,P002,6,226.27,1357.62,sales.csv,2026-09-29T03:58:58.984726+00:00
O001321,2026-02-26,C00135,P006,7,820.62,5744.34,sales.csv,2026-09-29T03:58:58.984726+00:00
O007120,2026-05-09,C00150,P009,6,169.12,1014.72,sales.csv,2026-09-29T03:58:58.984726+00:00
O005021,2026-05-28,C00286,P014,3,191.97,575.91,sales.csv,2026-09-29T03:58:58.984726+00:00
O003658,2026-01-29,C00098,P038,5,664.38,3321.90,sales.csv,2026-09-29T03:58:58.984726+00:00
O001614,2026-03-04,C00242,P041,2,897.62,1795.24,sales.csv,2026-09-29T03:58:58.984726+00:00
O000722,2026-03-25,C00101,P030,2,344.87,689.74,sales.csv,2026-09-29T03:58:58.984726+00:00
O008631,2026-05-19,C00196,P028,10,55.39,553.90,sales.csv,2026-09-29T03:58:58.984726+00:00
O003646,2026-04-02,C00420,P044,6,462.86,2777.16,sales.csv,2026-09-29T03:58:58.984726+00:00
O002296,2026-02-21,C00171,P013,6,328.71,1972.26,sales.csv,2026-09-29T03:58:58.984726+00:00
O003617,2026-05-30,C00484,P044,3,270.78,812.34,sales.csv,2026-09-29T03:58:58.984726+00:00
O008638,2026-05-19,C00285,P030,2,962.52,1925.04,sales.csv,2026-09-29T03:58:58.984726+00:00
O004568,2026-04-07,C00271,P004,10,850.72,8507.20,sales.csv,2026-09-29T03:58:58.984726+00:00
O000201,2026-05-14,C00195,P029,8,390.74,3125.92,sales.csv,2026-09-29T03:58:58.984726+00:00
O006285,2026-06-01,C00351,P008,10,505.46,5054.60,sales.csv,2026-09-29T03:58:58.984726+00:00
O008712,2026-06-14,C00428,P002,10,329.35,3293.50,sales.csv,2026-09-29T03:58:58.984726+00:00
O007213,2026-03-23,C00016,P005,5,164.57,822.85,sales.csv,2026-09-29T03:58:58.984726+00:00
O004779,2026-05-16,C00390,P029,4,260.45,1041.80,sales.csv,2026-09-29T03:58:58.984726+00:00
O006241,2026-02-05,C00425,P008,8,77.91,623.28,sales.csv,2026-09-29T03:58:58.984726+00:00
O008460,2026-05-01,C00410,P026,2,210.86,421.72,sales.csv,2026-09-29T03:58:58.984726+00:00
O002328,2026-05-09,C00367,P044,8,362.02,2896.16,sales.csv,2026-09-29T03:58:58.984726+00:00
O000475,2026-05-22,C00328,P038,3,170.12,510.36,sales.csv,2026-09-29T03:58:58.984726+00:00
O007076,2026-06-13,C00388,P047,1,375.65,375.65,sales.csv,2026-09-29T03:58:58.984726+00:00
O008175,2026-05-22,C00151,P050,5,637.89,3189.45,sales.csv,2026-09-29T03:58:58.984726+00:00
O008183,2026-01-19,C00126,P030,4,606.58,2426.32,sales.csv,2026-09-29T03:58:58.984726+00:00
O006716,2026-06-12,C00156,P018,7,158.67,1110.69,sales.csv,2026-09-29T03:58:58.984726+00:00
O006581,2026-05-23,C00138,P008,4,476.23,1904.92,sales.csv,2026-09-29T03:58:58.984726+00:00
O001594,2026-06-30,C00287,P023,2,370.89,741.78,sales.csv,2026-09-29T03:58:58.984726+00:00
O004882,2026-05-10,C00078,P030,7,759.37,5315.59,sales.csv,2026-09-29T03:58:58.984726+00:00
O009299,2026-03-04,C00379,P006,7,646.46,4525.22,sales.csv,2026-09-29T03:58:58.984726+00:00
O003299,2026-05-29,C00187,P023,9,590.39,5313.51,sales.csv,2026-09-29T03:58:58.984726+00:00
O005788,2026-06-07,C00159,P007,3,190.00,570.00,sales.csv,2026-09-29T03:58:58.984726+00:00
O008001,2026-01-13,C00408,P006,5,440.84,2204.20,sales.csv,2026-09-29T03:58:58.984726+00:00
O008274,2026-03-25,C00218,P005,7,93.29,653.03,sales.csv,2026-09-29T03:58:58.984726+00:00
O002903,2026-03-05,C00491,P008,4,151.97,607.88,sales.csv,2026-09-29T03:58:58.984726+00:00
O003690,2026-06-28,C00346,P020,6,305.82,1834.92,sales.csv,2026-09-29T03:58:58.984726+00:00
O008663,2026-05-18,C00438,P005,6,766.17,4597.02,sales.csv,2026-09-29T03:58:58.984726+00:00
O002439,2026-03-10,C00385,P001,10,55.86,558.60,sales.csv,2026-09-29T03:58:58.984726+00:00
O005852,2026-02-07,C00444,P001,6,432.03,2592.18,sales.csv,2026-09-29T03:58:58.984726+00:00
O008537,2026-04-08,C00232,P045,3,850.49,2551.47,sales.csv,2026-09-29T03:58:58.984726+00:00
O009043,2026-01-16,C00094,P021,6,766.08,4596.48,sales.csv,2026-09-29T03:58:58.984726+00:00
O007640,2026-01-27,C00089,P005,9,413.08,3717.72,sales.csv,2026-09-29T03:58:58.984726+00:00
O005909,2026-01-07,C00055,P040,2,437.33,874.66,sales.csv,2026-09-29T03:58:58.984726+00:00
O005072,2026-05-31,C00039,P029,1,927.85,927.85,sales.csv,2026-09-29T03:58:58.984726+00:00
O000875,2026-05-17,C00418,P048,1,288.58,288.58,sales.csv,2026-09-29T03:58:58.984726+00:00
O002801,2026-01-09,C00008,P002,3,491.74,1475.22,sales.csv,2026-09-29T03:58:58.984726+00:00
O003255,2026-05-01,C00168,P020,9,997.15,8974.35,sales.csv,2026-09-29T03:58:58.984726+00:00
O009282,2026-06-15,C00302,P034,5,882.02,4410.10,sales.csv,2026-09-29T03:58:58.984726+00:00
O000796,2026-02-14,C00391,P031,2,22.87,45.74,sales.csv,2026-09-29T03:58:58.984726+00:00
O002390,2026-04-08,C00267,P021,3,580.81,1742.43,sales.csv,2026-09-29T03:58:58.984726+00:00
O005374,2026-01-30,C00309,P006,7,431.98,3023.86,sales.csv,2026-09-29T03:58:58.984726+00:00
O003305,2026-02-25,C00240,P017,1,152.12,152.12,sales.csv,2026-09-29T03:58:58.984726+00:00
O004461,2026-04-06,C00388,P019,1,245.56,245.56,sales.csv,2026-09-29T03:58:58.984726+00:00
O005652,2026-05-18,C00329,P035,4,810.35,3241.40,sales.csv,2026-09-29T03:58:58.984726+00:00
O004447,2026-03-06,C00428,P034,2,729.48,1458.96,sales.csv,2026-09-29T03:58:58.984726+00:00
O000356,2026-01-05,C00236,P005,6,755.65,4533.90,sales.csv,2026-09-29T03:58:58.984726+00:00
O008781,2026-06-27,C00121,P027,5,576.37,2881.85,sales.csv,2026-09-29T03:58:58.984726+00:00
O003502,2026-01-12,C00400,P043,7,902.51,6317.57,sales.csv,2026-09-29T03:58:58.984726+00:00
O001794,2026-06-14,C00100,P038,9,292.16,2629.44,sales.csv,2026-09-29T03:58:58.984726+00:00
O001506,2026-01-10,C00048,P050,5,424.12,2120.60,sales.csv,2026-09-29T03:58:58.984726+00:00
O003777,2026-04-08,C00002,P037,1,508.93,508.93,sales.csv,2026-09-29T03:58:58.984726+00:00
O006781,2026-03-10,C00090,P048,1,957.40,957.40,sales.csv,2026-09-29T03:58:58.984726+00:00
O001394,2026-03-12,C00471,P036,9,730.18,6571.62,sales.csv,2026-09-29T03:58:58.984726+00:00
O005100,2026-03-25,C00358,P019,4,847.54,3390.16,sales.csv,2026-09-29T03:58:58.984726+00:00
O003542,2026-04-07,C00014,P029,4,499.61,1998.44,sales.csv,2026-09-29T03:58:58.984726+00:00
O001636,2026-05-17,C00120,P025,7,623.05,4361.35,sales.csv,2026-09-29T03:58:58.984726+00:00
O001201,2026-06-25,C00176,P030,10,775.10,7751.00,sales.csv,2026-09-29T03:58:58.984726+00:00
O003921,2026-03-24,C00203,P012,6,804.57,4827.42,sales.csv,2026-09-29T03:58:58.984726+00:00
O008198,2026-06-12,C00054,P020,1,449.01,449.01,sales.csv,2026-09-29T03:58:58.984726+00:00
O007436,2026-02-27,C00175,P045,7,308.25,2157.75,sales.csv,2026-09-29T03:58:58.984726+00:00
O000861,2026-04-12,C00255,P002,7,896.50,6275.50,sales.csv,2026-09-29T03:58:58.984726+00:00
O000218,2026-05-28,C00301,P002,5,756.29,3781.45,sales.csv,2026-09-29T03:58:58.984726+00:00
O006779,2026-04-24,C00220,P001,3,346.64,1039.92,sales.csv,2026-09-29T03:58:58.984726+00:00
O007555,2026-03-14,C00109,P041,10,339.38,3393.80,sales.csv,2026-09-29T03:58:58.984726+00:00
O003899,2026-03-24,C00042,P034,8,607.45,4859.60,sales.csv,2026-09-29T03:58:58.984726+00:00
O003381,2026-02-26,C00116,P002,6,290.74,1744.44,sales.csv,2026-09-29T03:58:58.984726+00:00
O001077,2026-01-13,C00284,P028,10,633.98,6339.80,sales.csv,2026-09-29T03:58:58.984726+00:00
O006892,2026-05-02,C00012,P043,1,109.79,109.79,sales.csv,2026-09-29T03:58:58.984726+00:00
O007571,2026-04-28,C00404,P017,1,988.28,988.28,sales.csv,2026-09-29T03:58:58.984726+00:00
O005207,2026-05-11,C00142,P022,5,71.01,355.05,sales.csv,2026-09-29T03:58:58.984726+00:00
O003049,2026-06-17,C00456,P016,5,171.02,855.10,sales.csv,2026-09-29T03:58:58.984726+00:00
O001907,2026-06-22,C00106,P022,8,659.98,5279.84,sales.csv,2026-09-29T03:58:58.984726+00:00
O007450,2026-01-03,C00459,P050,8,784.56,6276.48,sales.csv,2026-09-29T03:58:58.984726+00:00
O002150,2026-04-10,C00120,P026,6,710.09,4260.54,sales.csv,2026-09-29T03:58:58.984726+00:00
O007789,2026-01-19,C00420,P043,5,910.94,4554.70,sales.csv,2026-09-29T03:58:58.984726+00:00
O009495,2026-03-19,C00100,P030,1,4.79,4.79,sales.csv,2026-09-29T03:58:58.984726+00:00
O007066,2026-06-23,C00130,P039,5,570.98,2854.90,sales.csv,2026-09-29T03:58:58.984726+00:00
O004272,2026-02-11,C00186,P007,5,406.65,2033.25,sales.csv,2026-09-29T03:58:58.984726+00:00
O003408,2026-06-12,C00015,P040,4,182.62,730.48,sales.csv,2026-09-29T03:58:58.984726+00:00
O006953,2026-02-02,C00158,P008,6,449.27,2695.62,sales.csv,2026-09-29T03:58:58.984726+00:00
O006035,2026-06-23,C00120,P012,1,910.53,910.53,sales.csv,2026-09-29T03:58:58.984726+00:00
O006360,2026-05-28,C00391,P043,3,59.96,179.88,sales.csv,2026-09-29T03:58:58.984726+00:00
O005593,2026-06-08,C00211,P028,10,400.13,4001.30,sales.csv,2026-09-29T03:58:58.984726+00:00
O009275,2026-04-14,C00441,P034,8,438.93,3511.44,sales.csv,2026-09-29T03:58:58.984726+00:00
O008634,2026-03-21,C00090,P035,9,205.89,1853.01,sales.csv,2026-09-29T03:58:58.984726+00:00
O004857,2026-06-26,C00496,P033,10,781.03,7810.30,sales.csv,2026-09-29T03:58:58.984726+00:00
O003271,2026-06-10,C00030,P037,1,942.13,942.13,sales.csv,2026-09-29T03:58:58.984726+00:00
O002746,2026-04-15,C00439,P040,3,578.80,1736.40,sales.csv,2026-09-29T03:58:58.984726+00:00
O004894,2026-05-20,C00128,P047,5,802.90,4014.50,sales.csv,2026-09-29T03:58:58.984726+00:00
O003644,2026-06-11,C00485,P022,2,384.09,768.18,sales.csv,2026-09-29T03:58:58.984726+00:00
O007161,2026-02-02,C00149,P001,1,46.06,46.06,sales.csv,2026-09-29T03:58:58.984726+00:00
O008955,2026-02-25,C00017,P004,3,968.74,2906.22,sales.csv,2026-09-29T03:58:58.984726+00:00
O002134,2026-06-30,C00263,P034,2,911.25,1822.50,sales.csv,2026-09-29T03:58:58.984726+00:00
O002855,2026-01-20,C00294,P042,7,895.08,6265.56,sales.csv,2026-09-29T03:58:58.984726+00:00
O001943,2026-02-25,C00074,P007,3,281.63,844.89,sales.csv,2026-09-29T03:58:58.984726+00:00
O003701,2026-03-21,C00182,P012,7,331.31,2319.17,sales.csv,2026-09-29T03:58:58.984726+00:00
O004284,2026-06-11,C00180,P002,6,511.23,3067.38,sales.csv,2026-09-29T03:58:58.984726+00:00
O008107,2026-05-10,C00022,P048,10,50.73,507.30,sales.csv,2026-09-29T03:58:58.984726+00:00
O001703,2026-04-26,C00211,P016,3,801.24,2403.72,sales.csv,2026-09-29T03:58:58.984726+00:00
O006130,2026-02-05,C00134,P030,10,167.26,1672.60,sales.csv,2026-09-29T03:58:58.984726+00:00
O006847,2026-01-13,C00435,P020,3,51.66,154.98,sales.csv,2026-09-29T03:58:58.984726+00:00
O004340,2026-06-20,C00440,P043,4,643.13,2572.52,sales.csv,2026-09-29T03:58:58.984726+00:00
O008621,2026-01-20,C00108,P035,1,645.27,645.27,sales.csv,2026-09-29T03:58:58.984726+00:00
O009293,2026-04-29,C00110,P028,6,865.98,5195.88,sales.csv,2026-09-29T03:58:58.984726+00:00
O007839,2026-03-29,C00093,P043,7,312.01,2184.07,sales.csv,2026-09-29T03:58:58.984726+00:00
O000323,2026-03-07,C00192,P010,8,88.99,711.92,sales.csv,2026-09-29T03:58:58.984726+00:00
O002601,2026-02-16,C00097,P038,3,301.65,904.95,sales.csv,2026-09-29T03:58:58.984726+00:00
O003266,2026-04-24,C00185,P034,4,8.35,33.40,sales.csv,2026-09-29T03:58:58.984726+00:00
O003845,2026-01-19,C00080,P038,8,828.06,6624.48,sales.csv,2026-09-29T03:58:58.984726+00:00
O009095,2026-03-15,C00340,P010,4,196.85,787.40,sales.csv,2026-09-29T03:58:58.984726+00:00
O008125,2026-02-27,C00373,P047,1,700.22,700.22,sales.csv,2026-09-29T03:58:58.984726+00:00
O006831,2026-04-15,C00232,P044,1,540.61,540.61,sales.csv,2026-09-29T03:58:58.984726+00:00
O001040,2026-06-26,C00436,P031,7,851.45,5960.15,sales.csv,2026-09-29T03:58:58.984726+00:00
O005789,2026-03-12,C00279,P030,1,770.89,770.89,sales.csv,2026-09-29T03:58:58.984726+00:00
O000670,2026-01-02,C00483,P020,8,472.75,3782.00,sales.csv,2026-09-29T03:58:58.984726+00:00
O004405,2026-06-27,C00065,P004,4,967.00,3868.00,sales.csv,2026-09-29T03:58:58.984726+00:00
O004940,2026-03-08,C00168,P024,10,74.15,741.50,sales.csv,2026-09-29T03:58:58.984726+00:00
O005259,2026-03-02,C00116,P016,5,266.16,1330.80,sales.csv,2026-09-29T03:58:58.984726+00:00
O007865,2026-01-01,C00261,P031,7,382.52,2677.64,sales.csv,2026-09-29T03:58:58.984726+00:00
O008463,2026-06-23,C00375,P049,1,549.50,549.50,sales.csv,2026-09-29T03:58:58.984726+00:00
O001448,2026-06-23,C00314,P041,4,548.00,2192.00,sales.csv,2026-09-29T03:58:58.984726+00:00
O001281,2026-06-11,C00265,P035,6,638.82,3832.92,sales.csv,2026-09-29T03:58:58.984726+00:00
O006357,2026-01-14,C00255,P032,8,258.49,2067.92,sales.csv,2026-09-29T03:58:58.984726+00:00
O006303,2026-04-01,C00182,P015,7,336.33,2354.31,sales.csv,2026-09-29T03:58:58.984726+00:00
O003618,2026-04-24,C00073,P044,5,997.91,4989.55,sales.csv,2026-09-29T03:58:58.984726+00:00
O002631,2026-04-23,C00385,P033,7,738.27,5167.89,sales.csv,2026-09-29T03:58:58.984726+00:00
O008110,2026-02-25,C00308,P010,8,673.98,5391.84,sales.csv,2026-09-29T03:58:58.984726+00:00
O002614,2026-01-04,C00350,P036,3,435.12,1305.36,sales.csv,2026-09-29T03:58:58.984726+00:00
O000442,2026-03-28,C00499,P012,8,908.10,7264.80,sales.csv,2026-09-29T03:58:58.984726+00:00
O004368,2026-01-05,C00354,P005,2,741.76,1483.52,sales.csv,2026-09-29T03:58:58.984726+00:00
O001158,2026-01-02,C00161,P016,4,934.49,3737.96,sales.csv,2026-09-29T03:58:58.984726+00:00
O003131,2026-05-03,C00359,P009,3,949.57,2848.71,sales.csv,2026-09-29T03:58:58.984726+00:00
O000684,2026-04-08,C00412,P022,8,439.74,3517.92,sales.csv,2026-09-29T03:58:58.984726+00:00
O002366,2026-02-23,C00479,P035,7,561.83,3932.81,sales.csv,2026-09-29T03:58:58.984726+00:00
O000007,2026-04-25,C00302,P018,1,995.58,995.58,sales.csv,2026-09-29T03:58:58.984726+00:00
O002297,2026-03-19,C00382,P050,5,250.87,1254.35,sales.csv,2026-09-29T03:58:58.984726+00:00
O001413,2026-01-13,C00281,P026,5,112.51,562.55,sales.csv,2026-09-29T03:58:58.984726+00:00
O003928,2026-01-18,C00253,P026,9,82.46,742.14,sales.csv,2026-09-29T03:58:58.984726+00:00
O005619,2026-01-01,C00109,P003,6,944.98,5669.88,sales.csv,2026-09-29T03:58:58.984726+00:00
O007937,2026-02-22,C00297,P001,10,666.15,6661.50,sales.csv,2026-09-29T03:58:58.984726+00:00
O004039,2026-05-02,C00018,P018,7,731.44,5120.08,sales.csv,2026-09-29T03:58:58.984726+00:00
O001379,2026-05-15,C00337,P016,10,820.62,8206.20,sales.csv,2026-09-29T03:58:58.984726+00:00
O006226,2026-03-05,C00228,P018,7,777.12,5439.84,sales.csv,2026-09-29T03:58:58.984726+00:00
O008023,2026-03-02,C00355,P005,3,394.71,1184.13,sales.csv,2026-09-29T03:58:58.984726+00:00
O007830,2026-02-18,C00025,P039,8,407.17,3257.36,sales.csv,2026-09-29T03:58:58.984726+00:00
O008292,2026-02-09,C00098,P027,5,153.52,767.60,sales.csv,2026-09-29T03:58:58.984726+00:00
O005983,2026-06-08,C00354,P008,4,758.68,3034.72,sales.csv,2026-09-29T03:58:58.984726+00:00
O001960,2026-04-01,C00216,P039,9,968.03,8712.27,sales.csv,2026-09-29T03:58:58.984726+00:00
O005387,2026-01-09,C00132,P022,1,31.21,31.21,sales.csv,2026-09-29T03:58:58.984726+00:00
O009133,2026-01-22,C00132,P017,4,5.97,23.88,sales.csv,2026-09-29T03:58:58.984726+00:00
O006524,2026-06-03,C00468,P046,9,561.00,5049.00,sales.csv,2026-09-29T03:58:58.984726+00:00
O003901,2026-04-26,C00200,P050,4,363.03,1452.12,sales.csv,2026-09-29T03:58:58.984726+00:00
O002490,2026-03-14,C00145,P045,4,919.95,3679.80,sales.csv,2026-09-29T03:58:58.984726+00:00
O007224,2026-04-29,C00026,P041,4,843.21,3372.84,sales.csv,2026-09-29T03:58:58.984726+00:00
O007664,2026-05-26,C00399,P025,3,40.94,122.82,sales.csv,2026-09-29T03:58:58.984726+00:00
O008857,2026-03-19,C00448,P032,4,960.01,3840.04,sales.csv,2026-09-29T03:58:58.984726+00:00
O003120,2026-02-07,C00295,P032,4,236.81,947.24,sales.csv,2026-09-29T03:58:58.984726+00:00
O003883,2026-01-16,C00181,P007,2,424.73,849.46,sales.csv,2026-09-29T03:58:58.984726+00:00
O005284,2026-06-18,C00395,P030,4,137.64,550.56,sales.csv,2026-09-29T03:58:58.984726+00:00
O000271,2026-06-18,C00203,P018,1,742.77,742.77,sales.csv,2026-09-29T03:58:58.984726+00:00
O003607,2026-03-13,C00026,P026,5,511.88,2559.40,sales.csv,2026-09-29T03:58:58.984726+00:00
O000939,2026-06-09,C00301,P034,7,148.48,1039.36,sales.csv,2026-09-29T03:58:58.984726+00:00
O007833,2026-05-03,C00365,P050,10,543.69,5436.90,sales.csv,2026-09-29T03:58:58.984726+00:00
O006539,2026-04-29,C00383,P033,8,85.16,681.28,sales.csv,2026-09-29T03:58:58.984726+00:00
O006062,2026-04-29,C00453,P049,1,284.16,284.16,sales.csv,2026-09-29T03:58:58.984726+00:00
O001615,2026-06-12,C00277,P038,5,804.52,4022.60,sales.csv,2026-09-29T03:58:58.984726+00:00
O008316,2026-03-10,C00489,P025,4,614.36,2457.44,sales.csv,2026-09-29T03:58:58.984726+00:00
O007430,2026-06-26,C00100,P027,2,318.29,636.58,sales.csv,2026-09-29T03:58:58.984726+00:00
O005679,2026-05-12,C00290,P007,6,557.86,3347.16,sales.csv,2026-09-29T03:58:58.984726+00:00
O007292,2026-04-27,C00103,P016,8,328.91,2631.28,sales.csv,2026-09-29T03:58:58.984726+00:00
O006994,2026-03-17,C00484,P049,6,257.65,1545.90,sales.csv,2026-09-29T03:58:58.984726+00:00
O005949,2026-01-14,C00030,P013,3,82.89,248.67,sales.csv,2026-09-29T03:58:58.984726+00:00
O002964,2026-05-13,C00236,P004,2,72.68,145.36,sales.csv,2026-09-29T03:58:58.984726+00:00
O004378,2026-06-11,C00481,P049,4,58.89,235.56,sales.csv,2026-09-29T03:58:58.984726+00:00
O005032,2026-05-11,C00387,P004,8,363.23,2905.84,sales.csv,2026-09-29T03:58:58.984726+00:00
O008931,2026-02-24,C00326,P037,1,290.60,290.60,sales.csv,2026-09-29T03:58:58.984726+00:00
O002729,2026-05-31,C00408,P025,8,769.55,6156.40,sales.csv,2026-09-29T03:58:58.984726+00:00
O007726,2026-02-10,C00220,P029,6,997.95,5987.70,sales.csv,2026-09-29T03:58:58.984726+00:00
O007950,2026-02-03,C00284,P039,7,226.95,1588.65,sales.csv,2026-09-29T03:58:58.984726+00:00
O008509,2026-05-07,C00281,P035,5,19.47,97.35,sales.csv,2026-09-29T03:58:58.984726+00:00
O005012,2026-04-26,C00349,P009,5,494.93,2474.65,sales.csv,2026-09-29T03:58:58.984726+00:00
O005698,2026-05-14,C00065,P034,2,777.38,1554.76,sales.csv,2026-09-29T03:58:58.984726+00:00
O006824,2026-04-14,C00106,P013,10,143.71,1437.10,sales.csv,2026-09-29T03:58:58.984726+00:00
O009432,2026-04-17,C00469,P015,3,612.96,1838.88,sales.csv,2026-09-29T03:58:58.984726+00:00
O007568,2026-03-11,C00351,P019,4,374.89,1499.56,sales.csv,2026-09-29T03:58:58.984726+00:00
O005491,2026-02-06,C00464,P032,7,981.99,6873.93,sales.csv,2026-09-29T03:58:58.984726+00:00
O005934,2026-06-21,C00364,P040,8,257.33,2058.64,sales.csv,2026-09-29T03:58:58.984726+00:00
O001651,2026-02-25,C00487,P039,2,929.08,1858.16,sales.csv,2026-09-29T03:58:58.984726+00:00
O008022,2026-03-30,C00308,P006,9,715.88,6442.92,sales.csv,2026-09-29T03:58:58.984726+00:00
O002815,2026-06-12,C00324,P050,6,245.52,1473.12,sales.csv,2026-09-29T03:58:58.984726+00:00
O007067,2026-06-03,C00069,P002,9,486.58,4379.22,sales.csv,2026-09-29T03:58:58.984726+00:00
O008642,2026-05-04,C00280,P025,3,561.30,1683.90,sales.csv,2026-09-29T03:58:58.984726+00:00
O000096,2026-05-24,C00453,P027,10,983.35,9833.50,sales.csv,2026-09-29T03:58:58.984726+00:00
O008280,2026-03-19,C00341,P025,10,819.53,8195.30,sales.csv,2026-09-29T03:58:58.984726+00:00
O004321,2026-05-28,C00407,P047,4,646.72,2586.88,sales.csv,2026-09-29T03:58:58.984726+00:00
O004863,2026-04-16,C00029,P011,1,827.83,827.83,sales.csv,2026-09-29T03:58:58.984726+00:00
O001336,2026-01-04,C00063,P050,4,505.36,2021.44,sales.csv,2026-09-29T03:58:58.984726+00:00
O005797,2026-04-21,C00051,P045,7,282.95,1980.65,sales.csv,2026-09-29T03:58:58.984726+00:00
O002761,2026-01-09,C00308,P050,7,82.78,579.46,sales.csv,2026-09-29T03:58:58.984726+00:00
O008321,2026-03-23,C00177,P043,10,773.58,7735.80,sales.csv,2026-09-29T03:58:58.984726+00:00
O003500,2026-01-20,C00125,P011,6,948.45,5690.70,sales.csv,2026-09-29T03:58:58.984726+00:00
O006794,2026-03-15,C00450,P029,5,517.17,2585.85,sales.csv,2026-09-29T03:58:58.984726+00:00
O003945,2026-03-27,C00101,P021,5,515.63,2578.15,sales.csv,2026-09-29T03:58:58.984726+00:00
O001287,2026-03-30,C00011,P027,2,461.18,922.36,sales.csv,2026-09-29T03:58:58.984726+00:00
O000054,2026-04-15,C00098,P007,2,864.74,1729.48,sales.csv,2026-09-29T03:58:58.984726+00:00
O004556,2026-05-04,C00415,P028,2,881.81,1763.62,sales.csv,2026-09-29T03:58:58.984726+00:00
O003725,2026-05-25,C00295,P045,9,684.76,6162.84,sales.csv,2026-09-29T03:58:58.984726+00:00
O000653,2026-02-24,C00462,P045,10,624.24,6242.40,sales.csv,2026-09-29T03:58:58.984726+00:00
O009419,2026-04-09,C00287,P032,3,244.45,733.35,sales.csv,2026-09-29T03:58:58.984726+00:00
O001541,2026-02-21,C00468,P006,8,664.21,5313.68,sales.csv,2026-09-29T03:58:58.984726+00:00
O000862,2026-04-20,C00089,P023,4,246.30,985.20,sales.csv,2026-09-29T03:58:58.984726+00:00
O004167,2026-06-17,C00447,P028,2,785.12,1570.24,sales.csv,2026-09-29T03:58:58.984726+00:00
O004598,2026-06-24,C00129,P007,7,617.56,4322.92,sales.csv,2026-09-29T03:58:58.984726+00:00
O006634,2026-04-24,C00211,P014,9,30.95,278.55,sales.csv,2026-09-29T03:58:58.984726+00:00
O003110,2026-03-04,C00169,P016,6,303.63,1821.78,sales.csv,2026-09-29T03:58:58.984726+00:00
O008065,2026-05-07,C00307,P010,1,963.99,963.99,sales.csv,2026-09-29T03:58:58.984726+00:00
O001623,2026-03-15,C00249,P006,3,663.69,1991.07,sales.csv,2026-09-29T03:58:58.984726+00:00
O002474,2026-02-18,C00434,P025,7,419.96,2939.72,sales.csv,2026-09-29T03:58:58.984726+00:00
O000232,2026-06-05,C00410,P016,3,408.30,1224.90,sales.csv,2026-09-29T03:58:58.984726+00:00
O002697,2026-03-04,C00108,P015,1,980.10,980.10,sales.csv,2026-09-29T03:58:58.984726+00:00
O001252,2026-02-26,C00347,P045,4,414.83,1659.32,sales.csv,2026-09-29T03:58:58.984726+00:00
O008092,2026-06-26,C00159,P040,5,999.88,4999.40,sales.csv,2026-09-29T03:58:58.984726+00:00
O006162,2026-03-29,C00424,P004,10,474.57,4745.70,sales.csv,2026-09-29T03:58:58.984726+00:00
O008404,2026-05-14,C00305,P050,7,80.67,564.69,sales.csv,2026-09-29T03:58:58.984726+00:00
O000702,2026-03-26,C00495,P028,2,14.82,29.64,sales.csv,2026-09-29T03:58:58.984726+00:00
O009041,2026-06-20,C00374,P009,4,891.69,3566.76,sales.csv,2026-09-29T03:58:58.984726+00:00
O000519,2026-03-26,C00345,P008,7,766.07,5362.49,sales.csv,2026-09-29T03:58:58.984726+00:00
O002077,2026-04-17,C00483,P032,5,308.65,1543.25,sales.csv,2026-09-29T03:58:58.984726+00:00
O000336,2026-02-16,C00140,P045,5,446.41,2232.05,sales.csv,2026-09-29T03:58:58.984726+00:00
O003308,2026-05-25,C00194,P043,10,45.36,453.60,sales.csv,2026-09-29T03:58:58.984726+00:00
O008385,2026-05-18,C00091,P026,1,290.73,290.73,sales.csv,2026-09-29T03:58:58.984726+00:00
O008926,2026-06-08,C00343,P011,7,380.27,2661.89,sales.csv,2026-09-29T03:58:58.984726+00:00
O000247,2026-04-08,C00198,P043,3,650.23,1950.69,sales.csv,2026-09-29T03:58:58.984726+00:00
O003339,2026-02-28,C00071,P032,4,58.99,235.96,sales.csv,2026-09-29T03:58:58.984726+00:00
O000168,2026-06-15,C00175,P001,7,643.51,4504.57,sales.csv,2026-09-29T03:58:58.984726+00:00
O003499,2026-06-08,C00258,P029,5,141.03,705.15,sales.csv,2026-09-29T03:58:58.984726+00:00
O006609,2026-04-24,C00099,P045,1,504.24,504.24,sales.csv,2026-09-29T03:58:58.984726+00:00
O006398,2026-01-11,C00259,P047,10,732.89,7328.90,sales.csv,2026-09-29T03:58:58.984726+00:00
O002363,2026-01-25,C00409,P043,3,949.97,2849.91,sales.csv,2026-09-29T03:58:58.984726+00:00
O000820,2026-02-15,C00477,P003,9,936.88,8431.92,sales.csv,2026-09-29T03:58:58.984726+00:00
O009026,2026-05-06,C00471,P045,2,787.64,1575.28,sales.csv,2026-09-29T03:58:58.984726+00:00
O003676,2026-04-02,C00040,P045,3,422.60,1267.80,sales.csv,2026-09-29T03:58:58.984726+00:00
O004275,2026-01-17,C00399,P050,5,235.58,1177.90,sales.csv,2026-09-29T03:58:58.984726+00:00
O001698,2026-01-26,C00406,P041,10,494.00,4940.00,sales.csv,2026-09-29T03:58:58.984726+00:00
O004946,2026-04-22,C00221,P032,7,66.53,465.71,sales.csv,2026-09-29T03:58:58.984726+00:00
O003421,2026-03-04,C00237,P047,2,10.02,20.04,sales.csv,2026-09-29T03:58:58.984726+00:00
O002825,2026-06-25,C00215,P025,6,831.40,4988.40,sales.csv,2026-09-29T03:58:58.984726+00:00
O001961,2026-03-25,C00233,P045,1,999.73,999.73,sales.csv,2026-09-29T03:58:58.984726+00:00
O008536,2026-05-21,C00297,P024,8,783.63,6269.04,sales.csv,2026-09-29T03:58:58.984726+00:00
O001103,2026-06-12,C00361,P046,6,990.73,5944.38,sales.csv,2026-09-29T03:58:58.984726+00:00
O008276,2026-03-06,C00496,P050,10,822.55,8225.50,sales.csv,2026-09-29T03:58:58.984726+00:00
O003115,2026-04-25,C00403,P027,4,747.24,2988.96,sales.csv,2026-09-29T03:58:58.984726+00:00
O008359,2026-01-08,C00443,P039,2,545.66,1091.32,sales.csv,2026-09-29T03:58:58.984726+00:00
O002966,2026-06-02,C00050,P019,10,632.06,6320.60,sales.csv,2026-09-29T03:58:58.984726+00:00
O003194,2026-05-09,C00204,P032,1,206.71,206.71,sales.csv,2026-09-29T03:58:58.984726+00:00
O006970,2026-04-02,C00351,P016,10,231.80,2318.00,sales.csv,2026-09-29T03:58:58.984726+00:00
O008314,2026-05-03,C00476,P040,1,226.09,226.09,sales.csv,2026-09-29T03:58:58.984726+00:00
O008643,2026-05-19,C00360,P043,6,244.99,1469.94,sales.csv,2026-09-29T03:58:58.984726+00:00
O008594,2026-03-28,C00275,P004,5,452.06,2260.30,sales.csv,2026-09-29T03:58:58.984726+00:00
O008217,2026-04-26,C00180,P015,2,922.20,1844.40,sales.csv,2026-09-29T03:58:58.984726+00:00
O000659,2026-05-19,C00170,P025,3,904.49,2713.47,sales.csv,2026-09-29T03:58:58.984726+00:00
O000093,2026-02-07,C00221,P009,1,405.04,405.04,sales.csv,2026-09-29T03:58:58.984726+00:00
O008983,2026-06-01,C00271,P049,9,659.58,5936.22,sales.csv,2026-09-29T03:58:58.984726+00:00
O000928,2026-05-31,C00117,P036,1,508.38,508.38,sales.csv,2026-09-29T03:58:58.984726+00:00
O000422,2026-01-29,C00429,P032,10,703.61,7036.10,sales.csv,2026-09-29T03:58:58.984726+00:00
O001172,2026-06-19,C00123,P040,3,993.48,2980.44,sales.csv,2026-09-29T03:58:58.984726+00:00
O003733,2026-01-23,C00158,P038,10,712.44,7124.40,sales.csv,2026-09-29T03:58:58.984726+00:00
O004765,2026-01-06,C00399,P010,10,220.51,2205.10,sales.csv,2026-09-29T03:58:58.984726+00:00
O004761,2026-01-05,C00143,P020,4,509.36,2037.44,sales.csv,2026-09-29T03:58:58.984726+00:00
O004152,2026-04-30,C00493,P042,9,464.91,4184.19,sales.csv,2026-09-29T03:58:58.984726+00:00
O005232,2026-01-08,C00135,P016,9,362.63,3263.67,sales.csv,2026-09-29T03:58:58.984726+00:00
O002941,2026-01-11,C00112,P019,10,162.78,1627.80,sales.csv,2026-09-29T03:58:58.984726+00:00
O003670,2026-01-04,C00152,P016,1,803.44,803.44,sales.csv,2026-09-29T03:58:58.984726+00:00
O008961,2026-02-22,C00146,P033,8,352.14,2817.12,sales.csv,2026-09-29T03:58:58.984726+00:00
O000814,2026-05-28,C00322,P005,8,597.63,4781.04,sales.csv,2026-09-29T03:58:58.984726+00:00
O003354,2026-01-02,C00173,P046,10,338.95,3389.50,sales.csv,2026-09-29T03:58:58.984726+00:00
O004216,2026-03-26,C00052,P003,10,108.93,1089.30,sales.csv,2026-09-29T03:58:58.984726+00:00
O008723,2026-06-09,C00222,P045,3,606.13,1818.39,sales.csv,2026-09-29T03:58:58.984726+00:00
O005533,2026-02-04,C00429,P044,1,56.81,56.81,sales.csv,2026-09-29T03:58:58.984726+00:00
O000038,2026-02-11,C00277,P050,9,1.74,15.66,sales.csv,2026-09-29T03:58:58.984726+00:00
O004816,2026-02-01,C00020,P014,1,966.58,966.58,sales.csv,2026-09-29T03:58:58.984726+00:00
O004209,2026-04-07,C00437,P006,2,108.60,217.20,sales.csv,2026-09-29T03:58:58.984726+00:00
O006235,2026-06-03,C00414,P003,7,617.99,4325.93,sales.csv,2026-09-29T03:58:58.984726+00:00
O008478,2026-05-25,C00009,P012,3,197.17,591.51,sales.csv,2026-09-29T03:58:58.984726+00:00
O008576,2026-05-22,C00343,P047,6,782.78,4696.68,sales.csv,2026-09-29T03:58:58.984726+00:00
O007692,2026-01-23,C00051,P047,4,729.77,2919.08,sales.csv,2026-09-29T03:58:58.984726+00:00
O004006,2026-06-24,C00037,P005,5,594.23,2971.15,sales.csv,2026-09-29T03:58:58.984726+00:00
O003283,2026-05-09,C00076,P047,5,111.05,555.25,sales.csv,2026-09-29T03:58:58.984726+00:00
O009288,2026-01-08,C00420,P028,5,54.51,272.55,sales.csv,2026-09-29T03:58:58.984726+00:00
O005723,2026-01-21,C00006,P016,9,165.69,1491.21,sales.csv,2026-09-29T03:58:58.984726+00:00
O007063,2026-02-12,C00481,P045,9,794.31,7148.79,sales.csv,2026-09-29T03:58:58.984726+00:00
O000830,2026-05-20,C00390,P016,3,9.35,28.05,sales.csv,2026-09-29T03:58:58.984726+00:00
O007538,2026-02-01,C00154,P003,3,434.11,1302.33,sales.csv,2026-09-29T03:58:58.984726+00:00
O009069,2026-04-27,C00208,P049,7,793.74,5556.18,sales.csv,2026-09-29T03:58:58.984726+00:00
O005529,2026-04-17,C00275,P032,7,391.53,2740.71,sales.csv,2026-09-29T03:58:58.984726+00:00
O007097,2026-03-27,C00497,P035,4,492.42,1969.68,sales.csv,2026-09-29T03:58:58.984726+00:00
O003450,2026-05-04,C00460,P025,1,877.53,877.53,sales.csv,2026-09-29T03:58:58.984726+00:00
O003749,2026-06-26,C00006,P027,7,495.31,3467.17,sales.csv,2026-09-29T03:58:58.984726+00:00
O004104,2026-02-26,C00088,P025,4,711.03,2844.12,sales.csv,2026-09-29T03:58:58.984726+00:00
O003635,2026-06-05,C00429,P037,7,796.11,5572.77,sales.csv,2026-09-29T03:58:58.984726+00:00
O005784,2026-06-26,C00254,P045,10,923.94,9239.40,sales.csv,2026-09-29T03:58:58.984726+00:00
O003531,2026-04-10,C00010,P001,4,423.55,1694.20,sales.csv,2026-09-29T03:58:58.984726+00:00
O004932,2026-01-13,C00057,P008,10,177.64,1776.40,sales.csv,2026-09-29T03:58:58.984726+00:00
O006842,2026-06-26,C00136,P006,1,94.26,94.26,sales.csv,2026-09-29T03:58:58.984726+00:00
O000546,2026-06-24,C00395,P009,1,722.35,722.35,sales.csv,2026-09-29T03:58:58.984726+00:00
O001470,2026-04-20,C00208,P050,1,797.82,797.82,sales.csv,2026-09-29T03:58:58.984726+00:00
O004401,2026-04-19,C00089,P040,8,366.92,2935.36,sales.csv,2026-09-29T03:58:58.984726+00:00
O008307,2026-05-19,C00223,P033,2,153.23,306.46,sales.csv,2026-09-29T03:58:58.984726+00:00
O008767,2026-05-17,C00399,P032,5,374.96,1874.80,sales.csv,2026-09-29T03:58:58.984726+00:00
O006729,2026-03-27,C00176,P005,4,356.31,1425.24,sales.csv,2026-09-29T03:58:58.984726+00:00
O002897,2026-05-09,C00221,P033,6,70.67,424.02,sales.csv,2026-09-29T03:58:58.984726+00:00
O004803,2026-04-20,C00442,P038,1,541.46,541.46,sales.csv,2026-09-29T03:58:58.984726+00:00
O003881,2026-02-18,C00250,P039,8,568.35,4546.80,sales.csv,2026-09-29T03:58:58.984726+00:00
O002354,2026-04-23,C00184,P012,4,937.39,3749.56,sales.csv,2026-09-29T03:58:58.984726+00:00
O008658,2026-02-11,C00404,P017,1,953.65,953.65,sales.csv,2026-09-29T03:58:58.984726+00:00
O001455,2026-01-18,C00286,P035,2,242.34,484.68,sales.csv,2026-09-29T03:58:58.984726+00:00
O007175,2026-05-17,C00496,P003,3,691.39,2074.17,sales.csv,2026-09-29T03:58:58.984726+00:00
O001220,2026-04-12,C00387,P014,7,724.65,5072.55,sales.csv,2026-09-29T03:58:58.984726+00:00
O003696,2026-02-19,C00128,P039,3,238.55,715.65,sales.csv,2026-09-29T03:58:58.984726+00:00
O003946,2026-01-31,C00334,P019,8,38.77,310.16,sales.csv,2026-09-29T03:58:58.984726+00:00
O001572,2026-03-14,C00394,P023,10,754.24,7542.40,sales.csv,2026-09-29T03:58:58.984726+00:00
O004866,2026-05-12,C00305,P033,10,588.96,5889.60,sales.csv,2026-09-29T03:58:58.984726+00:00
O006909,2026-02-28,C00191,P007,2,323.79,647.58,sales.csv,2026-09-29T03:58:58.984726+00:00
O003451,2026-01-17,C00176,P015,5,271.57,1357.85,sales.csv,2026-09-29T03:58:58.984726+00:00
O002221,2026-02-27,C00354,P028,2,328.65,657.30,sales.csv,2026-09-29T03:58:58.984726+00:00
O007345,2026-04-15,C00351,P045,8,891.52,7132.16,sales.csv,2026-09-29T03:58:58.984726+00:00
O008566,2026-03-28,C00258,P026,3,372.25,1116.75,sales.csv,2026-09-29T03:58:58.984726+00:00
O002995,2026-06-18,C00156,P026,2,846.59,1693.18,sales.csv,2026-09-29T03:58:58.984726+00:00
O002691,2026-01-22,C00298,P046,7,691.67,4841.69,sales.csv,2026-09-29T03:58:58.984726+00:00
O008435,2026-04-17,C00341,P036,2,496.99,993.98,sales.csv,2026-09-29T03:58:58.984726+00:00
O001918,2026-04-17,C00206,P017,10,676.50,6765.00,sales.csv,2026-09-29T03:58:58.984726+00:00
O004801,2026-01-16,C00086,P039,10,81.63,816.30,sales.csv,2026-09-29T03:58:58.984726+00:00
O009070,2026-01-22,C00450,P039,6,256.91,1541.46,sales.csv,2026-09-29T03:58:58.984726+00:00
O002709,2026-04-19,C00349,P030,9,933.45,8401.05,sales.csv,2026-09-29T03:58:58.984726+00:00
O009349,2026-04-25,C00394,P029,8,647.39,5179.12,sales.csv,2026-09-29T03:58:58.984726+00:00
O005747,2026-01-18,C00419,P046,7,101.32,709.24,sales.csv,2026-09-29T03:58:58.984726+00:00
O009470,2026-04-27,C00167,P022,6,197.33,1183.98,sales.csv,2026-09-29T03:58:58.984726+00:00
O008322,2026-05-26,C00488,P032,8,299.02,2392.16,sales.csv,2026-09-29T03:58:58.984726+00:00
O008674,2026-06-01,C00347,P018,3,553.79,1661.37,sales.csv,2026-09-29T03:58:58.984726+00:00
O006764,2026-01-05,C00049,P026,7,328.48,2299.36,sales.csv,2026-09-29T03:58:58.984726+00:00
O001798,2026-06-04,C00262,P004,6,522.08,3132.48,sales.csv,2026-09-29T03:58:58.984726+00:00
O009426,2026-05-30,C00198,P044,6,886.75,5320.50,sales.csv,2026-09-29T03:58:58.984726+00:00
O005506,2026-06-12,C00337,P014,3,784.46,2353.38,sales.csv,2026-09-29T03:58:58.984726+00:00
O000369,2026-05-29,C00230,P044,10,843.78,8437.80,sales.csv,2026-09-29T03:58:58.984726+00:00
O006489,2026-03-06,C00353,P001,2,555.80,1111.60,sales.csv,2026-09-29T03:58:58.984726+00:00
O006555,2026-01-26,C00215,P021,6,418.66,2511.96,sales.csv,2026-09-29T03:58:58.984726+00:00
O007810,2026-03-29,C00022,P034,4,655.46,2621.84,sales.csv,2026-09-29T03:58:58.984726+00:00
O002123,2026-02-05,C00366,P025,9,967.67,8709.03,sales.csv,2026-09-29T03:58:58.984726+00:00
O001559,2026-05-01,C00463,P044,1,139.84,139.84,sales.csv,2026-09-29T03:58:58.984726+00:00
O000749,2026-04-20,C00085,P040,3,271.82,815.46,sales.csv,2026-09-29T03:58:58.984726+00:00
O004132,2026-03-06,C00041,P034,5,594.88,2974.40,sales.csv,2026-09-29T03:58:58.984726+00:00
O007349,2026-06-20,C00068,P029,3,94.94,284.82,sales.csv,2026-09-29T03:58:58.984726+00:00
O007556,2026-04-14,C00261,P050,10,495.82,4958.20,sales.csv,2026-09-29T03:58:58.984726+00:00
O003682,2026-06-08,C00225,P032,10,572.71,5727.10,sales.csv,2026-09-29T03:58:58.984726+00:00
O005382,2026-04-18,C00496,P036,8,519.57,4156.56,sales.csv,2026-09-29T03:58:58.984726+00:00
O000521,2026-05-02,C00136,P042,10,758.11,7581.10,sales.csv,2026-09-29T03:58:58.984726+00:00
O007746,2026-04-13,C00205,P048,8,137.74,1101.92,sales.csv,2026-09-29T03:58:58.984726+00:00
O007549,2026-01-22,C00496,P040,4,3.01,12.04,sales.csv,2026-09-29T03:58:58.984726+00:00
O006978,2026-06-14,C00125,P014,6,812.32,4873.92,sales.csv,2026-09-29T03:58:58.984726+00:00
O006654,2026-06-18,C00461,P014,2,424.23,848.46,sales.csv,2026-09-29T03:58:58.984726+00:00
O006479,2026-02-06,C00354,P046,10,916.67,9166.70,sales.csv,2026-09-29T03:58:58.984726+00:00
O006198,2026-01-03,C00085,P023,5,703.63,3518.15,sales.csv,2026-09-29T03:58:58.984726+00:00
O002934,2026-02-18,C00022,P038,9,920.91,8288.19,sales.csv,2026-09-29T03:58:58.984726+00:00
O007490,2026-05-18,C00197,P006,10,328.74,3287.40,sales.csv,2026-09-29T03:58:58.984726+00:00
O000967,2026-01-03,C00243,P009,3,788.92,2366.76,sales.csv,2026-09-29T03:58:58.984726+00:00
O000824,2026-06-22,C00462,P004,3,293.53,880.59,sales.csv,2026-09-29T03:58:58.984726+00:00
O000940,2026-04-17,C00077,P010,10,771.61,7716.10,sales.csv,2026-09-29T03:58:58.984726+00:00
O004080,2026-02-05,C00411,P050,5,249.99,1249.95,sales.csv,2026-09-29T03:58:58.984726+00:00
O004303,2026-03-25,C00095,P046,2,181.12,362.24,sales.csv,2026-09-29T03:58:58.984726+00:00
O008483,2026-01-10,C00029,P014,10,274.65,2746.50,sales.csv,2026-09-29T03:58:58.984726+00:00
O002364,2026-02-12,C00023,P027,9,142.14,1279.26,sales.csv,2026-09-29T03:58:58.984726+00:00
O004871,2026-03-19,C00274,P009,3,994.30,2982.90,sales.csv,2026-09-29T03:58:58.984726+00:00
O009083,2026-03-17,C00023,P011,2,478.00,956.00,sales.csv,2026-09-29T03:58:58.984726+00:00
O001592,2026-05-11,C00207,P009,5,82.80,414.00,sales.csv,2026-09-29T03:58:58.984726+00:00
O006423,2026-04-25,C00004,P014,7,678.55,4749.85,sales.csv,2026-09-29T03:58:58.984726+00:00
O003877,2026-06-01,C00485,P012,4,125.31,501.24,sales.csv,2026-09-29T03:58:58.984726+00:00
O009416,2026-04-18,C00342,P034,2,160.56,321.12,sales.csv,2026-09-29T03:58:58.984726+00:00
O007909,2026-04-16,C00257,P029,1,752.21,752.21,sales.csv,2026-09-29T03:58:58.984726+00:00
O007267,2026-06-10,C00497,P044,1,317.78,317.78,sales.csv,2026-09-29T03:58:58.984726+00:00
O001669,2026-04-22,C00207,P047,2,708.95,1417.90,sales.csv,2026-09-29T03:58:58.984726+00:00
O004084,2026-03-05,C00106,P039,6,240.96,1445.76,sales.csv,2026-09-29T03:58:58.984726+00:00
O006469,2026-04-14,C00298,P014,7,433.66,3035.62,sales.csv,2026-09-29T03:58:58.984726+00:00
O008974,2026-05-24,C00056,P001,5,459.84,2299.20,sales.csv,2026-09-29T03:58:58.984726+00:00
O001893,2026-05-07,C00303,P025,10,887.68,8876.80,sales.csv,2026-09-29T03:58:58.984726+00:00
O009384,2026-03-31,C00331,P044,1,116.33,116.33,sales.csv,2026-09-29T03:58:58.984726+00:00
O002765,2026-01-18,C00141,P026,2,392.03,784.06,sales.csv,2026-09-29T03:58:58.984726+00:00
O002717,2026-03-11,C00056,P007,2,476.40,952.80,sales.csv,2026-09-29T03:58:58.984726+00:00
O005169,2026-01-19,C00253,P014,7,411.39,2879.73,sales.csv,2026-09-29T03:58:58.984726+00:00
O007651,2026-03-20,C00167,P020,2,732.85,1465.70,sales.csv,2026-09-29T03:58:58.984726+00:00
O003142,2026-01-26,C00178,P019,3,156.38,469.14,sales.csv,2026-09-29T03:58:58.984726+00:00
O000986,2026-03-08,C00372,P036,3,891.91,2675.73,sales.csv,2026-09-29T03:58:58.984726+00:00
O000563,2026-04-25,C00386,P018,6,396.76,2380.56,sales.csv,2026-09-29T03:58:58.984726+00:00
O001401,2026-06-26,C00360,P037,2,781.18,1562.36,sales.csv,2026-09-29T03:58:58.984726+00:00
O002103,2026-06-19,C00449,P034,5,550.59,2752.95,sales.csv,2026-09-29T03:58:58.984726+00:00
O007970,2026-04-19,C00282,P034,8,714.49,5715.92,sales.csv,2026-09-29T03:58:58.984726+00:00
O004635,2026-03-02,C00459,P035,7,587.65,4113.55,sales.csv,2026-09-29T03:58:58.984726+00:00
O007130,2026-04-07,C00187,P046,10,570.51,5705.10,sales.csv,2026-09-29T03:58:58.984726+00:00
O007431,2026-01-20,C00241,P040,9,432.78,3895.02,sales.csv,2026-09-29T03:58:58.984726+00:00
O002340,2026-04-16,C00391,P036,2,484.30,968.60,sales.csv,2026-09-29T03:58:58.984726+00:00
O003943,2026-03-10,C00285,P024,9,510.10,4590.90,sales.csv,2026-09-29T03:58:58.984726+00:00
O006730,2026-03-15,C00474,P044,5,721.01,3605.05,sales.csv,2026-09-29T03:58:58.984726+00:00
O004620,2026-01-19,C00268,P042,3,96.35,289.05,sales.csv,2026-09-29T03:58:58.984726+00:00
O003827,2026-04-04,C00436,P017,4,673.95,2695.80,sales.csv,2026-09-29T03:58:58.984726+00:00
O009271,2026-06-17,C00191,P018,8,693.19,5545.52,sales.csv,2026-09-29T03:58:58.984726+00:00
O007357,2026-02-01,C00371,P050,7,292.32,2046.24,sales.csv,2026-09-29T03:58:58.984726+00:00
O005132,2026-06-25,C00360,P012,3,831.79,2495.37,sales.csv,2026-09-29T03:58:58.984726+00:00
O008490,2026-05-28,C00471,P025,10,193.29,1932.90,sales.csv,2026-09-29T03:58:58.984726+00:00
O005955,2026-01-26,C00302,P030,9,544.87,4903.83,sales.csv,2026-09-29T03:58:58.984726+00:00
O006194,2026-03-20,C00137,P050,5,102.93,514.65,sales.csv,2026-09-29T03:58:58.984726+00:00
O008295,2026-06-06,C00303,P005,7,607.13,4249.91,sales.csv,2026-09-29T03:58:58.984726+00:00
O000676,2026-01-22,C00372,P036,4,750.67,3002.68,sales.csv,2026-09-29T03:58:58.984726+00:00
O009371,2026-02-17,C00491,P008,7,732.70,5128.90,sales.csv,2026-09-29T03:58:58.984726+00:00
O000241,2026-03-14,C00372,P020,10,761.11,7611.10,sales.csv,2026-09-29T03:58:58.984726+00:00
O005553,2026-02-11,C00277,P022,4,713.99,2855.96,sales.csv,2026-09-29T03:58:58.984726+00:00
O008987,2026-04-12,C00081,P048,6,76.70,460.20,sales.csv,2026-09-29T03:58:58.984726+00:00
O007411,2026-03-06,C00427,P037,8,374.37,2994.96,sales.csv,2026-09-29T03:58:58.984726+00:00
O001348,2026-06-02,C00080,P024,2,327.00,654.00,sales.csv,2026-09-29T03:58:58.984726+00:00
O005357,2026-02-24,C00303,P021,8,718.12,5744.96,sales.csv,2026-09-29T03:58:58.984726+00:00
O004315,2026-05-19,C00055,P017,3,775.44,2326.32,sales.csv,2026-09-29T03:58:58.984726+00:00
O006959,2026-04-26,C00032,P016,4,291.48,1165.92,sales.csv,2026-09-29T03:58:58.984726+00:00
O002135,2026-02-24,C00234,P031,1,979.44,979.44,sales.csv,2026-09-29T03:58:58.984726+00:00
O006813,2026-04-29,C00046,P002,4,31.30,125.20,sales.csv,2026-09-29T03:58:58.984726+00:00
O000219,2026-01-11,C00391,P049,3,617.69,1853.07,sales.csv,2026-09-29T03:58:58.984726+00:00
O008319,2026-02-07,C00098,P021,9,390.22,3511.98,sales.csv,2026-09-29T03:58:58.984726+00:00
O007207,2026-03-16,C00298,P038,4,417.79,1671.16,sales.csv,2026-09-29T03:58:58.984726+00:00
O005851,2026-01-17,C00086,P013,8,900.57,7204.56,sales.csv,2026-09-29T03:58:58.984726+00:00
O002497,2026-06-23,C00403,P010,7,560.82,3925.74,sales.csv,2026-09-29T03:58:58.984726+00:00
O003221,2026-02-23,C00387,P036,8,716.11,5728.88,sales.csv,2026-09-29T03:58:58.984726+00:00
O006988,2026-03-15,C00407,P050,6,953.83,5722.98,sales.csv,2026-09-29T03:58:58.984726+00:00
O007850,2026-04-06,C00359,P014,3,492.23,1476.69,sales.csv,2026-09-29T03:58:58.984726+00:00
O004506,2026-05-07,C00480,P026,7,571.64,4001.48,sales.csv,2026-09-29T03:58:58.984726+00:00
O001234,2026-05-07,C00225,P001,4,861.99,3447.96,sales.csv,2026-09-29T03:58:58.984726+00:00
O007992,2026-03-10,C00208,P027,3,612.40,1837.20,sales.csv,2026-09-29T03:58:58.984726+00:00
O002245,2026-05-30,C00454,P035,3,194.21,582.63,sales.csv,2026-09-29T03:58:58.984726+00:00
O006513,2026-04-04,C00260,P011,7,595.33,4167.31,sales.csv,2026-09-29T03:58:58.984726+00:00
O008831,2026-06-22,C00061,P027,4,722.94,2891.76,sales.csv,2026-09-29T03:58:58.984726+00:00
O000171,2026-03-11,C00316,P035,8,610.31,4882.48,sales.csv,2026-09-29T03:58:58.984726+00:00
O007520,2026-06-14,C00012,P028,10,68.48,684.80,sales.csv,2026-09-29T03:58:58.984726+00:00
O002767,2026-06-21,C00458,P017,3,71.44,214.32,sales.csv,2026-09-29T03:58:58.984726+00:00
O000909,2026-02-13,C00455,P025,3,960.42,2881.26,sales.csv,2026-09-29T03:58:58.984726+00:00
O004126,2026-03-07,C00179,P015,5,481.50,2407.50,sales.csv,2026-09-29T03:58:58.984726+00:00
O000871,2026-02-16,C00014,P021,10,288.07,2880.70,sales.csv,2026-09-29T03:58:58.984726+00:00
O008257,2026-04-10,C00226,P003,7,8.68,60.76,sales.csv,2026-09-29T03:58:58.984726+00:00
O001846,2026-01-25,C00401,P008,10,270.22,2702.20,sales.csv,2026-09-29T03:58:58.984726+00:00
O001973,2026-02-20,C00135,P045,3,66.25,198.75,sales.csv,2026-09-29T03:58:58.984726+00:00
O000291,2026-01-12,C00485,P003,5,646.69,3233.45,sales.csv,2026-09-29T03:58:58.984726+00:00
O001993,2026-01-11,C00298,P012,5,223.64,1118.20,sales.csv,2026-09-29T03:58:58.984726+00:00
O005565,2026-03-28,C00326,P008,9,984.09,8856.81,sales.csv,2026-09-29T03:58:58.984726+00:00
O001130,2026-01-19,C00383,P044,3,32.13,96.39,sales.csv,2026-09-29T03:58:58.984726+00:00
O004180,2026-06-19,C00366,P029,5,189.68,948.40,sales.csv,2026-09-29T03:58:58.984726+00:00
O000578,2026-01-24,C00461,P033,8,73.92,591.36,sales.csv,2026-09-29T03:58:58.984726+00:00
O007857,2026-06-26,C00304,P014,8,947.70,7581.60,sales.csv,2026-09-29T03:58:58.984726+00:00
O002987,2026-04-10,C00006,P038,5,45.67,228.35,sales.csv,2026-09-29T03:58:58.984726+00:00
O008149,2026-03-28,C00165,P002,1,449.39,449.39,sales.csv,2026-09-29T03:58:58.984726+00:00
O007300,2026-03-01,C00043,P039,7,316.22,2213.54,sales.csv,2026-09-29T03:58:58.984726+00:00
O000719,2026-04-20,C00200,P001,4,270.72,1082.88,sales.csv,2026-09-29T03:58:58.984726+00:00
O009265,2026-05-17,C00057,P044,10,430.78,4307.80,sales.csv,2026-09-29T03:58:58.984726+00:00
O004522,2026-05-21,C00378,P034,3,535.06,1605.18,sales.csv,2026-09-29T03:58:58.984726+00:00
O006511,2026-01-14,C00068,P032,5,25.25,126.25,sales.csv,2026-09-29T03:58:58.984726+00:00
O001499,2026-06-10,C00286,P014,1,243.27,243.27,sales.csv,2026-09-29T03:58:58.984726+00:00
O006373,2026-02-12,C00443,P035,10,455.96,4559.60,sales.csv,2026-09-29T03:58:58.984726+00:00
O007371,2026-06-14,C00156,P024,5,477.27,2386.35,sales.csv,2026-09-29T03:58:58.984726+00:00
O002493,2026-06-17,C00084,P037,3,580.18,1740.54,sales.csv,2026-09-29T03:58:58.984726+00:00
O001083,2026-02-05,C00212,P039,9,392.79,3535.11,sales.csv,2026-09-29T03:58:58.984726+00:00
O000789,2026-06-26,C00014,P043,5,270.28,1351.40,sales.csv,2026-09-29T03:58:58.984726+00:00
O007008,2026-05-30,C00080,P005,3,497.17,1491.51,sales.csv,2026-09-29T03:58:58.984726+00:00
O002751,2026-05-24,C00005,P010,2,381.97,763.94,sales.csv,2026-09-29T03:58:58.984726+00:00
O008003,2026-04-13,C00249,P005,5,972.93,4864.65,sales.csv,2026-09-29T03:58:58.984726+00:00
O007355,2026-01-09,C00395,P036,4,899.02,3596.08,sales.csv,2026-09-29T03:58:58.984726+00:00
O002302,2026-02-08,C00444,P026,4,298.43,1193.72,sales.csv,2026-09-29T03:58:58.984726+00:00
O004936,2026-01-21,C00217,P044,1,298.62,298.62,sales.csv,2026-09-29T03:58:58.984726+00:00
O007748,2026-01-05,C00177,P016,10,203.16,2031.60,sales.csv,2026-09-29T03:58:58.984726+00:00
O001461,2026-06-06,C00119,P039,4,303.66,1214.64,sales.csv,2026-09-29T03:58:58.984726+00:00
O003731,2026-03-20,C00255,P050,5,897.60,4488.00,sales.csv,2026-09-29T03:58:58.984726+00:00
O003611,2026-03-21,C00107,P047,10,779.54,7795.40,sales.csv,2026-09-29T03:58:58.984726+00:00
O008279,2026-02-05,C00336,P049,4,696.80,2787.20,sales.csv,2026-09-29T03:58:58.984726+00:00
O003869,2026-03-22,C00280,P048,4,299.99,1199.96,sales.csv,2026-09-29T03:58:58.984726+00:00
O003144,2026-02-13,C00148,P017,10,988.58,9885.80,sales.csv,2026-09-29T03:58:58.984726+00:00
O000101,2026-01-10,C00440,P031,4,262.58,1050.32,sales.csv,2026-09-29T03:58:58.984726+00:00
O000012,2026-02-01,C00499,P025,2,724.57,1449.14,sales.csv,2026-09-29T03:58:58.984726+00:00
O006185,2026-06-18,C00459,P025,9,475.49,4279.41,sales.csv,2026-09-29T03:58:58.984726+00:00
O002522,2026-03-18,C00024,P034,5,864.97,4324.85,sales.csv,2026-09-29T03:58:58.984726+00:00
O005827,2026-01-21,C00334,P030,10,394.35,3943.50,sales.csv,2026-09-29T03:58:58.984726+00:00
O000736,2026-05-10,C00335,P032,7,898.44,6289.08,sales.csv,2026-09-29T03:58:58.984726+00:00
O003479,2026-05-01,C00254,P011,3,86.93,260.79,sales.csv,2026-09-29T03:58:58.984726+00:00
O008190,2026-04-27,C00477,P006,9,745.30,6707.70,sales.csv,2026-09-29T03:58:58.984726+00:00
O001605,2026-04-27,C00261,P028,9,590.88,5317.92,sales.csv,2026-09-29T03:58:58.984726+00:00
O008360,2026-04-12,C00114,P008,7,559.72,3918.04,sales.csv,2026-09-29T03:58:58.984726+00:00
O008911,2026-06-17,C00107,P017,1,268.92,268.92,sales.csv,2026-09-29T03:58:58.984726+00:00
O004958,2026-06-22,C00218,P011,3,156.20,468.60,sales.csv,2026-09-29T03:58:58.984726+00:00
O002472,2026-04-05,C00066,P021,7,757.17,5300.19,sales.csv,2026-09-29T03:58:58.984726+00:00
O007094,2026-04-23,C00183,P038,9,265.71,2391.39,sales.csv,2026-09-29T03:58:58.984726+00:00
O005036,2026-01-01,C00102,P047,1,600.05,600.05,sales.csv,2026-09-29T03:58:58.984726+00:00
O000794,2026-04-03,C00479,P021,3,508.03,1524.09,sales.csv,2026-09-29T03:58:58.984726+00:00
O002335,2026-03-05,C00092,P040,7,601.08,4207.56,sales.csv,2026-09-29T03:58:58.984726+00:00
O002449,2026-04-26,C00317,P044,8,675.90,5407.20,sales.csv,2026-09-29T03:58:58.984726+00:00
O004811,2026-01-17,C00190,P029,10,888.44,8884.40,sales.csv,2026-09-29T03:58:58.984726+00:00
O002294,2026-06-14,C00041,P018,4,129.98,519.92,sales.csv,2026-09-29T03:58:58.984726+00:00
O002560,2026-03-15,C00284,P032,1,556.72,556.72,sales.csv,2026-09-29T03:58:58.984726+00:00
O006273,2026-01-30,C00244,P004,10,205.57,2055.70,sales.csv,2026-09-29T03:58:58.984726+00:00
O003109,2026-03-23,C00138,P013,10,385.12,3851.20,sales.csv,2026-09-29T03:58:58.984726+00:00
O005011,2026-02-04,C00429,P031,2,360.45,720.90,sales.csv,2026-09-29T03:58:58.984726+00:00
O003876,2026-04-22,C00406,P043,3,198.96,596.88,sales.csv,2026-09-29T03:58:58.984726+00:00
O007368,2026-03-24,C00054,P012,4,602.32,2409.28,sales.csv,2026-09-29T03:58:58.984726+00:00
O004227,2026-03-21,C00342,P021,4,316.46,1265.84,sales.csv,2026-09-29T03:58:58.984726+00:00
O005425,2026-04-02,C00055,P009,2,268.43,536.86,sales.csv,2026-09-29T03:58:58.984726+00:00
O009245,2026-05-15,C00004,P024,4,698.42,2793.68,sales.csv,2026-09-29T03:58:58.984726+00:00
O008549,2026-02-28,C00445,P039,7,422.12,2954.84,sales.csv,2026-09-29T03:58:58.984726+00:00
O007264,2026-02-20,C00291,P003,8,586.67,4693.36,sales.csv,2026-09-29T03:58:58.984726+00:00
O001894,2026-04-01,C00393,P019,6,81.50,489.00,sales.csv,2026-09-29T03:58:58.984726+00:00
O000498,2026-03-22,C00098,P049,3,654.08,1962.24,sales.csv,2026-09-29T03:58:58.984726+00:00
O008526,2026-05-23,C00351,P024,4,490.00,1960.00,sales.csv,2026-09-29T03:58:58.984726+00:00
O002762,2026-04-03,C00405,P028,8,280.73,2245.84,sales.csv,2026-09-29T03:58:58.984726+00:00
O001508,2026-04-20,C00432,P036,2,384.82,769.64,sales.csv,2026-09-29T03:58:58.984726+00:00
O001232,2026-06-07,C00336,P034,5,933.71,4668.55,sales.csv,2026-09-29T03:58:58.984726+00:00
O004766,2026-05-31,C00384,P023,1,122.20,122.20,sales.csv,2026-09-29T03:58:58.984726+00:00
O001637,2026-03-09,C00075,P034,7,16.54,115.78,sales.csv,2026-09-29T03:58:58.984726+00:00
O007184,2026-03-31,C00437,P049,10,398.27,3982.70,sales.csv,2026-09-29T03:58:58.984726+00:00
O007871,2026-01-17,C00326,P027,3,123.95,371.85,sales.csv,2026-09-29T03:58:58.984726+00:00
O000807,2026-06-06,C00312,P004,5,874.04,4370.20,sales.csv,2026-09-29T03:58:58.984726+00:00
O008106,2026-06-25,C00111,P045,7,32.42,226.94,sales.csv,2026-09-29T03:58:58.984726+00:00
O009274,2026-01-09,C00096,P049,8,39.00,312.00,sales.csv,2026-09-29T03:58:58.984726+00:00
O000100,2026-02-10,C00404,P045,2,502.40,1004.80,sales.csv,2026-09-29T03:58:58.984726+00:00
O003048,2026-03-14,C00023,P021,6,790.59,4743.54,sales.csv,2026-09-29T03:58:58.984726+00:00
O004473,2026-02-25,C00107,P049,6,255.71,1534.26,sales.csv,2026-09-29T03:58:58.984726+00:00
O007662,2026-01-22,C00325,P032,6,837.28,5023.68,sales.csv,2026-09-29T03:58:58.984726+00:00
O005423,2026-01-17,C00076,P047,10,293.87,2938.70,sales.csv,2026-09-29T03:58:58.984726+00:00
O005260,2026-01-09,C00415,P045,4,102.64,410.56,sales.csv,2026-09-29T03:58:58.984726+00:00
O002513,2026-05-23,C00419,P035,9,641.36,5772.24,sales.csv,2026-09-29T03:58:58.984726+00:00
O004232,2026-03-23,C00297,P016,8,571.60,4572.80,sales.csv,2026-09-29T03:58:58.984726+00:00
O006840,2026-06-18,C00410,P014,5,700.24,3501.20,sales.csv,2026-09-29T03:58:58.984726+00:00
O007808,2026-06-01,C00251,P047,4,382.21,1528.84,sales.csv,2026-09-29T03:58:58.984726+00:00
O004902,2026-05-17,C00205,P035,9,299.78,2698.02,sales.csv,2026-09-29T03:58:58.984726+00:00
O002548,2026-06-02,C00452,P026,8,777.35,6218.80,sales.csv,2026-09-29T03:58:58.984726+00:00
O009200,2026-02-27,C00313,P007,6,404.63,2427.78,sales.csv,2026-09-29T03:58:58.984726+00:00
O005302,2026-05-13,C00338,P003,1,34.18,34.18,sales.csv,2026-09-29T03:58:58.984726+00:00
O002539,2026-05-21,C00209,P005,6,840.09,5040.54,sales.csv,2026-09-29T03:58:58.984726+00:00
O004274,2026-02-09,C00448,P008,1,314.98,314.98,sales.csv,2026-09-29T03:58:58.984726+00:00
O002759,2026-04-27,C00020,P035,3,616.99,1850.97,sales.csv,2026-09-29T03:58:58.984726+00:00
O005264,2026-05-25,C00346,P018,8,434.61,3476.88,sales.csv,2026-09-29T03:58:58.984726+00:00
O007630,2026-05-22,C00193,P022,6,681.03,4086.18,sales.csv,2026-09-29T03:58:58.984726+00:00
O002241,2026-05-11,C00132,P023,7,631.97,4423.79,sales.csv,2026-09-29T03:58:58.984726+00:00
O002665,2026-05-19,C00377,P022,2,266.18,532.36,sales.csv,2026-09-29T03:58:58.984726+00:00
O003492,2026-03-20,C00218,P037,7,547.73,3834.11,sales.csv,2026-09-29T03:58:58.984726+00:00
O008288,2026-02-05,C00011,P027,4,984.89,3939.56,sales.csv,2026-09-29T03:58:58.984726+00:00
O000603,2026-03-19,C00449,P010,9,290.72,2616.48,sales.csv,2026-09-29T03:58:58.984726+00:00
O002943,2026-04-01,C00339,P001,1,330.55,330.55,sales.csv,2026-09-29T03:58:58.984726+00:00
O000916,2026-01-13,C00202,P037,9,644.49,5800.41,sales.csv,2026-09-29T03:58:58.984726+00:00
O006109,2026-01-20,C00247,P030,5,771.70,3858.50,sales.csv,2026-09-29T03:58:58.984726+00:00
O008208,2026-03-25,C00339,P031,10,353.31,3533.10,sales.csv,2026-09-29T03:58:58.984726+00:00
O002858,2026-03-12,C00216,P008,2,594.47,1188.94,sales.csv,2026-09-29T03:58:58.984726+00:00
O004195,2026-01-06,C00223,P031,5,431.11,2155.55,sales.csv,2026-09-29T03:58:58.984726+00:00
O007112,2026-04-05,C00416,P048,1,216.75,216.75,sales.csv,2026-09-29T03:58:58.984726+00:00
O004547,2026-06-16,C00125,P034,3,862.48,2587.44,sales.csv,2026-09-29T03:58:58.984726+00:00
O007098,2026-02-18,C00131,P023,9,88.78,799.02,sales.csv,2026-09-29T03:58:58.984726+00:00
O005442,2026-02-06,C00292,P018,7,988.31,6918.17,sales.csv,2026-09-29T03:58:58.984726+00:00
O002156,2026-01-14,C00491,P037,9,249.24,2243.16,sales.csv,2026-09-29T03:58:58.984726+00:00
O006027,2026-04-25,C00335,P025,4,189.50,758.00,sales.csv,2026-09-29T03:58:58.984726+00:00
O006613,2026-05-19,C00257,P010,5,193.25,966.25,sales.csv,2026-09-29T03:58:58.984726+00:00
O008342,2026-01-06,C00282,P019,3,715.04,2145.12,sales.csv,2026-09-29T03:58:58.984726+00:00
O004758,2026-06-25,C00108,P045,6,875.70,5254.20,sales.csv,2026-09-29T03:58:58.984726+00:00
O000660,2026-01-21,C00257,P048,6,71.38,428.28,sales.csv,2026-09-29T03:58:58.984726+00:00
O009029,2026-03-13,C00296,P023,3,177.64,532.92,sales.csv,2026-09-29T03:58:58.984726+00:00
O000539,2026-01-11,C00148,P046,2,454.98,909.96,sales.csv,2026-09-29T03:58:58.984726+00:00
O004978,2026-02-02,C00064,P043,9,911.57,8204.13,sales.csv,2026-09-29T03:58:58.984726+00:00
O001914,2026-03-28,C00140,P005,10,697.07,6970.70,sales.csv,2026-09-29T03:58:58.984726+00:00
O002403,2026-02-14,C00132,P025,8,401.88,3215.04,sales.csv,2026-09-29T03:58:58.984726+00:00
O002476,2026-06-19,C00309,P038,4,140.70,562.80,sales.csv,2026-09-29T03:58:58.984726+00:00
O008051,2026-05-28,C00276,P041,4,999.32,3997.28,sales.csv,2026-09-29T03:58:58.984726+00:00
O003548,2026-03-23,C00213,P013,4,120.00,480.00,sales.csv,2026-09-29T03:58:58.984726+00:00
O002197,2026-02-01,C00181,P025,10,470.19,4701.90,sales.csv,2026-09-29T03:58:58.984726+00:00
O009185,2026-04-06,C00294,P017,3,97.01,291.03,sales.csv,2026-09-29T03:58:58.984726+00:00
O007417,2026-05-17,C00340,P007,1,568.10,568.10,sales.csv,2026-09-29T03:58:58.984726+00:00
O004581,2026-03-09,C00012,P026,9,885.25,7967.25,sales.csv,2026-09-29T03:58:58.984726+00:00
O001238,2026-06-17,C00001,P011,2,362.67,725.34,sales.csv,2026-09-29T03:58:58.984726+00:00
O004465,2026-03-20,C00211,P018,5,673.37,3366.85,sales.csv,2026-09-29T03:58:58.984726+00:00
O000203,2026-01-16,C00313,P048,2,273.35,546.70,sales.csv,2026-09-29T03:58:58.984726+00:00
O005392,2026-01-29,C00452,P041,10,853.06,8530.60,sales.csv,2026-09-29T03:58:58.984726+00:00
O007150,2026-02-26,C00164,P019,9,656.87,5911.83,sales.csv,2026-09-29T03:58:58.984726+00:00
O000023,2026-01-09,C00413,P021,7,351.93,2463.51,sales.csv,2026-09-29T03:58:58.984726+00:00
O002432,2026-05-26,C00417,P014,3,264.37,793.11,sales.csv,2026-09-29T03:58:58.984726+00:00
O009017,2026-03-17,C00312,P037,10,152.95,1529.50,sales.csv,2026-09-29T03:58:58.984726+00:00
O006881,2026-05-19,C00306,P046,10,362.65,3626.50,sales.csv,2026-09-29T03:58:58.984726+00:00
O004496,2026-05-28,C00147,P007,9,384.04,3456.36,sales.csv,2026-09-29T03:58:58.984726+00:00
O008751,2026-04-07,C00388,P048,4,155.23,620.92,sales.csv,2026-09-29T03:58:58.984726+00:00
O007607,2026-03-13,C00430,P031,4,817.76,3271.04,sales.csv,2026-09-29T03:58:58.984726+00:00
O007250,2026-06-11,C00082,P027,8,283.89,2271.12,sales.csv,2026-09-29T03:58:58.984726+00:00
O005070,2026-02-05,C00224,P018,3,214.27,642.81,sales.csv,2026-09-29T03:58:58.984726+00:00
O008969,2026-06-10,C00354,P013,8,674.83,5398.64,sales.csv,2026-09-29T03:58:58.984726+00:00
O006179,2026-01-29,C00106,P013,7,151.29,1059.03,sales.csv,2026-09-29T03:58:58.984726+00:00
O003348,2026-04-27,C00006,P032,7,554.72,3883.04,sales.csv,2026-09-29T03:58:58.984726+00:00
O002416,2026-06-11,C00362,P044,1,915.18,915.18,sales.csv,2026-09-29T03:58:58.984726+00:00
O006040,2026-04-20,C00488,P017,1,412.92,412.92,sales.csv,2026-09-29T03:58:58.984726+00:00
O000708,2026-01-22,C00060,P047,3,457.56,1372.68,sales.csv,2026-09-29T03:58:58.984726+00:00
O004409,2026-03-01,C00410,P009,4,67.52,270.08,sales.csv,2026-09-29T03:58:58.984726+00:00
O008940,2026-06-15,C00235,P015,5,648.77,3243.85,sales.csv,2026-09-29T03:58:58.984726+00:00
O006626,2026-05-08,C00161,P021,4,778.71,3114.84,sales.csv,2026-09-29T03:58:58.984726+00:00
O001532,2026-05-18,C00010,P014,10,899.48,8994.80,sales.csv,2026-09-29T03:58:58.984726+00:00
O007034,2026-01-02,C00491,P027,10,170.88,1708.80,sales.csv,2026-09-29T03:58:58.984726+00:00
O001857,2026-04-08,C00218,P014,9,299.25,2693.25,sales.csv,2026-09-29T03:58:58.984726+00:00
O007918,2026-04-27,C00347,P041,4,105.89,423.56,sales.csv,2026-09-29T03:58:58.984726+00:00
O003561,2026-02-14,C00480,P034,3,973.51,2920.53,sales.csv,2026-09-29T03:58:58.984726+00:00
O001668,2026-05-12,C00363,P050,8,627.70,5021.60,sales.csv,2026-09-29T03:58:58.984726+00:00
O004594,2026-01-13,C00372,P011,10,424.39,4243.90,sales.csv,2026-09-29T03:58:58.984726+00:00
O005266,2026-06-12,C00172,P013,6,315.47,1892.82,sales.csv,2026-09-29T03:58:58.984726+00:00
O008604,2026-06-28,C00233,P022,2,916.26,1832.52,sales.csv,2026-09-29T03:58:58.984726+00:00
O005170,2026-03-07,C00067,P026,3,375.69,1127.07,sales.csv,2026-09-29T03:58:58.984726+00:00
O006095,2026-01-16,C00059,P040,4,443.55,1774.20,sales.csv,2026-09-29T03:58:58.984726+00:00
O003275,2026-02-09,C00362,P048,3,173.55,520.65,sales.csv,2026-09-29T03:58:58.984726+00:00
O008581,2026-03-12,C00355,P035,1,996.30,996.30,sales.csv,2026-09-29T03:58:58.984726+00:00
O005278,2026-05-31,C00061,P018,3,505.37,1516.11,sales.csv,2026-09-29T03:58:58.984726+00:00
O003437,2026-01-10,C00390,P009,3,684.90,2054.70,sales.csv,2026-09-29T03:58:58.984726+00:00
O003281,2026-01-04,C00482,P043,7,546.75,3827.25,sales.csv,2026-09-29T03:58:58.984726+00:00
O007384,2026-02-05,C00112,P044,5,875.53,4377.65,sales.csv,2026-09-29T03:58:58.984726+00:00
O002154,2026-06-15,C00064,P042,9,112.61,1013.49,sales.csv,2026-09-29T03:58:58.984726+00:00
O006922,2026-05-01,C00285,P027,8,378.27,3026.16,sales.csv,2026-09-29T03:58:58.984726+00:00
O003413,2026-06-03,C00453,P042,7,724.59,5072.13,sales.csv,2026-09-29T03:58:58.984726+00:00
O002228,2026-06-08,C00225,P049,2,820.65,1641.30,sales.csv,2026-09-29T03:58:58.984726+00:00
O002500,2026-01-31,C00264,P042,6,778.77,4672.62,sales.csv,2026-09-29T03:58:58.984726+00:00
O009430,2026-06-13,C00384,P031,7,343.27,2402.89,sales.csv,2026-09-29T03:58:58.984726+00:00
O007198,2026-04-21,C00279,P034,6,33.21,199.26,sales.csv,2026-09-29T03:58:58.984726+00:00
O007895,2026-01-03,C00073,P039,4,261.81,1047.24,sales.csv,2026-09-29T03:58:58.984726+00:00
O004836,2026-05-30,C00033,P034,4,182.17,728.68,sales.csv,2026-09-29T03:58:58.984726+00:00
O001988,2026-01-25,C00286,P004,1,437.28,437.28,sales.csv,2026-09-29T03:58:58.984726+00:00
O003537,2026-06-04,C00484,P003,3,708.88,2126.64,sales.csv,2026-09-29T03:58:58.984726+00:00
O007127,2026-06-18,C00248,P045,8,616.58,4932.64,sales.csv,2026-09-29T03:58:58.984726+00:00
O001573,2026-02-02,C00261,P007,7,937.21,6560.47,sales.csv,2026-09-29T03:58:58.984726+00:00
O004681,2026-02-08,C00357,P042,2,372.56,745.12,sales.csv,2026-09-29T03:58:58.984726+00:00
O008170,2026-01-12,C00423,P017,2,678.09,1356.18,sales.csv,2026-09-29T03:58:58.984726+00:00
O008114,2026-05-14,C00059,P027,9,621.14,5590.26,sales.csv,2026-09-29T03:58:58.984726+00:00
O003688,2026-06-03,C00252,P028,3,520.36,1561.08,sales.csv,2026-09-29T03:58:58.984726+00:00
O003511,2026-06-19,C00134,P036,9,382.96,3446.64,sales.csv,2026-09-29T03:58:58.984726+00:00
O000738,2026-02-12,C00043,P037,1,998.53,998.53,sales.csv,2026-09-29T03:58:58.984726+00:00
O006308,2026-05-26,C00232,P032,4,679.65,2718.60,sales.csv,2026-09-29T03:58:58.984726+00:00
O005863,2026-04-28,C00379,P046,10,59.62,596.20,sales.csv,2026-09-29T03:58:58.984726+00:00
O000980,2026-03-08,C00465,P027,7,509.91,3569.37,sales.csv,2026-09-29T03:58:58.984726+00:00
O008475,2026-06-03,C00032,P017,7,47.35,331.45,sales.csv,2026-09-29T03:58:58.984726+00:00
O004217,2026-01-11,C00315,P001,4,223.73,894.92,sales.csv,2026-09-29T03:58:58.984726+00:00
O007178,2026-02-16,C00320,P044,1,815.79,815.79,sales.csv,2026-09-29T03:58:58.984726+00:00
O005687,2026-05-31,C00295,P038,1,904.73,904.73,sales.csv,2026-09-29T03:58:58.984726+00:00
O006850,2026-01-19,C00449,P040,10,52.84,528.40,sales.csv,2026-09-29T03:58:58.984726+00:00
O004992,2026-03-07,C00169,P046,4,44.51,178.04,sales.csv,2026-09-29T03:58:58.984726+00:00
O005151,2026-04-20,C00024,P033,10,916.83,9168.30,sales.csv,2026-09-29T03:58:58.984726+00:00
O009064,2026-05-27,C00335,P003,8,339.02,2712.16,sales.csv,2026-09-29T03:58:58.984726+00:00
O002451,2026-03-24,C00009,P041,6,60.97,365.82,sales.csv,2026-09-29T03:58:58.984726+00:00
O000748,2026-05-31,C00353,P023,10,830.38,8303.80,sales.csv,2026-09-29T03:58:58.984726+00:00
O006147,2026-05-11,C00137,P026,8,165.27,1322.16,sales.csv,2026-09-29T03:58:58.984726+00:00
O006071,2026-01-16,C00081,P023,10,955.89,9558.90,sales.csv,2026-09-29T03:58:58.984726+00:00
O008838,2026-01-20,C00378,P048,4,54.67,218.68,sales.csv,2026-09-29T03:58:58.984726+00:00
O005179,2026-02-08,C00454,P008,2,504.35,1008.70,sales.csv,2026-09-29T03:58:58.984726+00:00
O003485,2026-02-23,C00293,P044,3,425.36,1276.08,sales.csv,2026-09-29T03:58:58.984726+00:00
O000531,2026-02-14,C00236,P035,6,717.01,4302.06,sales.csv,2026-09-29T03:58:58.984726+00:00
O006351,2026-04-21,C00293,P022,8,201.45,1611.60,sales.csv,2026-09-29T03:58:58.984726+00:00
O002797,2026-04-29,C00212,P042,7,10.96,76.72,sales.csv,2026-09-29T03:58:58.984726+00:00
O000060,2026-01-20,C00227,P036,2,67.30,134.60,sales.csv,2026-09-29T03:58:58.984726+00:00
O005535,2026-04-24,C00327,P034,8,321.53,2572.24,sales.csv,2026-09-29T03:58:58.984726+00:00
O004550,2026-06-27,C00290,P040,7,448.40,3138.80,sales.csv,2026-09-29T03:58:58.984726+00:00
O007801,2026-04-15,C00207,P003,3,696.86,2090.58,sales.csv,2026-09-29T03:58:58.984726+00:00
O002641,2026-01-30,C00001,P042,6,830.27,4981.62,sales.csv,2026-09-29T03:58:58.984726+00:00
O002843,2026-02-21,C00291,P023,6,830.29,4981.74,sales.csv,2026-09-29T03:58:58.984726+00:00
O006621,2026-01-10,C00363,P049,7,415.65,2909.55,sales.csv,2026-09-29T03:58:58.984726+00:00
O006678,2026-05-08,C00188,P029,3,789.29,2367.87,sales.csv,2026-09-29T03:58:58.984726+00:00
O005030,2026-03-02,C00460,P036,5,419.54,2097.70,sales.csv,2026-09-29T03:58:58.984726+00:00
O006612,2026-01-24,C00416,P034,2,615.38,1230.76,sales.csv,2026-09-29T03:58:58.984726+00:00
O001911,2026-03-15,C00136,P004,5,752.72,3763.60,sales.csv,2026-09-29T03:58:58.984726+00:00
O008120,2026-01-09,C00007,P031,3,937.55,2812.65,sales.csv,2026-09-29T03:58:58.984726+00:00
O008538,2026-03-17,C00212,P006,1,430.29,430.29,sales.csv,2026-09-29T03:58:58.984726+00:00
O006910,2026-03-30,C00342,P002,6,255.59,1533.54,sales.csv,2026-09-29T03:58:58.984726+00:00
O000944,2026-06-05,C00243,P003,3,361.99,1085.97,sales.csv,2026-09-29T03:58:58.984726+00:00
O007144,2026-01-22,C00465,P022,1,977.77,977.77,sales.csv,2026-09-29T03:58:58.984726+00:00
O007722,2026-06-10,C00082,P033,10,641.34,6413.40,sales.csv,2026-09-29T03:58:58.984726+00:00
O002698,2026-02-05,C00061,P045,3,495.74,1487.22,sales.csv,2026-09-29T03:58:58.984726+00:00
O003529,2026-04-27,C00271,P050,7,29.15,204.05,sales.csv,2026-09-29T03:58:58.984726+00:00
O006204,2026-02-28,C00257,P022,6,632.38,3794.28,sales.csv,2026-09-29T03:58:58.984726+00:00
O003728,2026-06-10,C00219,P026,7,495.22,3466.54,sales.csv,2026-09-29T03:58:58.984726+00:00
O001004,2026-06-23,C00003,P041,4,297.57,1190.28,sales.csv,2026-09-29T03:58:58.984726+00:00
O000105,2026-06-14,C00261,P026,9,435.04,3915.36,sales.csv,2026-09-29T03:58:58.984726+00:00
O008660,2026-04-16,C00267,P039,4,759.70,3038.80,sales.csv,2026-09-29T03:58:58.984726+00:00
O007271,2026-06-28,C00326,P001,5,451.22,2256.10,sales.csv,2026-09-29T03:58:58.984726+00:00
O005238,2026-03-01,C00359,P026,3,111.24,333.72,sales.csv,2026-09-29T03:58:58.984726+00:00
O005320,2026-02-27,C00067,P015,7,560.44,3923.08,sales.csv,2026-09-29T03:58:58.984726+00:00
O005105,2026-01-23,C00492,P040,9,186.14,1675.26,sales.csv,2026-09-29T03:58:58.984726+00:00
O001765,2026-02-08,C00448,P014,9,823.18,7408.62,sales.csv,2026-09-29T03:58:58.984726+00:00
O000283,2026-02-06,C00387,P015,7,731.48,5120.36,sales.csv,2026-09-29T03:58:58.984726+00:00
O005602,2026-05-13,C00484,P041,6,271.34,1628.04,sales.csv,2026-09-29T03:58:58.984726+00:00
O003466,2026-01-26,C00275,P004,6,831.87,4991.22,sales.csv,2026-09-29T03:58:58.984726+00:00
O006862,2026-05-23,C00412,P042,2,380.22,760.44,sales.csv,2026-09-29T03:58:58.984726+00:00
O006719,2026-04-28,C00156,P026,6,570.22,3421.32,sales.csv,2026-09-29T03:58:58.984726+00:00
O007123,2026-01-03,C00227,P006,3,96.92,290.76,sales.csv,2026-09-29T03:58:58.984726+00:00
O007004,2026-06-10,C00281,P044,8,32.51,260.08,sales.csv,2026-09-29T03:58:58.984726+00:00
O005451,2026-02-21,C00069,P034,3,818.37,2455.11,sales.csv,2026-09-29T03:58:58.984726+00:00
O004366,2026-03-28,C00183,P031,4,698.94,2795.76,sales.csv,2026-09-29T03:58:58.984726+00:00
O005876,2026-04-03,C00105,P021,4,365.03,1460.12,sales.csv,2026-09-29T03:58:58.984726+00:00
O000067,2026-01-15,C00297,P048,9,80.89,728.01,sales.csv,2026-09-29T03:58:58.984726+00:00
O001828,2026-06-25,C00358,P045,6,126.61,759.66,sales.csv,2026-09-29T03:58:58.984726+00:00
O002205,2026-01-02,C00101,P041,7,146.41,1024.87,sales.csv,2026-09-29T03:58:58.984726+00:00
O008841,2026-06-10,C00362,P041,4,411.75,1647.00,sales.csv,2026-09-29T03:58:58.984726+00:00
O006575,2026-03-27,C00375,P004,9,802.45,7222.05,sales.csv,2026-09-29T03:58:58.984726+00:00
O002425,2026-06-12,C00294,P050,6,188.05,1128.30,sales.csv,2026-09-29T03:58:58.984726+00:00
O006328,2026-03-05,C00049,P021,4,791.52,3166.08,sales.csv,2026-09-29T03:58:58.984726+00:00
O008864,2026-06-16,C00373,P050,9,41.36,372.24,sales.csv,2026-09-29T03:58:58.984726+00:00
O007052,2026-04-24,C00331,P047,3,909.87,2729.61,sales.csv,2026-09-29T03:58:58.984726+00:00
O005291,2026-02-15,C00222,P033,8,341.47,2731.76,sales.csv,2026-09-29T03:58:58.984726+00:00
O000288,2026-01-07,C00318,P036,6,800.64,4803.84,sales.csv,2026-09-29T03:58:58.984726+00:00
O004934,2026-05-03,C00185,P016,7,911.64,6381.48,sales.csv,2026-09-29T03:58:58.984726+00:00
O007035,2026-05-26,C00215,P021,7,700.70,4904.90,sales.csv,2026-09-29T03:58:58.984726+00:00
O005792,2026-04-06,C00041,P032,5,189.94,949.70,sales.csv,2026-09-29T03:58:58.984726+00:00
O001992,2026-04-12,C00344,P024,3,734.42,2203.26,sales.csv,2026-09-29T03:58:58.984726+00:00
O005485,2026-06-21,C00470,P005,8,65.85,526.80,sales.csv,2026-09-29T03:58:58.984726+00:00
O005483,2026-01-11,C00121,P045,6,903.24,5419.44,sales.csv,2026-09-29T03:58:58.984726+00:00
O004663,2026-04-05,C00053,P015,9,140.21,1261.89,sales.csv,2026-09-29T03:58:58.984726+00:00
O007323,2026-01-05,C00209,P010,10,151.32,1513.20,sales.csv,2026-09-29T03:58:58.984726+00:00
O006523,2026-03-13,C00432,P039,2,338.75,677.50,sales.csv,2026-09-29T03:58:58.984726+00:00
O008599,2026-03-13,C00169,P033,5,593.33,2966.65,sales.csv,2026-09-29T03:58:58.984726+00:00
O000559,2026-02-19,C00090,P040,7,561.59,3931.13,sales.csv,2026-09-29T03:58:58.984726+00:00
O008131,2026-04-10,C00247,P017,10,47.29,472.90,sales.csv,2026-09-29T03:58:58.984726+00:00
O006353,2026-03-21,C00127,P020,8,338.67,2709.36,sales.csv,2026-09-29T03:58:58.984726+00:00
O006053,2026-02-10,C00316,P035,6,150.44,902.64,sales.csv,2026-09-29T03:58:58.984726+00:00
O000952,2026-01-23,C00097,P029,4,534.68,2138.72,sales.csv,2026-09-29T03:58:58.984726+00:00
O008189,2026-01-02,C00197,P006,1,346.62,346.62,sales.csv,2026-09-29T03:58:58.984726+00:00
O000113,2026-03-22,C00340,P008,5,665.69,3328.45,sales.csv,2026-09-29T03:58:58.984726+00:00
O009302,2026-05-22,C00288,P043,10,414.46,4144.60,sales.csv,2026-09-29T03:58:58.984726+00:00
O008439,2026-04-30,C00239,P025,2,900.26,1800.52,sales.csv,2026-09-29T03:58:58.984726+00:00
O008883,2026-05-02,C00409,P019,5,447.05,2235.25,sales.csv,2026-09-29T03:58:58.984726+00:00
O005288,2026-01-31,C00041,P024,9,586.41,5277.69,sales.csv,2026-09-29T03:58:58.984726+00:00
O000838,2026-01-22,C00298,P007,9,175.99,1583.91,sales.csv,2026-09-29T03:58:58.984726+00:00
O000534,2026-03-18,C00116,P020,5,924.92,4624.60,sales.csv,2026-09-29T03:58:58.984726+00:00
O002125,2026-02-19,C00422,P050,6,596.47,3578.82,sales.csv,2026-09-29T03:58:58.984726+00:00
O007219,2026-05-15,C00220,P003,1,854.91,854.91,sales.csv,2026-09-29T03:58:58.984726+00:00
O006506,2026-01-01,C00107,P036,6,69.62,417.72,sales.csv,2026-09-29T03:58:58.984726+00:00
O007854,2026-02-24,C00196,P029,4,671.05,2684.20,sales.csv,2026-09-29T03:58:58.984726+00:00
O002286,2026-01-22,C00069,P049,2,387.72,775.44,sales.csv,2026-09-29T03:58:58.984726+00:00
O001315,2026-02-04,C00177,P019,8,702.36,5618.88,sales.csv,2026-09-29T03:58:58.984726+00:00
O008736,2026-03-24,C00201,P036,4,124.33,497.32,sales.csv,2026-09-29T03:58:58.984726+00:00
O000063,2026-02-24,C00443,P026,1,216.79,216.79,sales.csv,2026-09-29T03:58:58.984726+00:00
O009410,2026-06-07,C00361,P022,4,121.39,485.56,sales.csv,2026-09-29T03:58:58.984726+00:00
O002190,2026-03-04,C00340,P021,6,277.06,1662.36,sales.csv,2026-09-29T03:58:58.984726+00:00
O009136,2026-06-01,C00404,P039,7,401.93,2813.51,sales.csv,2026-09-29T03:58:58.984726+00:00
O006433,2026-06-05,C00135,P022,3,903.50,2710.50,sales.csv,2026-09-29T03:58:58.984726+00:00
O004205,2026-01-31,C00158,P016,8,645.69,5165.52,sales.csv,2026-09-29T03:58:58.984726+00:00
O005296,2026-04-24,C00237,P029,3,757.68,2273.04,sales.csv,2026-09-29T03:58:58.984726+00:00
O001255,2026-01-24,C00205,P044,6,100.65,603.90,sales.csv,2026-09-29T03:58:58.984726+00:00
O002872,2026-01-02,C00479,P045,1,341.37,341.37,sales.csv,2026-09-29T03:58:58.984726+00:00
O009331,2026-04-01,C00445,P007,9,450.96,4058.64,sales.csv,2026-09-29T03:58:58.984726+00:00
O004578,2026-01-05,C00285,P006,8,951.25,7610.00,sales.csv,2026-09-29T03:58:58.984726+00:00
O003743,2026-01-30,C00474,P019,1,316.08,316.08,sales.csv,2026-09-29T03:58:58.984726+00:00
O000251,2026-06-17,C00497,P010,2,616.37,1232.74,sales.csv,2026-09-29T03:58:58.984726+00:00
O001825,2026-02-19,C00393,P041,3,124.87,374.61,sales.csv,2026-09-29T03:58:58.984726+00:00
O007285,2026-03-16,C00176,P006,5,829.27,4146.35,sales.csv,2026-09-29T03:58:58.984726+00:00
O008929,2026-05-14,C00272,P024,10,268.62,2686.20,sales.csv,2026-09-29T03:58:58.984726+00:00
O006836,2026-01-30,C00206,P050,4,745.07,2980.28,sales.csv,2026-09-29T03:58:58.984726+00:00
O003037,2026-03-31,C00221,P031,5,299.52,1497.60,sales.csv,2026-09-29T03:58:58.984726+00:00
O005644,2026-04-22,C00168,P011,2,304.77,609.54,sales.csv,2026-09-29T03:58:58.984726+00:00
O009105,2026-02-07,C00117,P006,4,645.98,2583.92,sales.csv,2026-09-29T03:58:58.984726+00:00
O008511,2026-04-17,C00163,P031,8,601.50,4812.00,sales.csv,2026-09-29T03:58:58.984726+00:00
O006508,2026-03-22,C00087,P040,9,399.76,3597.84,sales.csv,2026-09-29T03:58:58.984726+00:00
O003581,2026-05-28,C00453,P018,3,430.84,1292.52,sales.csv,2026-09-29T03:58:58.984726+00:00
O006732,2026-05-18,C00118,P037,1,395.12,395.12,sales.csv,2026-09-29T03:58:58.984726+00:00
O001106,2026-01-20,C00096,P012,9,157.43,1416.87,sales.csv,2026-09-29T03:58:58.984726+00:00
O003369,2026-06-13,C00416,P007,7,672.91,4710.37,sales.csv,2026-09-29T03:58:58.984726+00:00
O001840,2026-02-28,C00158,P009,4,171.67,686.68,sales.csv,2026-09-29T03:58:58.984726+00:00
O000306,2026-01-07,C00068,P001,6,312.86,1877.16,sales.csv,2026-09-29T03:58:58.984726+00:00
O004468,2026-05-23,C00358,P033,9,234.90,2114.10,sales.csv,2026-09-29T03:58:58.984726+00:00
O003309,2026-03-24,C00360,P007,6,11.35,68.10,sales.csv,2026-09-29T03:58:58.984726+00:00
O007373,2026-04-12,C00177,P022,7,151.58,1061.06,sales.csv,2026-09-29T03:58:58.984726+00:00
O008782,2026-04-04,C00266,P020,7,552.93,3870.51,sales.csv,2026-09-29T03:58:58.984726+00:00
O003082,2026-01-10,C00495,P023,8,836.90,6695.20,sales.csv,2026-09-29T03:58:58.984726+00:00
O000857,2026-05-31,C00133,P005,1,85.50,85.50,sales.csv,2026-09-29T03:58:58.984726+00:00
O000027,2026-03-09,C00383,P038,7,765.84,5360.88,sales.csv,2026-09-29T03:58:58.984726+00:00
O007021,2026-01-19,C00452,P022,4,687.54,2750.16,sales.csv,2026-09-29T03:58:58.984726+00:00
O000222,2026-05-01,C00179,P027,6,421.81,2530.86,sales.csv,2026-09-29T03:58:58.984726+00:00
O007194,2026-01-08,C00388,P047,2,532.54,1065.08,sales.csv,2026-09-29T03:58:58.984726+00:00
O008238,2026-03-13,C00117,P015,4,873.39,3493.56,sales.csv,2026-09-29T03:58:58.984726+00:00
O003863,2026-03-30,C00463,P047,1,813.44,813.44,sales.csv,2026-09-29T03:58:58.984726+00:00
O003268,2026-03-06,C00258,P001,10,358.86,3588.60,sales.csv,2026-09-29T03:58:58.984726+00:00
O003318,2026-04-18,C00219,P050,5,757.92,3789.60,sales.csv,2026-09-29T03:58:58.984726+00:00
O006144,2026-02-19,C00425,P048,9,226.17,2035.53,sales.csv,2026-09-29T03:58:58.984726+00:00
O005736,2026-04-21,C00047,P024,5,591.29,2956.45,sales.csv,2026-09-29T03:58:58.984726+00:00
O007637,2026-06-05,C00419,P012,5,206.76,1033.80,sales.csv,2026-09-29T03:58:58.984726+00:00
O006291,2026-02-25,C00167,P039,7,827.03,5789.21,sales.csv,2026-09-29T03:58:58.984726+00:00
O005086,2026-06-26,C00135,P046,8,316.05,2528.40,sales.csv,2026-09-29T03:58:58.984726+00:00
O005478,2026-05-17,C00145,P046,5,665.70,3328.50,sales.csv,2026-09-29T03:58:58.984726+00:00
O007807,2026-01-25,C00131,P047,8,878.44,7027.52,sales.csv,2026-09-29T03:58:58.984726+00:00
O002958,2026-04-20,C00239,P027,7,605.61,4239.27,sales.csv,2026-09-29T03:58:58.984726+00:00
O007493,2026-03-01,C00402,P020,3,368.58,1105.74,sales.csv,2026-09-29T03:58:58.984726+00:00
O006258,2026-03-14,C00184,P050,10,801.18,8011.80,sales.csv,2026-09-29T03:58:58.984726+00:00
O005524,2026-03-11,C00294,P035,4,924.23,3696.92,sales.csv,2026-09-29T03:58:58.984726+00:00
O009350,2026-03-11,C00191,P037,3,485.88,1457.64,sales.csv,2026-09-29T03:58:58.984726+00:00
O002940,2026-03-15,C00034,P019,1,595.88,595.88,sales.csv,2026-09-29T03:58:58.984726+00:00
O005325,2026-02-21,C00196,P003,2,19.55,39.10,sales.csv,2026-09-29T03:58:58.984726+00:00
O005084,2026-03-13,C00003,P004,2,637.32,1274.64,sales.csv,2026-09-29T03:58:58.984726+00:00
O001944,2026-03-12,C00226,P027,5,773.64,3868.20,sales.csv,2026-09-29T03:58:58.984726+00:00
O006319,2026-05-30,C00209,P012,4,452.87,1811.48,sales.csv,2026-09-29T03:58:58.984726+00:00
O005686,2026-04-21,C00135,P022,1,800.00,800.00,sales.csv,2026-09-29T03:58:58.984726+00:00
O004263,2026-06-19,C00027,P032,10,280.72,2807.20,sales.csv,2026-09-29T03:58:58.984726+00:00
O002980,2026-02-06,C00420,P048,4,224.83,899.32,sales.csv,2026-09-29T03:58:58.984726+00:00
O008760,2026-06-04,C00126,P046,3,325.82,977.46,sales.csv,2026-09-29T03:58:58.984726+00:00
O009016,2026-04-09,C00383,P042,2,784.46,1568.92,sales.csv,2026-09-29T03:58:58.984726+00:00
O006296,2026-04-06,C00111,P027,10,25.33,253.30,sales.csv,2026-09-29T03:58:58.984726+00:00
O006206,2026-03-13,C00121,P021,10,791.89,7918.90,sales.csv,2026-09-29T03:58:58.984726+00:00
O003440,2026-02-10,C00291,P041,5,623.96,3119.80,sales.csv,2026-09-29T03:58:58.984726+00:00
O003643,2026-01-07,C00111,P037,3,32.64,97.92,sales.csv,2026-09-29T03:58:58.984726+00:00
O005499,2026-03-20,C00258,P034,8,667.59,5340.72,sales.csv,2026-09-29T03:58:58.984726+00:00
O004733,2026-06-17,C00299,P012,1,428.06,428.06,sales.csv,2026-09-29T03:58:58.984726+00:00
O005474,2026-04-23,C00079,P044,8,825.34,6602.72,sales.csv,2026-09-29T03:58:58.984726+00:00
O007057,2026-04-20,C00103,P001,2,89.29,178.58,sales.csv,2026-09-29T03:58:58.984726+00:00
O001659,2026-03-09,C00092,P029,2,645.50,1291.00,sales.csv,2026-09-29T03:58:58.984726+00:00
O009473,2026-01-15,C00074,P030,6,148.76,892.56,sales.csv,2026-09-29T03:58:58.984726+00:00
O000730,2026-04-18,C00306,P009,10,503.93,5039.30,sales.csv,2026-09-29T03:58:58.984726+00:00
O000182,2026-01-05,C00048,P019,4,531.05,2124.20,sales.csv,2026-09-29T03:58:58.984726+00:00
O000769,2026-02-21,C00353,P009,5,209.37,1046.85,sales.csv,2026-09-29T03:58:58.984726+00:00
O003694,2026-01-31,C00397,P005,10,84.39,843.90,sales.csv,2026-09-29T03:58:58.984726+00:00
O000121,2026-02-13,C00338,P006,5,676.61,3383.05,sales.csv,2026-09-29T03:58:58.984726+00:00
O007392,2026-06-03,C00204,P035,7,272.59,1908.13,sales.csv,2026-09-29T03:58:58.984726+00:00
O000208,2026-03-14,C00360,P030,2,901.96,1803.92,sales.csv,2026-09-29T03:58:58.984726+00:00
O003024,2026-02-10,C00496,P019,2,701.47,1402.94,sales.csv,2026-09-29T03:58:58.984726+00:00
O007553,2026-04-17,C00076,P004,4,980.57,3922.28,sales.csv,2026-09-29T03:58:58.984726+00:00
O007828,2026-03-01,C00411,P023,2,988.34,1976.68,sales.csv,2026-09-29T03:58:58.984726+00:00
O006418,2026-02-03,C00447,P027,3,326.31,978.93,sales.csv,2026-09-29T03:58:58.984726+00:00
O002541,2026-02-27,C00141,P001,2,495.34,990.68,sales.csv,2026-09-29T03:58:58.984726+00:00
O001314,2026-02-09,C00156,P001,1,686.92,686.92,sales.csv,2026-09-29T03:58:58.984726+00:00
O004948,2026-01-04,C00420,P020,6,556.20,3337.20,sales.csv,2026-09-29T03:58:58.984726+00:00
O000349,2026-03-20,C00024,P015,7,786.54,5505.78,sales.csv,2026-09-29T03:58:58.984726+00:00
O006390,2026-04-24,C00274,P035,1,199.64,199.64,sales.csv,2026-09-29T03:58:58.984726+00:00
O000523,2026-02-13,C00269,P041,10,499.32,4993.20,sales.csv,2026-09-29T03:58:58.984726+00:00
O000293,2026-04-10,C00233,P024,9,550.35,4953.15,sales.csv,2026-09-29T03:58:58.984726+00:00
O009192,2026-05-24,C00218,P005,4,405.48,1621.92,sales.csv,2026-09-29T03:58:58.984726+00:00
O003657,2026-02-10,C00492,P011,6,21.87,131.22,sales.csv,2026-09-29T03:58:58.984726+00:00
O007869,2026-04-07,C00074,P048,10,490.12,4901.20,sales.csv,2026-09-29T03:58:58.984726+00:00
O003535,2026-05-28,C00079,P013,3,271.19,813.57,sales.csv,2026-09-29T03:58:58.984726+00:00
O005214,2026-02-03,C00474,P048,9,981.12,8830.08,sales.csv,2026-09-29T03:58:58.984726+00:00
O006885,2026-06-01,C00322,P045,6,568.13,3408.78,sales.csv,2026-09-29T03:58:58.984726+00:00
O004244,2026-03-13,C00465,P013,3,548.71,1646.13,sales.csv,2026-09-29T03:58:58.984726+00:00
O003356,2026-01-13,C00238,P019,1,160.31,160.31,sales.csv,2026-09-29T03:58:58.984726+00:00
O003114,2026-04-03,C00335,P031,10,302.92,3029.20,sales.csv,2026-09-29T03:58:58.984726+00:00
O001620,2026-03-19,C00373,P037,5,81.50,407.50,sales.csv,2026-09-29T03:58:58.984726+00:00
O009477,2026-01-22,C00358,P034,2,503.09,1006.18,sales.csv,2026-09-29T03:58:58.984726+00:00
O002025,2026-03-18,C00252,P028,5,898.79,4493.95,sales.csv,2026-09-29T03:58:58.984726+00:00
O009388,2026-03-14,C00025,P003,10,929.20,9292.00,sales.csv,2026-09-29T03:58:58.984726+00:00
O008934,2026-02-24,C00042,P045,6,30.95,185.70,sales.csv,2026-09-29T03:58:58.984726+00:00
O007288,2026-06-20,C00462,P020,6,469.55,2817.30,sales.csv,2026-09-29T03:58:58.984726+00:00
O008450,2026-06-27,C00344,P046,6,156.81,940.86,sales.csv,2026-09-29T03:58:58.984726+00:00
O008728,2026-01-22,C00115,P003,2,381.10,762.20,sales.csv,2026-09-29T03:58:58.984726+00:00
O000927,2026-06-21,C00177,P035,7,992.50,6947.50,sales.csv,2026-09-29T03:58:58.984726+00:00
O001352,2026-05-05,C00120,P021,9,845.95,7613.55,sales.csv,2026-09-29T03:58:58.984726+00:00
O006664,2026-06-15,C00407,P021,1,261.11,261.11,sales.csv,2026-09-29T03:58:58.984726+00:00
O002314,2026-05-27,C00444,P026,7,268.65,1880.55,sales.csv,2026-09-29T03:58:58.984726+00:00
O004824,2026-04-26,C00053,P016,1,606.48,606.48,sales.csv,2026-09-29T03:58:58.984726+00:00
O001403,2026-01-21,C00400,P004,6,457.03,2742.18,sales.csv,2026-09-29T03:58:58.984726+00:00
O003415,2026-04-05,C00371,P016,3,619.88,1859.64,sales.csv,2026-09-29T03:58:58.984726+00:00
O004394,2026-01-09,C00273,P012,7,143.24,1002.68,sales.csv,2026-09-29T03:58:58.984726+00:00
O006835,2026-03-31,C00403,P050,10,37.09,370.90,sales.csv,2026-09-29T03:58:58.984726+00:00
O006097,2026-04-14,C00298,P033,9,735.34,6618.06,sales.csv,2026-09-29T03:58:58.984726+00:00
O005746,2026-05-14,C00043,P025,5,337.10,1685.50,sales.csv,2026-09-29T03:58:58.984726+00:00
O005026,2026-06-11,C00306,P043,9,888.01,7992.09,sales.csv,2026-09-29T03:58:58.984726+00:00
O004523,2026-01-12,C00109,P015,6,806.44,4838.64,sales.csv,2026-09-29T03:58:58.984726+00:00
O003895,2026-03-24,C00401,P041,10,301.05,3010.50,sales.csv,2026-09-29T03:58:58.984726+00:00
O001971,2026-01-06,C00486,P002,9,849.17,7642.53,sales.csv,2026-09-29T03:58:58.984726+00:00
O008211,2026-06-08,C00322,P038,10,689.47,6894.70,sales.csv,2026-09-29T03:58:58.984726+00:00
O001800,2026-04-06,C00007,P019,6,461.52,2769.12,sales.csv,2026-09-29T03:58:58.984726+00:00
O006516,2026-03-04,C00362,P026,4,667.31,2669.24,sales.csv,2026-09-29T03:58:58.984726+00:00
O004944,2026-02-15,C00025,P019,7,492.57,3447.99,sales.csv,2026-09-29T03:58:58.984726+00:00
O004739,2026-03-25,C00335,P024,4,758.07,3032.28,sales.csv,2026-09-29T03:58:58.984726+00:00
O007121,2026-06-27,C00376,P031,9,512.09,4608.81,sales.csv,2026-09-29T03:58:58.984726+00:00
O006158,2026-05-26,C00294,P012,10,16.00,160.00,sales.csv,2026-09-29T03:58:58.984726+00:00
O003329,2026-05-01,C00282,P044,7,916.90,6418.30,sales.csv,2026-09-29T03:58:58.984726+00:00
O000737,2026-05-06,C00213,P046,8,641.54,5132.32,sales.csv,2026-09-29T03:58:58.984726+00:00
O002845,2026-03-06,C00301,P027,5,792.52,3962.60,sales.csv,2026-09-29T03:58:58.984726+00:00
O006166,2026-01-22,C00295,P015,4,486.93,1947.72,sales.csv,2026-09-29T03:58:58.984726+00:00
O008914,2026-02-01,C00324,P041,9,675.54,6079.86,sales.csv,2026-09-29T03:58:58.984726+00:00
O002015,2026-01-08,C00042,P030,8,596.13,4769.04,sales.csv,2026-09-29T03:58:58.984726+00:00
O005109,2026-05-24,C00340,P040,7,291.69,2041.83,sales.csv,2026-09-29T03:58:58.984726+00:00
O000826,2026-03-14,C00397,P020,6,114.22,685.32,sales.csv,2026-09-29T03:58:58.984726+00:00
O005705,2026-03-18,C00469,P017,6,130.60,783.60,sales.csv,2026-09-29T03:58:58.984726+00:00
O005621,2026-06-01,C00455,P050,10,467.47,4674.70,sales.csv,2026-09-29T03:58:58.984726+00:00
O004846,2026-02-14,C00022,P017,10,799.03,7990.30,sales.csv,2026-09-29T03:58:58.984726+00:00
O008904,2026-03-01,C00112,P017,3,196.88,590.64,sales.csv,2026-09-29T03:58:58.984726+00:00
O008996,2026-01-12,C00108,P022,5,550.98,2754.90,sales.csv,2026-09-29T03:58:58.984726+00:00
O008892,2026-02-02,C00433,P048,7,870.40,6092.80,sales.csv,2026-09-29T03:58:58.984726+00:00
O006461,2026-03-19,C00039,P014,4,775.28,3101.12,sales.csv,2026-09-29T03:58:58.984726+00:00
O003325,2026-02-14,C00155,P020,2,242.95,485.90,sales.csv,2026-09-29T03:58:58.984726+00:00
O002586,2026-04-02,C00453,P046,4,146.05,584.20,sales.csv,2026-09-29T03:58:58.984726+00:00
O004542,2026-06-29,C00012,P036,8,204.16,1633.28,sales.csv,2026-09-29T03:58:58.984726+00:00
O000717,2026-06-18,C00222,P026,1,967.50,967.50,sales.csv,2026-09-29T03:58:58.984726+00:00
O002458,2026-03-19,C00427,P044,9,612.84,5515.56,sales.csv,2026-09-29T03:58:58.984726+00:00
O006564,2026-04-08,C00181,P017,6,140.60,843.60,sales.csv,2026-09-29T03:58:58.984726+00:00
O008098,2026-04-16,C00069,P005,9,862.31,7760.79,sales.csv,2026-09-29T03:58:58.984726+00:00
O008832,2026-02-28,C00422,P011,7,366.03,2562.21,sales.csv,2026-09-29T03:58:58.984726+00:00
O007281,2026-05-22,C00223,P044,7,241.09,1687.63,sales.csv,2026-09-29T03:58:58.984726+00:00
O002918,2026-05-01,C00057,P003,1,744.52,744.52,sales.csv,2026-09-29T03:58:58.984726+00:00
O006773,2026-02-19,C00117,P042,3,477.60,1432.80,sales.csv,2026-09-29T03:58:58.984726+00:00
O007090,2026-06-30,C00105,P031,2,572.38,1144.76,sales.csv,2026-09-29T03:58:58.984726+00:00
O008991,2026-02-26,C00153,P050,4,470.66,1882.64,sales.csv,2026-09-29T03:58:58.984726+00:00
O003831,2026-01-11,C00140,P048,8,865.30,6922.40,sales.csv,2026-09-29T03:58:58.984726+00:00
O008707,2026-05-21,C00073,P020,1,248.13,248.13,sales.csv,2026-09-29T03:58:58.984726+00:00
O007625,2026-01-21,C00179,P014,10,692.04,6920.40,sales.csv,2026-09-29T03:58:58.984726+00:00
O003874,2026-01-07,C00448,P009,6,500.98,3005.88,sales.csv,2026-09-29T03:58:58.984726+00:00
O008764,2026-01-17,C00141,P042,1,734.26,734.26,sales.csv,2026-09-29T03:58:58.984726+00:00
O004424,2026-06-11,C00384,P039,1,943.70,943.70,sales.csv,2026-09-29T03:58:58.984726+00:00
O007253,2026-04-04,C00269,P031,1,666.70,666.70,sales.csv,2026-09-29T03:58:58.984726+00:00
O004257,2026-06-21,C00464,P038,5,518.48,2592.40,sales.csv,2026-09-29T03:58:58.984726+00:00
O000657,2026-04-12,C00476,P005,5,213.92,1069.60,sales.csv,2026-09-29T03:58:58.984726+00:00
O003879,2026-03-28,C00102,P002,8,515.10,4120.80,sales.csv,2026-09-29T03:58:58.984726+00:00
O002271,2026-05-17,C00194,P045,6,417.74,2506.44,sales.csv,2026-09-29T03:58:58.984726+00:00
O000572,2026-02-25,C00391,P016,10,108.30,1083.00,sales.csv,2026-09-29T03:58:58.984726+00:00
O003455,2026-05-15,C00460,P015,4,477.52,1910.08,sales.csv,2026-09-29T03:58:58.984726+00:00
O006849,2026-01-31,C00207,P035,1,981.40,981.40,sales.csv,2026-09-29T03:58:58.984726+00:00
O005106,2026-05-02,C00104,P020,9,109.32,983.88,sales.csv,2026-09-29T03:58:58.984726+00:00
O008167,2026-03-15,C00020,P024,7,975.59,6829.13,sales.csv,2026-09-29T03:58:58.984726+00:00
O000503,2026-06-22,C00241,P019,9,11.71,105.39,sales.csv,2026-09-29T03:58:58.984726+00:00
O006975,2026-05-17,C00400,P023,1,243.41,243.41,sales.csv,2026-09-29T03:58:58.984726+00:00
O003562,2026-06-21,C00093,P024,2,213.82,427.64,sales.csv,2026-09-29T03:58:58.984726+00:00
O004898,2026-02-06,C00082,P023,10,997.21,9972.10,sales.csv,2026-09-29T03:58:58.984726+00:00
O005869,2026-01-31,C00456,P007,4,585.14,2340.56,sales.csv,2026-09-29T03:58:58.984726+00:00
O002879,2026-05-03,C00339,P032,5,422.93,2114.65,sales.csv,2026-09-29T03:58:58.984726+00:00
O004920,2026-02-02,C00359,P017,10,706.48,7064.80,sales.csv,2026-09-29T03:58:58.984726+00:00
O004923,2026-04-29,C00427,P036,3,128.00,384.00,sales.csv,2026-09-29T03:58:58.984726+00:00
O006079,2026-04-12,C00331,P022,3,595.56,1786.68,sales.csv,2026-09-29T03:58:58.984726+00:00
O008874,2026-06-01,C00432,P002,8,62.13,497.04,sales.csv,2026-09-29T03:58:58.984726+00:00
O006264,2026-03-04,C00416,P004,3,910.29,2730.87,sales.csv,2026-09-29T03:58:58.984726+00:00
O000728,2026-01-31,C00123,P020,2,240.92,481.84,sales.csv,2026-09-29T03:58:58.984726+00:00
O001562,2026-06-26,C00359,P029,10,467.12,4671.20,sales.csv,2026-09-29T03:58:58.984726+00:00
O006760,2026-03-15,C00380,P007,2,380.15,760.30,sales.csv,2026-09-29T03:58:58.984726+00:00
O006492,2026-05-07,C00338,P005,10,775.62,7756.20,sales.csv,2026-09-29T03:58:58.984726+00:00
O007574,2026-02-08,C00012,P031,7,613.42,4293.94,sales.csv,2026-09-29T03:58:58.984726+00:00
O008209,2026-01-14,C00233,P047,5,36.81,184.05,sales.csv,2026-09-29T03:58:58.984726+00:00
O005083,2026-02-11,C00471,P036,10,431.04,4310.40,sales.csv,2026-09-29T03:58:58.984726+00:00
O000316,2026-02-02,C00141,P040,10,719.74,7197.40,sales.csv,2026-09-29T03:58:58.984726+00:00
O002444,2026-03-03,C00482,P024,7,497.02,3479.14,sales.csv,2026-09-29T03:58:58.984726+00:00
O004980,2026-03-10,C00025,P003,7,334.53,2341.71,sales.csv,2026-09-29T03:58:58.984726+00:00
O003123,2026-01-26,C00065,P003,7,32.36,226.52,sales.csv,2026-09-29T03:58:58.984726+00:00
O001625,2026-06-07,C00144,P018,5,19.61,98.05,sales.csv,2026-09-29T03:58:58.984726+00:00
O004833,2026-02-20,C00344,P050,4,796.55,3186.20,sales.csv,2026-09-29T03:58:58.984726+00:00
O005620,2026-04-10,C00390,P044,7,134.46,941.22,sales.csv,2026-09-29T03:58:58.984726+00:00
O006501,2026-04-21,C00321,P047,3,169.14,507.42,sales.csv,2026-09-29T03:58:58.984726+00:00
O001600,2026-03-15,C00447,P043,3,177.00,531.00,sales.csv,2026-09-29T03:58:58.984726+00:00
O002361,2026-01-05,C00216,P002,1,442.86,442.86,sales.csv,2026-09-29T03:58:58.984726+00:00
O006408,2026-04-14,C00017,P019,8,897.19,7177.52,sales.csv,2026-09-29T03:58:58.984726+00:00
O006879,2026-06-12,C00187,P019,8,945.58,7564.64,sales.csv,2026-09-29T03:58:58.984726+00:00
O003624,2026-01-11,C00196,P017,2,822.68,1645.36,sales.csv,2026-09-29T03:58:58.984726+00:00
O000277,2026-04-23,C00018,P038,6,960.91,5765.46,sales.csv,2026-09-29T03:58:58.984726+00:00
O004814,2026-03-06,C00237,P028,1,145.91,145.91,sales.csv,2026-09-29T03:58:58.984726+00:00
O000628,2026-02-07,C00009,P017,9,766.50,6898.50,sales.csv,2026-09-29T03:58:58.984726+00:00
O007082,2026-06-15,C00112,P031,5,601.41,3007.05,sales.csv,2026-09-29T03:58:58.984726+00:00
O001979,2026-03-15,C00383,P032,7,171.65,1201.55,sales.csv,2026-09-29T03:58:58.984726+00:00
O006228,2026-05-04,C00331,P029,4,30.16,120.64,sales.csv,2026-09-29T03:58:58.984726+00:00
O004677,2026-02-25,C00374,P012,6,812.83,4876.98,sales.csv,2026-09-29T03:58:58.984726+00:00
O001452,2026-06-25,C00410,P013,3,406.01,1218.03,sales.csv,2026-09-29T03:58:58.984726+00:00
O002775,2026-02-08,C00460,P030,3,655.63,1966.89,sales.csv,2026-09-29T03:58:58.984726+00:00
O005846,2026-03-25,C00118,P018,9,353.60,3182.40,sales.csv,2026-09-29T03:58:58.984726+00:00
O003360,2026-03-10,C00092,P019,6,547.64,3285.84,sales.csv,2026-09-29T03:58:58.984726+00:00
O000693,2026-03-16,C00426,P045,2,537.27,1074.54,sales.csv,2026-09-29T03:58:58.984726+00:00
O001469,2026-05-06,C00353,P021,8,324.46,2595.68,sales.csv,2026-09-29T03:58:58.984726+00:00
O002871,2026-02-13,C00046,P013,6,705.58,4233.48,sales.csv,2026-09-29T03:58:58.984726+00:00
O001101,2026-01-14,C00007,P048,5,267.19,1335.95,sales.csv,2026-09-29T03:58:58.984726+00:00
O003547,2026-05-06,C00380,P039,6,983.62,5901.72,sales.csv,2026-09-29T03:58:58.984726+00:00
O008267,2026-03-02,C00129,P043,3,624.16,1872.48,sales.csv,2026-09-29T03:58:58.984726+00:00
O006641,2026-04-10,C00434,P042,2,670.44,1340.88,sales.csv,2026-09-29T03:58:58.984726+00:00
O002859,2026-02-13,C00308,P021,10,502.81,5028.10,sales.csv,2026-09-29T03:58:58.984726+00:00
O001342,2026-03-06,C00247,P041,5,261.47,1307.35,sales.csv,2026-09-29T03:58:58.984726+00:00
O006304,2026-05-09,C00386,P006,9,577.21,5194.89,sales.csv,2026-09-29T03:58:58.984726+00:00
O006100,2026-04-11,C00471,P011,10,560.35,5603.50,sales.csv,2026-09-29T03:58:58.984726+00:00
O005028,2026-05-21,C00043,P019,4,489.46,1957.84,sales.csv,2026-09-29T03:58:58.984726+00:00
O009262,2026-01-14,C00363,P049,10,372.82,3728.20,sales.csv,2026-09-29T03:58:58.984726+00:00
O001941,2026-02-01,C00396,P021,6,766.88,4601.28,sales.csv,2026-09-29T03:58:58.984726+00:00
O000878,2026-06-28,C00184,P038,1,923.02,923.02,sales.csv,2026-09-29T03:58:58.984726+00:00
O004077,2026-05-25,C00098,P023,5,252.45,1262.25,sales.csv,2026-09-29T03:58:58.984726+00:00
O005226,2026-04-02,C00204,P038,2,801.98,1603.96,sales.csv,2026-09-29T03:58:58.984726+00:00
O009139,2026-05-03,C00050,P008,6,298.24,1789.44,sales.csv,2026-09-29T03:58:58.984726+00:00
O007983,2026-02-16,C00278,P036,9,9.68,87.12,sales.csv,2026-09-29T03:58:58.984726+00:00
O003933,2026-01-14,C00330,P045,4,628.43,2513.72,sales.csv,2026-09-29T03:58:58.984726+00:00
O009062,2026-03-29,C00204,P028,10,731.72,7317.20,sales.csv,2026-09-29T03:58:58.984726+00:00
O004301,2026-05-16,C00187,P005,8,405.20,3241.60,sales.csv,2026-09-29T03:58:58.984726+00:00
O006385,2026-05-20,C00077,P012,2,708.30,1416.60,sales.csv,2026-09-29T03:58:58.984726+00:00
O005394,2026-03-24,C00106,P004,6,778.99,4673.94,sales.csv,2026-09-29T03:58:58.984726+00:00
O002699,2026-01-07,C00357,P028,6,71.88,431.28,sales.csv,2026-09-29T03:58:58.984726+00:00
O001476,2026-04-10,C00265,P049,1,249.84,249.84,sales.csv,2026-09-29T03:58:58.984726+00:00
O007526,2026-03-28,C00040,P035,9,554.61,4991.49,sales.csv,2026-09-29T03:58:58.984726+00:00
O007594,2026-04-13,C00219,P005,5,958.04,4790.20,sales.csv,2026-09-29T03:58:58.984726+00:00
O000385,2026-01-25,C00286,P044,7,373.43,2614.01,sales.csv,2026-09-29T03:58:58.984726+00:00
O000142,2026-04-17,C00032,P014,7,511.49,3580.43,sales.csv,2026-09-29T03:58:58.984726+00:00
O006875,2026-02-17,C00199,P005,7,719.10,5033.70,sales.csv,2026-09-29T03:58:58.984726+00:00
O008353,2026-04-26,C00069,P009,4,423.36,1693.44,sales.csv,2026-09-29T03:58:58.984726+00:00
O007010,2026-05-12,C00189,P027,4,653.71,2614.84,sales.csv,2026-09-29T03:58:58.984726+00:00
O005038,2026-03-13,C00484,P022,10,498.01,4980.10,sales.csv,2026-09-29T03:58:58.984726+00:00
O001521,2026-05-24,C00413,P041,4,15.80,63.20,sales.csv,2026-09-29T03:58:58.984726+00:00
O003344,2026-04-12,C00350,P034,2,610.38,1220.76,sales.csv,2026-09-29T03:58:58.984726+00:00
O001096,2026-04-02,C00417,P029,2,808.54,1617.08,sales.csv,2026-09-29T03:58:58.984726+00:00
O008577,2026-02-26,C00420,P011,2,319.19,638.38,sales.csv,2026-09-29T03:58:58.984726+00:00
O005575,2026-01-12,C00217,P049,6,763.84,4583.04,sales.csv,2026-09-29T03:58:58.984726+00:00
O004448,2026-05-16,C00379,P001,5,820.95,4104.75,sales.csv,2026-09-29T03:58:58.984726+00:00
O008126,2026-02-26,C00026,P050,7,792.22,5545.54,sales.csv,2026-09-29T03:58:58.984726+00:00
O004847,2026-05-09,C00020,P038,5,848.49,4242.45,sales.csv,2026-09-29T03:58:58.984726+00:00
O001162,2026-05-22,C00056,P012,10,108.44,1084.40,sales.csv,2026-09-29T03:58:58.984726+00:00
O001140,2026-04-12,C00421,P043,1,622.26,622.26,sales.csv,2026-09-29T03:58:58.984726+00:00
O008820,2026-06-26,C00216,P012,8,748.65,5989.20,sales.csv,2026-09-29T03:58:58.984726+00:00
O000437,2026-03-22,C00478,P020,9,522.96,4706.64,sales.csv,2026-09-29T03:58:58.984726+00:00
O004800,2026-05-03,C00119,P036,8,365.28,2922.24,sales.csv,2026-09-29T03:58:58.984726+00:00
O006481,2026-05-25,C00441,P026,5,340.57,1702.85,sales.csv,2026-09-29T03:58:58.984726+00:00
O006889,2026-01-23,C00234,P010,7,530.80,3715.60,sales.csv,2026-09-29T03:58:58.984726+00:00
O002284,2026-04-12,C00112,P020,7,495.25,3466.75,sales.csv,2026-09-29T03:58:58.984726+00:00
O007540,2026-03-24,C00447,P046,8,561.76,4494.08,sales.csv,2026-09-29T03:58:58.984726+00:00
O008719,2026-04-15,C00005,P006,9,780.01,7020.09,sales.csv,2026-09-29T03:58:58.984726+00:00
O006855,2026-06-28,C00245,P037,2,637.56,1275.12,sales.csv,2026-09-29T03:58:58.984726+00:00
O006362,2026-05-30,C00306,P047,2,775.35,1550.70,sales.csv,2026-09-29T03:58:58.984726+00:00
O002564,2026-01-02,C00366,P028,9,983.60,8852.40,sales.csv,2026-09-29T03:58:58.984726+00:00
O008896,2026-01-11,C00376,P025,4,440.10,1760.40,sales.csv,2026-09-29T03:58:58.984726+00:00
O001755,2026-02-23,C00386,P048,4,421.03,1684.12,sales.csv,2026-09-29T03:58:58.984726+00:00
O007056,2026-06-11,C00113,P043,3,682.86,2048.58,sales.csv,2026-09-29T03:58:58.984726+00:00
O003680,2026-03-31,C00368,P045,9,294.55,2650.95,sales.csv,2026-09-29T03:58:58.984726+00:00
O007998,2026-01-04,C00294,P024,9,647.72,5829.48,sales.csv,2026-09-29T03:58:58.984726+00:00
O009352,2026-02-25,C00264,P029,3,379.08,1137.24,sales.csv,2026-09-29T03:58:58.984726+00:00
O004208,2026-03-28,C00082,P039,6,778.84,4673.04,sales.csv,2026-09-29T03:58:58.984726+00:00
O000431,2026-06-18,C00322,P007,10,964.62,9646.20,sales.csv,2026-09-29T03:58:58.984726+00:00
O002780,2026-06-28,C00280,P050,3,788.66,2365.98,sales.csv,2026-09-29T03:58:58.984726+00:00
O004038,2026-04-05,C00326,P035,2,549.69,1099.38,sales.csv,2026-09-29T03:58:58.984726+00:00
O000427,2026-01-18,C00489,P034,9,665.96,5993.64,sales.csv,2026-09-29T03:58:58.984726+00:00
O006354,2026-01-31,C00364,P011,6,296.61,1779.66,sales.csv,2026-09-29T03:58:58.984726+00:00
O008481,2026-06-05,C00020,P028,8,32.13,257.04,sales.csv,2026-09-29T03:58:58.984726+00:00
O008203,2026-05-27,C00382,P018,1,507.45,507.45,sales.csv,2026-09-29T03:58:58.984726+00:00
O003638,2026-01-25,C00061,P049,4,473.77,1895.08,sales.csv,2026-09-29T03:58:58.984726+00:00
O007290,2026-04-27,C00358,P003,7,178.88,1252.16,sales.csv,2026-09-29T03:58:58.984726+00:00
O005147,2026-04-11,C00148,P044,10,284.41,2844.10,sales.csv,2026-09-29T03:58:58.984726+00:00
O005273,2026-05-11,C00045,P022,3,997.69,2993.07,sales.csv,2026-09-29T03:58:58.984726+00:00
O003248,2026-05-14,C00301,P042,7,433.74,3036.18,sales.csv,2026-09-29T03:58:58.984726+00:00
O007470,2026-02-13,C00152,P049,9,355.87,3202.83,sales.csv,2026-09-29T03:58:58.984726+00:00
O005076,2026-04-22,C00400,P033,3,4.78,14.34,sales.csv,2026-09-29T03:58:58.984726+00:00
O005421,2026-01-10,C00126,P001,1,396.53,396.53,sales.csv,2026-09-29T03:58:58.984726+00:00
O009190,2026-04-29,C00219,P034,8,625.21,5001.68,sales.csv,2026-09-29T03:58:58.984726+00:00
O004826,2026-04-03,C00497,P034,5,645.91,3229.55,sales.csv,2026-09-29T03:58:58.984726+00:00
O004160,2026-06-01,C00405,P049,3,851.75,2555.25,sales.csv,2026-09-29T03:58:58.984726+00:00
O000957,2026-03-05,C00017,P030,1,473.35,473.35,sales.csv,2026-09-29T03:58:58.984726+00:00
O005313,2026-06-11,C00439,P032,4,451.84,1807.36,sales.csv,2026-09-29T03:58:58.984726+00:00
O001331,2026-05-07,C00112,P022,7,409.38,2865.66,sales.csv,2026-09-29T03:58:58.984726+00:00
O006841,2026-01-26,C00145,P003,10,715.99,7159.90,sales.csv,2026-09-29T03:58:58.984726+00:00
O008445,2026-02-18,C00210,P038,10,792.69,7926.90,sales.csv,2026-09-29T03:58:58.984726+00:00
O003932,2026-03-03,C00029,P042,9,32.75,294.75,sales.csv,2026-09-29T03:58:58.984726+00:00
O008036,2026-01-13,C00291,P019,1,789.27,789.27,sales.csv,2026-09-29T03:58:58.984726+00:00
O008311,2026-05-03,C00044,P022,6,921.75,5530.50,sales.csv,2026-09-29T03:58:58.984726+00:00
O000602,2026-05-28,C00307,P050,6,311.51,1869.06,sales.csv,2026-09-29T03:58:58.984726+00:00
O006474,2026-04-30,C00026,P050,3,319.35,958.05,sales.csv,2026-09-29T03:58:58.984726+00:00
O008027,2026-02-18,C00326,P020,4,826.31,3305.24,sales.csv,2026-09-29T03:58:58.984726+00:00
O001144,2026-05-22,C00448,P036,3,162.52,487.56,sales.csv,2026-09-29T03:58:58.984726+00:00
O000976,2026-06-17,C00365,P042,5,247.88,1239.40,sales.csv,2026-09-29T03:58:58.984726+00:00
O000610,2026-03-03,C00435,P015,5,928.43,4642.15,sales.csv,2026-09-29T03:58:58.984726+00:00
O009091,2026-01-03,C00321,P024,4,434.13,1736.52,sales.csv,2026-09-29T03:58:58.984726+00:00
O006106,2026-03-22,C00465,P040,10,806.81,8068.10,sales.csv,2026-09-29T03:58:58.984726+00:00
O002611,2026-03-15,C00242,P018,10,133.07,1330.70,sales.csv,2026-09-29T03:58:58.984726+00:00
O002624,2026-03-06,C00457,P049,9,456.26,4106.34,sales.csv,2026-09-29T03:58:58.984726+00:00
O005988,2026-04-04,C00024,P042,9,339.20,3052.80,sales.csv,2026-09-29T03:58:58.984726+00:00
O000919,2026-02-21,C00050,P002,4,224.91,899.64,sales.csv,2026-09-29T03:58:58.984726+00:00
O000225,2026-05-21,C00019,P030,2,413.24,826.48,sales.csv,2026-09-29T03:58:58.984726+00:00
O004700,2026-03-20,C00191,P041,4,769.51,3078.04,sales.csv,2026-09-29T03:58:58.984726+00:00
O005115,2026-04-20,C00230,P013,10,719.21,7192.10,sales.csv,2026-09-29T03:58:58.984726+00:00
O005944,2026-06-18,C00384,P018,2,952.85,1905.70,sales.csv,2026-09-29T03:58:58.984726+00:00
O002901,2026-03-12,C00272,P039,8,680.76,5446.08,sales.csv,2026-09-29T03:58:58.984726+00:00
O009007,2026-03-19,C00063,P021,9,790.28,7112.52,sales.csv,2026-09-29T03:58:58.984726+00:00
O008508,2026-05-21,C00239,P045,5,616.08,3080.40,sales.csv,2026-09-29T03:58:58.984726+00:00
O001204,2026-06-25,C00215,P010,10,127.22,1272.20,sales.csv,2026-09-29T03:58:58.984726+00:00
O003857,2026-01-20,C00097,P012,6,992.27,5953.62,sales.csv,2026-09-29T03:58:58.984726+00:00
O004112,2026-04-15,C00365,P029,8,198.11,1584.88,sales.csv,2026-09-29T03:58:58.984726+00:00
O006822,2026-03-13,C00430,P010,10,830.46,8304.60,sales.csv,2026-09-29T03:58:58.984726+00:00
O008881,2026-03-19,C00277,P029,7,897.68,6283.76,sales.csv,2026-09-29T03:58:58.984726+00:00
O002164,2026-01-30,C00051,P035,3,375.01,1125.03,sales.csv,2026-09-29T03:58:58.984726+00:00
O001126,2026-01-25,C00086,P050,9,699.88,6298.92,sales.csv,2026-09-29T03:58:58.984726+00:00
O005590,2026-06-12,C00005,P049,8,968.53,7748.24,sales.csv,2026-09-29T03:58:58.984726+00:00
O001788,2026-03-16,C00497,P049,10,875.10,8751.00,sales.csv,2026-09-29T03:58:58.984726+00:00
O003867,2026-03-09,C00373,P021,8,470.38,3763.04,sales.csv,2026-09-29T03:58:58.984726+00:00
O007609,2026-03-06,C00029,P023,2,284.48,568.96,sales.csv,2026-09-29T03:58:58.984726+00:00
O008958,2026-04-07,C00114,P044,3,460.96,1382.88,sales.csv,2026-09-29T03:58:58.984726+00:00
O005163,2026-05-09,C00137,P045,3,940.33,2820.99,sales.csv,2026-09-29T03:58:58.984726+00:00
O001039,2026-04-13,C00205,P030,5,506.56,2532.80,sales.csv,2026-09-29T03:58:58.984726+00:00
O005760,2026-04-13,C00134,P045,10,822.42,8224.20,sales.csv,2026-09-29T03:58:58.984726+00:00
O004546,2026-06-05,C00113,P021,10,475.22,4752.20,sales.csv,2026-09-29T03:58:58.984726+00:00
O008349,2026-05-12,C00059,P040,5,903.60,4518.00,sales.csv,2026-09-29T03:58:58.984726+00:00
O004949,2026-04-04,C00251,P049,8,446.53,3572.24,sales.csv,2026-09-29T03:58:58.984726+00:00
O001111,2026-06-10,C00316,P043,5,643.97,3219.85,sales.csv,2026-09-29T03:58:58.984726+00:00
O000843,2026-01-20,C00484,P013,3,767.38,2302.14,sales.csv,2026-09-29T03:58:58.984726+00:00
O007721,2026-03-30,C00351,P046,6,787.03,4722.18,sales.csv,2026-09-29T03:58:58.984726+00:00
O007525,2026-04-21,C00373,P021,1,856.40,856.40,sales.csv,2026-09-29T03:58:58.984726+00:00
O009093,2026-01-31,C00264,P018,6,543.25,3259.50,sales.csv,2026-09-29T03:58:58.984726+00:00
O000308,2026-01-14,C00065,P048,7,690.55,4833.85,sales.csv,2026-09-29T03:58:58.984726+00:00
O007938,2026-03-08,C00490,P044,7,693.61,4855.27,sales.csv,2026-09-29T03:58:58.984726+00:00
O005873,2026-05-09,C00073,P049,10,406.07,4060.70,sales.csv,2026-09-29T03:58:58.984726+00:00
O007996,2026-04-12,C00029,P031,9,448.81,4039.29,sales.csv,2026-09-29T03:58:58.984726+00:00
O005182,2026-03-27,C00387,P037,9,712.76,6414.84,sales.csv,2026-09-29T03:58:58.984726+00:00
O009118,2026-01-18,C00461,P030,9,891.71,8025.39,sales.csv,2026-09-29T03:58:58.984726+00:00
O007961,2026-03-29,C00125,P031,1,44.26,44.26,sales.csv,2026-09-29T03:58:58.984726+00:00
O006722,2026-02-02,C00195,P014,2,744.97,1489.94,sales.csv,2026-09-29T03:58:58.984726+00:00
O008387,2026-01-05,C00497,P016,1,334.87,334.87,sales.csv,2026-09-29T03:58:58.984726+00:00
O009033,2026-05-14,C00285,P023,7,203.50,1424.50,sales.csv,2026-09-29T03:58:58.984726+00:00
O002695,2026-01-29,C00031,P023,6,183.64,1101.84,sales.csv,2026-09-29T03:58:58.984726+00:00
O002334,2026-03-18,C00201,P040,3,545.01,1635.03,sales.csv,2026-09-29T03:58:58.984726+00:00
O004711,2026-04-16,C00077,P048,1,171.04,171.04,sales.csv,2026-09-29T03:58:58.984726+00:00
O005640,2026-02-25,C00478,P041,5,577.16,2885.80,sales.csv,2026-09-29T03:58:58.984726+00:00
O008769,2026-02-19,C00320,P042,3,320.03,960.09,sales.csv,2026-09-29T03:58:58.984726+00:00
O001064,2026-04-04,C00423,P004,4,596.66,2386.64,sales.csv,2026-09-29T03:58:58.984726+00:00
O001729,2026-05-28,C00497,P036,4,114.34,457.36,sales.csv,2026-09-29T03:58:58.984726+00:00
O005004,2026-01-04,C00329,P044,6,316.78,1900.68,sales.csv,2026-09-29T03:58:58.984726+00:00
O001560,2026-04-09,C00028,P006,7,514.69,3602.83,sales.csv,2026-09-29T03:58:58.984726+00:00
O005104,2026-03-13,C00490,P031,2,542.87,1085.74,sales.csv,2026-09-29T03:58:58.984726+00:00
O005351,2026-04-03,C00164,P017,10,96.31,963.10,sales.csv,2026-09-29T03:58:58.984726+00:00
O001303,2026-05-15,C00392,P006,2,345.00,690.00,sales.csv,2026-09-29T03:58:58.984726+00:00
O001002,2026-01-10,C00274,P013,6,19.45,116.70,sales.csv,2026-09-29T03:58:58.984726+00:00
O000122,2026-06-19,C00325,P040,6,123.40,740.40,sales.csv,2026-09-29T03:58:58.984726+00:00
O000665,2026-04-21,C00096,P044,10,866.95,8669.50,sales.csv,2026-09-29T03:58:58.984726+00:00
O008384,2026-04-29,C00229,P046,9,724.73,6522.57,sales.csv,2026-09-29T03:58:58.984726+00:00
O000360,2026-04-22,C00433,P007,4,572.04,2288.16,sales.csv,2026-09-29T03:58:58.984726+00:00
O002140,2026-03-19,C00151,P032,1,188.26,188.26,sales.csv,2026-09-29T03:58:58.984726+00:00
O009454,2026-06-08,C00307,P002,6,174.93,1049.58,sales.csv,2026-09-29T03:58:58.984726+00:00
O009321,2026-02-01,C00401,P045,1,743.67,743.67,sales.csv,2026-09-29T03:58:58.984726+00:00
O008569,2026-05-28,C00286,P028,4,240.41,961.64,sales.csv,2026-09-29T03:58:58.984726+00:00
O004557,2026-06-25,C00452,P010,4,693.72,2774.88,sales.csv,2026-09-29T03:58:58.984726+00:00
O007584,2026-03-04,C00176,P012,4,888.13,3552.52,sales.csv,2026-09-29T03:58:58.984726+00:00
O003908,2026-03-17,C00376,P004,4,687.16,2748.64,sales.csv,2026-09-29T03:58:58.984726+00:00
O000425,2026-04-01,C00124,P037,7,246.51,1725.57,sales.csv,2026-09-29T03:58:58.984726+00:00
O008847,2026-03-25,C00194,P018,8,932.88,7463.04,sales.csv,2026-09-29T03:58:58.984726+00:00
O008739,2026-01-14,C00154,P046,2,635.72,1271.44,sales.csv,2026-09-29T03:58:58.984726+00:00
O005771,2026-05-07,C00106,P036,8,581.89,4655.12,sales.csv,2026-09-29T03:58:58.984726+00:00
O003370,2026-01-21,C00173,P041,5,554.81,2774.05,sales.csv,2026-09-29T03:58:58.984726+00:00
O001585,2026-06-15,C00339,P004,2,286.22,572.44,sales.csv,2026-09-29T03:58:58.984726+00:00
O001891,2026-05-19,C00293,P031,8,737.95,5903.60,sales.csv,2026-09-29T03:58:58.984726+00:00
O003496,2026-06-19,C00367,P017,5,490.52,2452.60,sales.csv,2026-09-29T03:58:58.984726+00:00
O003059,2026-05-22,C00108,P008,6,951.15,5706.90,sales.csv,2026-09-29T03:58:58.984726+00:00
O004928,2026-03-05,C00358,P038,7,913.88,6397.16,sales.csv,2026-09-29T03:58:58.984726+00:00
O002727,2026-06-29,C00346,P007,6,534.83,3208.98,sales.csv,2026-09-29T03:58:58.984726+00:00
O005739,2026-02-17,C00183,P023,2,133.72,267.44,sales.csv,2026-09-29T03:58:58.984726+00:00
O000031,2026-01-17,C00198,P025,10,614.48,6144.80,sales.csv,2026-09-29T03:58:58.984726+00:00
O008788,2026-02-01,C00134,P023,9,396.71,3570.39,sales.csv,2026-09-29T03:58:58.984726+00:00
O005514,2026-01-19,C00166,P050,7,287.21,2010.47,sales.csv,2026-09-29T03:58:58.984726+00:00
O006367,2026-03-11,C00253,P028,1,582.86,582.86,sales.csv,2026-09-29T03:58:58.984726+00:00
O001949,2026-06-15,C00496,P039,1,970.21,970.21,sales.csv,2026-09-29T03:58:58.984726+00:00
O001442,2026-03-27,C00251,P026,3,25.08,75.24,sales.csv,2026-09-29T03:58:58.984726+00:00
O008310,2026-05-14,C00013,P021,9,655.94,5903.46,sales.csv,2026-09-29T03:58:58.984726+00:00
O004641,2026-06-09,C00295,P028,9,652.72,5874.48,sales.csv,2026-09-29T03:58:58.984726+00:00
O002972,2026-06-09,C00353,P013,2,89.00,178.00,sales.csv,2026-09-29T03:58:58.984726+00:00
O006312,2026-06-09,C00497,P034,7,372.85,2609.95,sales.csv,2026-09-29T03:58:58.984726+00:00
O001316,2026-01-03,C00353,P032,8,393.70,3149.60,sales.csv,2026-09-29T03:58:58.984726+00:00
O005759,2026-04-16,C00295,P003,7,650.19,4551.33,sales.csv,2026-09-29T03:58:58.984726+00:00
O007694,2026-03-12,C00341,P049,8,105.38,843.04,sales.csv,2026-09-29T03:58:58.984726+00:00
O004063,2026-06-12,C00081,P016,10,684.22,6842.20,sales.csv,2026-09-29T03:58:58.984726+00:00
O000003,2026-05-20,C00045,P038,7,42.65,298.55,sales.csv,2026-09-29T03:58:58.984726+00:00
O000379,2026-04-26,C00053,P022,2,662.32,1324.64,sales.csv,2026-09-29T03:58:58.984726+00:00
O008010,2026-05-24,C00080,P036,6,166.58,999.48,sales.csv,2026-09-29T03:58:58.984726+00:00
O003448,2026-03-22,C00268,P024,7,637.02,4459.14,sales.csv,2026-09-29T03:58:58.984726+00:00
O005205,2026-01-18,C00281,P025,10,203.60,2036.00,sales.csv,2026-09-29T03:58:58.984726+00:00
O008785,2026-01-23,C00067,P003,7,299.82,2098.74,sales.csv,2026-09-29T03:58:58.984726+00:00
O000305,2026-05-19,C00129,P012,2,867.46,1734.92,sales.csv,2026-09-29T03:58:58.984726+00:00
O009286,2026-05-06,C00297,P005,1,824.09,824.09,sales.csv,2026-09-29T03:58:58.984726+00:00
O006391,2026-04-11,C00165,P011,10,915.63,9156.30,sales.csv,2026-09-29T03:58:58.984726+00:00
O001706,2026-04-18,C00003,P036,4,252.53,1010.12,sales.csv,2026-09-29T03:58:58.984726+00:00
O001251,2026-01-30,C00133,P005,7,831.55,5820.85,sales.csv,2026-09-29T03:58:58.984726+00:00
O005450,2026-03-28,C00374,P049,3,261.79,785.37,sales.csv,2026-09-29T03:58:58.984726+00:00
O001277,2026-02-03,C00295,P044,4,131.90,527.60,sales.csv,2026-09-29T03:58:58.984726+00:00
O004957,2026-03-30,C00118,P004,1,911.67,911.67,sales.csv,2026-09-29T03:58:58.984726+00:00
O003243,2026-03-14,C00421,P028,10,956.93,9569.30,sales.csv,2026-09-29T03:58:58.984726+00:00
O003061,2026-04-27,C00488,P008,1,654.92,654.92,sales.csv,2026-09-29T03:58:58.984726+00:00
O001078,2026-05-11,C00400,P012,10,228.60,2286.00,sales.csv,2026-09-29T03:58:58.984726+00:00
O001058,2026-04-24,C00411,P037,8,116.36,930.88,sales.csv,2026-09-29T03:58:58.984726+00:00
O004822,2026-01-28,C00499,P022,1,608.46,608.46,sales.csv,2026-09-29T03:58:58.984726+00:00
O005505,2026-06-29,C00463,P012,7,560.85,3925.95,sales.csv,2026-09-29T03:58:58.984726+00:00
O004009,2026-04-06,C00107,P020,7,812.67,5688.69,sales.csv,2026-09-29T03:58:58.984726+00:00
O009165,2026-01-31,C00298,P014,9,545.39,4908.51,sales.csv,2026-09-29T03:58:58.984726+00:00
O000434,2026-04-29,C00357,P031,3,177.75,533.25,sales.csv,2026-09-29T03:58:58.984726+00:00
O003989,2026-03-29,C00260,P041,3,785.84,2357.52,sales.csv,2026-09-29T03:58:58.984726+00:00
O000405,2026-05-09,C00271,P027,3,262.74,788.22,sales.csv,2026-09-29T03:58:58.984726+00:00
O001022,2026-06-09,C00311,P045,3,549.96,1649.88,sales.csv,2026-09-29T03:58:58.984726+00:00
O004220,2026-06-06,C00146,P009,2,606.99,1213.98,sales.csv,2026-09-29T03:58:58.984726+00:00
O001643,2026-05-30,C00201,P030,4,963.47,3853.88,sales.csv,2026-09-29T03:58:58.984726+00:00
O005428,2026-05-30,C00173,P041,8,4.03,32.24,sales.csv,2026-09-29T03:58:58.984726+00:00
O007192,2026-03-20,C00072,P043,7,795.82,5570.74,sales.csv,2026-09-29T03:58:58.984726+00:00
O009168,2026-02-25,C00307,P014,4,15.54,62.16,sales.csv,2026-09-29T03:58:58.984726+00:00
O007295,2026-02-12,C00390,P028,5,134.04,670.20,sales.csv,2026-09-29T03:58:58.984726+00:00
O005855,2026-04-07,C00128,P019,7,595.32,4167.24,sales.csv,2026-09-29T03:58:58.984726+00:00
O004777,2026-02-16,C00022,P008,10,946.90,9469.00,sales.csv,2026-09-29T03:58:58.984726+00:00
O005210,2026-05-22,C00110,P040,5,704.40,3522.00,sales.csv,2026-09-29T03:58:58.984726+00:00
O000500,2026-01-06,C00047,P026,9,600.30,5402.70,sales.csv,2026-09-29T03:58:58.984726+00:00
O008294,2026-04-19,C00260,P013,6,821.08,4926.48,sales.csv,2026-09-29T03:58:58.984726+00:00
O008493,2026-01-11,C00444,P004,9,166.05,1494.45,sales.csv,2026-09-29T03:58:58.984726+00:00
O004529,2026-05-30,C00414,P011,7,992.19,6945.33,sales.csv,2026-09-29T03:58:58.984726+00:00
O005592,2026-01-06,C00228,P018,8,188.06,1504.48,sales.csv,2026-09-29T03:58:58.984726+00:00
O002557,2026-04-15,C00395,P021,2,832.88,1665.76,sales.csv,2026-09-29T03:58:58.984726+00:00
O004929,2026-06-08,C00282,P029,5,665.17,3325.85,sales.csv,2026-09-29T03:58:58.984726+00:00
O006583,2026-03-18,C00163,P003,8,269.23,2153.84,sales.csv,2026-09-29T03:58:58.984726+00:00
O008495,2026-03-13,C00094,P030,1,414.60,414.60,sales.csv,2026-09-29T03:58:58.984726+00:00
O000785,2026-02-05,C00386,P008,10,957.83,9578.30,sales.csv,2026-09-29T03:58:58.984726+00:00
O008746,2026-04-21,C00015,P032,2,336.67,673.34,sales.csv,2026-09-29T03:58:58.984726+00:00
O007100,2026-06-30,C00077,P035,6,324.63,1947.78,sales.csv,2026-09-29T03:58:58.984726+00:00
O008819,2026-05-02,C00417,P030,1,21.44,21.44,sales.csv,2026-09-29T03:58:58.984726+00:00
O007177,2026-03-13,C00034,P022,9,787.61,7088.49,sales.csv,2026-09-29T03:58:58.984726+00:00
O001505,2026-05-24,C00091,P030,10,473.10,4731.00,sales.csv,2026-09-29T03:58:58.984726+00:00
O000180,2026-04-15,C00251,P036,4,906.19,3624.76,sales.csv,2026-09-29T03:58:58.984726+00:00
O005287,2026-05-16,C00421,P023,3,187.23,561.69,sales.csv,2026-09-29T03:58:58.984726+00:00
O004611,2026-06-12,C00220,P026,2,595.50,1191.00,sales.csv,2026-09-29T03:58:58.984726+00:00
O000333,2026-03-13,C00294,P015,7,736.26,5153.82,sales.csv,2026-09-29T03:58:58.984726+00:00
O004187,2026-05-04,C00403,P005,4,614.81,2459.24,sales.csv,2026-09-29T03:58:58.984726+00:00
O002754,2026-04-30,C00240,P042,9,610.29,5492.61,sales.csv,2026-09-29T03:58:58.984726+00:00
O004203,2026-01-15,C00224,P026,7,202.91,1420.37,sales.csv,2026-09-29T03:58:58.984726+00:00
O005707,2026-02-10,C00268,P026,9,138.37,1245.33,sales.csv,2026-09-29T03:58:58.984726+00:00
O006797,2026-06-12,C00451,P050,10,723.78,7237.80,sales.csv,2026-09-29T03:58:58.984726+00:00
O009203,2026-05-08,C00317,P011,2,343.81,687.62,sales.csv,2026-09-29T03:58:58.984726+00:00
O000687,2026-03-22,C00091,P026,6,383.00,2298.00,sales.csv,2026-09-29T03:58:58.984726+00:00
O009176,2026-05-24,C00047,P008,9,863.22,7768.98,sales.csv,2026-09-29T03:58:58.984726+00:00
O001208,2026-01-01,C00460,P050,7,685.25,4796.75,sales.csv,2026-09-29T03:58:58.984726+00:00
O000691,2026-05-20,C00093,P044,9,36.27,326.43,sales.csv,2026-09-29T03:58:58.984726+00:00
O003822,2026-04-05,C00036,P012,3,818.93,2456.79,sales.csv,2026-09-29T03:58:58.984726+00:00
O005140,2026-06-17,C00352,P044,10,341.30,3413.00,sales.csv,2026-09-29T03:58:58.984726+00:00
O007831,2026-02-12,C00253,P041,5,806.41,4032.05,sales.csv,2026-09-29T03:58:58.984726+00:00
O004450,2026-05-02,C00256,P016,9,255.09,2295.81,sales.csv,2026-09-29T03:58:58.984726+00:00
O005958,2026-06-07,C00385,P004,9,339.65,3056.85,sales.csv,2026-09-29T03:58:58.984726+00:00
O002757,2026-03-23,C00176,P039,8,279.70,2237.60,sales.csv,2026-09-29T03:58:58.984726+00:00
O008839,2026-03-11,C00448,P050,10,396.49,3964.90,sales.csv,2026-09-29T03:58:58.984726+00:00
O009003,2026-03-02,C00373,P037,7,916.86,6418.02,sales.csv,2026-09-29T03:58:58.984726+00:00
O005349,2026-05-02,C00337,P024,7,83.91,587.37,sales.csv,2026-09-29T03:58:58.984726+00:00
O004034,2026-04-24,C00414,P045,2,134.08,268.16,sales.csv,2026-09-29T03:58:58.984726+00:00
O008859,2026-02-17,C00124,P032,8,384.24,3073.92,sales.csv,2026-09-29T03:58:58.984726+00:00
O006163,2026-04-21,C00100,P012,2,626.49,1252.98,sales.csv,2026-09-29T03:58:58.984726+00:00
O005249,2026-05-23,C00357,P021,5,883.77,4418.85,sales.csv,2026-09-29T03:58:58.984726+00:00
O008178,2026-03-25,C00072,P031,7,802.50,5617.50,sales.csv,2026-09-29T03:58:58.984726+00:00
O003873,2026-02-06,C00378,P049,7,550.97,3856.79,sales.csv,2026-09-29T03:58:58.984726+00:00
O001081,2026-06-27,C00391,P016,5,522.49,2612.45,sales.csv,2026-09-29T03:58:58.984726+00:00
O007068,2026-04-18,C00144,P037,1,150.06,150.06,sales.csv,2026-09-29T03:58:58.984726+00:00
O000978,2026-06-03,C00207,P043,6,893.28,5359.68,sales.csv,2026-09-29T03:58:58.984726+00:00
O001771,2026-06-15,C00403,P021,8,778.72,6229.76,sales.csv,2026-09-29T03:58:58.984726+00:00
O004664,2026-05-24,C00364,P026,6,480.46,2882.76,sales.csv,2026-09-29T03:58:58.984726+00:00
O004856,2026-03-24,C00224,P012,4,966.95,3867.80,sales.csv,2026-09-29T03:58:58.984726+00:00
O004305,2026-01-30,C00049,P017,6,418.21,2509.26,sales.csv,2026-09-29T03:58:58.984726+00:00
O005843,2026-01-12,C00026,P026,10,966.97,9669.70,sales.csv,2026-09-29T03:58:58.984726+00:00
O003331,2026-06-30,C00125,P049,2,509.00,1018.00,sales.csv,2026-09-29T03:58:58.984726+00:00
O004737,2026-05-30,C00039,P041,5,310.68,1553.40,sales.csv,2026-09-29T03:58:58.984726+00:00
O007070,2026-01-24,C00465,P037,4,491.47,1965.88,sales.csv,2026-09-29T03:58:58.984726+00:00
O009417,2026-06-19,C00276,P012,3,756.68,2270.04,sales.csv,2026-09-29T03:58:58.984726+00:00
O001467,2026-04-16,C00114,P048,4,994.23,3976.92,sales.csv,2026-09-29T03:58:58.984726+00:00
O003735,2026-01-08,C00025,P020,7,247.72,1734.04,sales.csv,2026-09-29T03:58:58.984726+00:00
O000954,2026-05-12,C00406,P011,2,408.79,817.58,sales.csv,2026-09-29T03:58:58.984726+00:00
O001807,2026-01-02,C00210,P041,5,544.31,2721.55,sales.csv,2026-09-29T03:58:58.984726+00:00
O001692,2026-06-23,C00206,P021,2,897.64,1795.28,sales.csv,2026-09-29T03:58:58.984726+00:00
O003760,2026-05-01,C00246,P007,2,300.68,601.36,sales.csv,2026-09-29T03:58:58.984726+00:00
O009496,2026-05-28,C00420,P035,5,157.65,788.25,sales.csv,2026-09-29T03:58:58.984726+00:00
O004194,2026-06-24,C00143,P039,4,297.48,1189.92,sales.csv,2026-09-29T03:58:58.984726+00:00
O002450,2026-04-16,C00339,P013,1,837.33,837.33,sales.csv,2026-09-29T03:58:58.984726+00:00
O003355,2026-02-20,C00264,P040,8,571.01,4568.08,sales.csv,2026-09-29T03:58:58.984726+00:00
O007867,2026-05-27,C00006,P027,8,571.80,4574.40,sales.csv,2026-09-29T03:58:58.984726+00:00
O000119,2026-06-05,C00336,P021,8,580.05,4640.40,sales.csv,2026-09-29T03:58:58.984726+00:00
O004249,2026-05-16,C00201,P034,10,803.76,8037.60,sales.csv,2026-09-29T03:58:58.984726+00:00
O004632,2026-03-30,C00232,P041,9,666.23,5996.07,sales.csv,2026-09-29T03:58:58.984726+00:00
O008925,2026-06-20,C00357,P035,4,608.60,2434.40,sales.csv,2026-09-29T03:58:58.984726+00:00
O008367,2026-03-16,C00404,P048,6,724.93,4349.58,sales.csv,2026-09-29T03:58:58.984726+00:00
O007930,2026-01-27,C00056,P004,8,756.14,6049.12,sales.csv,2026-09-29T03:58:58.984726+00:00
O001370,2026-05-06,C00270,P040,10,336.46,3364.60,sales.csv,2026-09-29T03:58:58.984726+00:00
O003794,2026-02-19,C00486,P047,10,477.33,4773.30,sales.csv,2026-09-29T03:58:58.984726+00:00
O001025,2026-06-05,C00103,P050,5,686.69,3433.45,sales.csv,2026-09-29T03:58:58.984726+00:00
O001906,2026-01-26,C00414,P032,2,906.52,1813.04,sales.csv,2026-09-29T03:58:58.984726+00:00
O001297,2026-06-15,C00203,P018,8,477.00,3816.00,sales.csv,2026-09-29T03:58:58.984726+00:00
O005661,2026-04-27,C00158,P018,8,302.88,2423.04,sales.csv,2026-09-29T03:58:58.984726+00:00
O002385,2026-03-26,C00069,P018,6,844.58,5067.48,sales.csv,2026-09-29T03:58:58.984726+00:00
O002467,2026-01-17,C00330,P022,7,941.36,6589.52,sales.csv,2026-09-29T03:58:58.984726+00:00
O008436,2026-05-03,C00270,P020,4,402.84,1611.36,sales.csv,2026-09-29T03:58:58.984726+00:00
O002846,2026-06-15,C00487,P034,6,523.06,3138.36,sales.csv,2026-09-29T03:58:58.984726+00:00
O007570,2026-04-01,C00435,P013,8,983.91,7871.28,sales.csv,2026-09-29T03:58:58.984726+00:00
O009144,2026-03-17,C00155,P039,10,651.55,6515.50,sales.csv,2026-09-29T03:58:58.984726+00:00
O000262,2026-02-14,C00041,P040,7,813.26,5692.82,sales.csv,2026-09-29T03:58:58.984726+00:00
O000032,2026-05-16,C00129,P036,1,892.66,892.66,sales.csv,2026-09-29T03:58:58.984726+00:00
O003009,2026-02-20,C00130,P032,8,890.78,7126.24,sales.csv,2026-09-29T03:58:58.984726+00:00
O003180,2026-06-22,C00163,P027,7,580.27,4061.89,sales.csv,2026-09-29T03:58:58.984726+00:00
O006419,2026-03-25,C00360,P049,10,493.73,4937.30,sales.csv,2026-09-29T03:58:58.984726+00:00
O002252,2026-06-27,C00240,P039,6,759.13,4554.78,sales.csv,2026-09-29T03:58:58.984726+00:00
O000215,2026-05-09,C00277,P032,8,106.43,851.44,sales.csv,2026-09-29T03:58:58.984726+00:00
O009066,2026-02-06,C00341,P040,1,381.57,381.57,sales.csv,2026-09-29T03:58:58.984726+00:00
O009315,2026-02-07,C00444,P041,10,469.29,4692.90,sales.csv,2026-09-29T03:58:58.984726+00:00
O006323,2026-05-22,C00377,P031,7,729.73,5108.11,sales.csv,2026-09-29T03:58:58.984726+00:00
O000480,2026-02-02,C00321,P020,10,700.24,7002.40,sales.csv,2026-09-29T03:58:58.984726+00:00
O006646,2026-05-23,C00074,P025,9,796.20,7165.80,sales.csv,2026-09-29T03:58:58.984726+00:00
O009394,2026-01-17,C00287,P035,10,277.89,2778.90,sales.csv,2026-09-29T03:58:58.984726+00:00
O005682,2026-04-07,C00478,P011,10,521.99,5219.90,sales.csv,2026-09-29T03:58:58.984726+00:00
O001583,2026-04-14,C00036,P039,2,899.50,1799.00,sales.csv,2026-09-29T03:58:58.984726+00:00
O004103,2026-02-08,C00012,P036,10,416.12,4161.20,sales.csv,2026-09-29T03:58:58.984726+00:00
O001132,2026-01-19,C00028,P012,5,732.49,3662.45,sales.csv,2026-09-29T03:58:58.984726+00:00
O004133,2026-02-08,C00151,P010,7,366.05,2562.35,sales.csv,2026-09-29T03:58:58.984726+00:00
O008118,2026-03-27,C00205,P049,9,703.94,6335.46,sales.csv,2026-09-29T03:58:58.984726+00:00
O002828,2026-06-05,C00438,P003,2,450.32,900.64,sales.csv,2026-09-29T03:58:58.984726+00:00
O006762,2026-01-10,C00053,P021,2,336.66,673.32,sales.csv,2026-09-29T03:58:58.984726+00:00
O008443,2026-02-10,C00077,P013,4,938.81,3755.24,sales.csv,2026-09-29T03:58:58.984726+00:00
O002831,2026-02-19,C00311,P002,9,31.19,280.71,sales.csv,2026-09-29T03:58:58.984726+00:00
O000682,2026-06-07,C00101,P030,2,178.58,357.16,sales.csv,2026-09-29T03:58:58.984726+00:00
O003132,2026-05-31,C00470,P033,2,200.56,401.12,sales.csv,2026-09-29T03:58:58.984726+00:00
O000761,2026-01-01,C00445,P050,2,959.04,1918.08,sales.csv,2026-09-29T03:58:58.984726+00:00
O008041,2026-02-26,C00212,P039,4,70.53,282.12,sales.csv,2026-09-29T03:58:58.984726+00:00
O000856,2026-06-11,C00481,P042,2,764.26,1528.52,sales.csv,2026-09-29T03:58:58.984726+00:00
O005221,2026-01-27,C00125,P024,4,55.30,221.20,sales.csv,2026-09-29T03:58:58.984726+00:00
O008104,2026-06-20,C00334,P027,10,584.78,5847.80,sales.csv,2026-09-29T03:58:58.984726+00:00
O000372,2026-03-19,C00408,P018,10,74.62,746.20,sales.csv,2026-09-29T03:58:58.984726+00:00
O000127,2026-06-28,C00197,P032,7,320.79,2245.53,sales.csv,2026-09-29T03:58:58.984726+00:00
O001662,2026-02-25,C00315,P042,2,579.78,1159.56,sales.csv,2026-09-29T03:58:58.984726+00:00
O005031,2026-06-16,C00125,P042,2,773.84,1547.68,sales.csv,2026-09-29T03:58:58.984726+00:00
O000342,2026-03-25,C00398,P037,10,112.35,1123.50,sales.csv,2026-09-29T03:58:58.984726+00:00
O000200,2026-04-17,C00311,P039,10,296.81,2968.10,sales.csv,2026-09-29T03:58:58.984726+00:00
O006618,2026-06-17,C00243,P008,8,819.77,6558.16,sales.csv,2026-09-29T03:58:58.984726+00:00
O009088,2026-03-24,C00382,P034,10,405.88,4058.80,sales.csv,2026-09-29T03:58:58.984726+00:00
O008206,2026-01-27,C00135,P023,7,357.20,2500.40,sales.csv,2026-09-29T03:58:58.984726+00:00
O009445,2026-05-02,C00461,P028,7,931.89,6523.23,sales.csv,2026-09-29T03:58:58.984726+00:00
O005973,2026-04-18,C00287,P007,1,239.63,239.63,sales.csv,2026-09-29T03:58:58.984726+00:00
O008898,2026-06-15,C00077,P018,8,524.91,4199.28,sales.csv,2026-09-29T03:58:58.984726+00:00
O001536,2026-04-10,C00096,P039,2,986.05,1972.10,sales.csv,2026-09-29T03:58:58.984726+00:00
O008278,2026-01-01,C00025,P044,9,672.08,6048.72,sales.csv,2026-09-29T03:58:58.984726+00:00
O007829,2026-02-19,C00314,P001,2,357.65,715.30,sales.csv,2026-09-29T03:58:58.984726+00:00
O006159,2026-01-04,C00311,P045,7,517.97,3625.79,sales.csv,2026-09-29T03:58:58.984726+00:00
O004753,2026-02-08,C00015,P044,2,177.57,355.14,sales.csv,2026-09-29T03:58:58.984726+00:00
O001159,2026-06-14,C00224,P018,6,177.03,1062.18,sales.csv,2026-09-29T03:58:58.984726+00:00
O003197,2026-02-01,C00417,P025,7,172.95,1210.65,sales.csv,2026-09-29T03:58:58.984726+00:00
O006528,2026-03-17,C00111,P009,3,977.88,2933.64,sales.csv,2026-09-29T03:58:58.984726+00:00
O005352,2026-02-14,C00480,P041,2,483.72,967.44,sales.csv,2026-09-29T03:58:58.984726+00:00
O000930,2026-03-02,C00244,P020,2,518.47,1036.94,sales.csv,2026-09-29T03:58:58.984726+00:00
O000319,2026-06-29,C00059,P042,9,945.81,8512.29,sales.csv,2026-09-29T03:58:58.984726+00:00
O005380,2026-05-25,C00328,P030,5,630.06,3150.30,sales.csv,2026-09-29T03:58:58.984726+00:00
O008242,2026-01-07,C00420,P014,4,473.11,1892.44,sales.csv,2026-09-29T03:58:58.984726+00:00
O000594,2026-03-30,C00080,P018,4,951.30,3805.20,sales.csv,2026-09-29T03:58:58.984726+00:00
O003793,2026-03-04,C00112,P046,4,745.99,2983.96,sales.csv,2026-09-29T03:58:58.984726+00:00
O003350,2026-06-12,C00060,P039,8,659.06,5272.48,sales.csv,2026-09-29T03:58:58.984726+00:00
O003900,2026-06-04,C00462,P047,5,88.72,443.60,sales.csv,2026-09-29T03:58:58.984726+00:00
O000223,2026-06-21,C00054,P011,6,540.55,3243.30,sales.csv,2026-09-29T03:58:58.984726+00:00
O008668,2026-02-28,C00107,P012,3,818.36,2455.08,sales.csv,2026-09-29T03:58:58.984726+00:00
O006706,2026-04-26,C00236,P008,10,979.13,9791.30,sales.csv,2026-09-29T03:58:58.984726+00:00
O000129,2026-01-28,C00399,P028,4,231.53,926.12,sales.csv,2026-09-29T03:58:58.984726+00:00
O001904,2026-06-28,C00241,P038,1,415.86,415.86,sales.csv,2026-09-29T03:58:58.984726+00:00
O007413,2026-01-15,C00162,P011,3,140.53,421.59,sales.csv,2026-09-29T03:58:58.984726+00:00
O000056,2026-01-14,C00345,P042,2,80.44,160.88,sales.csv,2026-09-29T03:58:58.984726+00:00
O008386,2026-01-22,C00228,P018,9,771.12,6940.08,sales.csv,2026-09-29T03:58:58.984726+00:00
O004025,2026-06-17,C00371,P004,5,768.63,3843.15,sales.csv,2026-09-29T03:58:58.984726+00:00
O006090,2026-05-27,C00468,P003,10,296.13,2961.30,sales.csv,2026-09-29T03:58:58.984726+00:00
O005613,2026-05-19,C00294,P036,4,873.57,3494.28,sales.csv,2026-09-29T03:58:58.984726+00:00
O002979,2026-04-21,C00075,P041,1,243.23,243.23,sales.csv,2026-09-29T03:58:58.984726+00:00
O007724,2026-01-23,C00496,P044,2,926.04,1852.08,sales.csv,2026-09-29T03:58:58.984726+00:00
O003291,2026-01-06,C00393,P011,1,286.11,286.11,sales.csv,2026-09-29T03:58:58.984726+00:00
O006138,2026-03-02,C00388,P011,10,773.75,7737.50,sales.csv,2026-09-29T03:58:58.984726+00:00
O002656,2026-03-14,C00011,P020,3,233.95,701.85,sales.csv,2026-09-29T03:58:58.984726+00:00
O006985,2026-05-12,C00379,P024,6,787.04,4722.24,sales.csv,2026-09-29T03:58:58.984726+00:00
O006821,2026-04-24,C00204,P012,6,843.06,5058.36,sales.csv,2026-09-29T03:58:58.984726+00:00
O002977,2026-05-04,C00095,P016,9,342.14,3079.26,sales.csv,2026-09-29T03:58:58.984726+00:00
O006629,2026-05-12,C00034,P023,10,85.93,859.30,sales.csv,2026-09-29T03:58:58.984726+00:00
O004081,2026-06-25,C00352,P024,9,725.70,6531.30,sales.csv,2026-09-29T03:58:58.984726+00:00
O003456,2026-06-20,C00017,P026,2,432.90,865.80,sales.csv,2026-09-29T03:58:58.984726+00:00
O007352,2026-01-26,C00280,P020,3,196.16,588.48,sales.csv,2026-09-29T03:58:58.984726+00:00
O002453,2026-05-05,C00205,P048,10,107.65,1076.50,sales.csv,2026-09-29T03:58:58.984726+00:00
O001684,2026-06-23,C00446,P035,3,972.31,2916.93,sales.csv,2026-09-29T03:58:58.984726+00:00
O003789,2026-06-10,C00181,P014,7,552.99,3870.93,sales.csv,2026-09-29T03:58:58.984726+00:00
O000888,2026-06-30,C00483,P043,7,769.10,5383.70,sales.csv,2026-09-29T03:58:58.984726+00:00
O004262,2026-05-09,C00445,P047,5,787.75,3938.75,sales.csv,2026-09-29T03:58:58.984726+00:00
O004072,2026-06-19,C00403,P037,3,616.15,1848.45,sales.csv,2026-09-29T03:58:58.984726+00:00
O004525,2026-06-26,C00356,P002,10,63.24,632.40,sales.csv,2026-09-29T03:58:58.984726+00:00
O006361,2026-02-07,C00356,P022,10,976.45,9764.50,sales.csv,2026-09-29T03:58:58.984726+00:00
O004879,2026-01-24,C00392,P042,2,207.87,415.74,sales.csv,2026-09-29T03:58:58.984726+00:00
O007305,2026-05-19,C00074,P009,7,578.65,4050.55,sales.csv,2026-09-29T03:58:58.984726+00:00
O007675,2026-03-17,C00172,P012,1,435.08,435.08,sales.csv,2026-09-29T03:58:58.984726+00:00
O004420,2026-06-26,C00013,P047,1,110.62,110.62,sales.csv,2026-09-29T03:58:58.984726+00:00
O008073,2026-03-05,C00011,P031,4,364.37,1457.48,sales.csv,2026-09-29T03:58:58.984726+00:00
O004545,2026-02-25,C00159,P036,4,682.56,2730.24,sales.csv,2026-09-29T03:58:58.984726+00:00
O005676,2026-02-16,C00063,P029,5,536.55,2682.75,sales.csv,2026-09-29T03:58:58.984726+00:00
O008148,2026-06-20,C00030,P009,6,381.20,2287.20,sales.csv,2026-09-29T03:58:58.984726+00:00
O006796,2026-02-23,C00288,P038,7,167.83,1174.81,sales.csv,2026-09-29T03:58:58.984726+00:00
O005828,2026-05-23,C00013,P044,3,355.35,1066.05,sales.csv,2026-09-29T03:58:58.984726+00:00
O002200,2026-02-26,C00381,P002,5,893.01,4465.05,sales.csv,2026-09-29T03:58:58.984726+00:00
O008863,2026-02-14,C00172,P007,3,114.43,343.29,sales.csv,2026-09-29T03:58:58.984726+00:00
O000350,2026-01-15,C00004,P014,5,277.86,1389.30,sales.csv,2026-09-29T03:58:58.984726+00:00
O002626,2026-01-18,C00248,P027,9,661.43,5952.87,sales.csv,2026-09-29T03:58:58.984726+00:00
O000962,2026-03-31,C00177,P011,5,982.67,4913.35,sales.csv,2026-09-29T03:58:58.984726+00:00
O001195,2026-05-13,C00491,P026,10,739.72,7397.20,sales.csv,2026-09-29T03:58:58.984726+00:00
O004768,2026-05-11,C00099,P004,10,258.33,2583.30,sales.csv,2026-09-29T03:58:58.984726+00:00
O006651,2026-06-07,C00212,P034,4,251.35,1005.40,sales.csv,2026-09-29T03:58:58.984726+00:00
O002802,2026-05-13,C00420,P048,10,417.11,4171.10,sales.csv,2026-09-29T03:58:58.984726+00:00
O007648,2026-06-07,C00455,P048,7,473.59,3315.13,sales.csv,2026-09-29T03:58:58.984726+00:00
O001020,2026-06-25,C00323,P001,5,552.64,2763.20,sales.csv,2026-09-29T03:58:58.984726+00:00
O003192,2026-04-16,C00111,P036,4,18.87,75.48,sales.csv,2026-09-29T03:58:58.984726+00:00
O005077,2026-05-28,C00073,P009,6,652.35,3914.10,sales.csv,2026-09-29T03:58:58.984726+00:00
O005045,2026-03-24,C00052,P026,10,776.26,7762.60,sales.csv,2026-09-29T03:58:58.984726+00:00
O009252,2026-01-23,C00181,P001,7,287.29,2011.03,sales.csv,2026-09-29T03:58:58.984726+00:00
O008423,2026-03-22,C00237,P044,5,406.93,2034.65,sales.csv,2026-09-29T03:58:58.984726+00:00
O001344,2026-03-02,C00325,P028,6,20.74,124.44,sales.csv,2026-09-29T03:58:58.984726+00:00
O004592,2026-02-18,C00112,P029,2,876.39,1752.78,sales.csv,2026-09-29T03:58:58.984726+00:00
O007903,2026-05-20,C00126,P013,2,749.88,1499.76,sales.csv,2026-09-29T03:58:58.984726+00:00
O007093,2026-01-22,C00292,P037,8,506.12,4048.96,sales.csv,2026-09-29T03:58:58.984726+00:00
O002876,2026-04-28,C00062,P009,6,194.98,1169.88,sales.csv,2026-09-29T03:58:58.984726+00:00
O004918,2026-04-17,C00206,P005,8,991.38,7931.04,sales.csv,2026-09-29T03:58:58.984726+00:00
O000709,2026-03-21,C00176,P030,4,684.03,2736.12,sales.csv,2026-09-29T03:58:58.984726+00:00
O005433,2026-01-22,C00038,P015,9,722.85,6505.65,sales.csv,2026-09-29T03:58:58.984726+00:00
O003996,2026-01-30,C00167,P047,6,719.86,4319.16,sales.csv,2026-09-29T03:58:58.984726+00:00
O000626,2026-03-23,C00469,P014,6,411.15,2466.90,sales.csv,2026-09-29T03:58:58.984726+00:00
O007501,2026-01-10,C00260,P028,6,378.44,2270.64,sales.csv,2026-09-29T03:58:58.984726+00:00
O007689,2026-06-28,C00467,P040,10,312.49,3124.90,sales.csv,2026-09-29T03:58:58.984726+00:00
O000481,2026-01-24,C00258,P042,3,776.69,2330.07,sales.csv,2026-09-29T03:58:58.984726+00:00
O007752,2026-06-11,C00171,P048,4,518.84,2075.36,sales.csv,2026-09-29T03:58:58.984726+00:00
O001892,2026-02-10,C00260,P004,7,346.23,2423.61,sales.csv,2026-09-29T03:58:58.984726+00:00
O000690,2026-01-30,C00478,P037,4,777.24,3108.96,sales.csv,2026-09-29T03:58:58.984726+00:00
O008155,2026-02-24,C00007,P013,5,327.01,1635.05,sales.csv,2026-09-29T03:58:58.984726+00:00
O000259,2026-03-25,C00408,P004,5,470.84,2354.20,sales.csv,2026-09-29T03:58:58.984726+00:00
O004466,2026-05-28,C00492,P034,9,30.48,274.32,sales.csv,2026-09-29T03:58:58.984726+00:00
O002524,2026-06-27,C00161,P034,6,795.52,4773.12,sales.csv,2026-09-29T03:58:58.984726+00:00
O002170,2026-01-31,C00027,P013,4,986.83,3947.32,sales.csv,2026-09-29T03:58:58.984726+00:00
O005790,2026-05-23,C00244,P010,7,336.22,2353.54,sales.csv,2026-09-29T03:58:58.984726+00:00
O004873,2026-03-01,C00293,P029,9,490.94,4418.46,sales.csv,2026-09-29T03:58:58.984726+00:00
O007562,2026-03-13,C00444,P023,8,605.96,4847.68,sales.csv,2026-09-29T03:58:58.984726+00:00
O003099,2026-03-17,C00319,P002,3,483.74,1451.22,sales.csv,2026-09-29T03:58:58.984726+00:00
O007506,2026-02-11,C00499,P049,9,831.47,7483.23,sales.csv,2026-09-29T03:58:58.984726+00:00
O004264,2026-05-17,C00339,P036,5,152.87,764.35,sales.csv,2026-09-29T03:58:58.984726+00:00
O004986,2026-04-23,C00462,P050,7,271.37,1899.59,sales.csv,2026-09-29T03:58:58.984726+00:00
O001170,2026-03-16,C00069,P030,9,670.00,6030.00,sales.csv,2026-09-29T03:58:58.984726+00:00
O004853,2026-04-08,C00490,P007,3,284.48,853.44,sales.csv,2026-09-29T03:58:58.984726+00:00
O003493,2026-01-02,C00391,P026,1,536.80,536.80,sales.csv,2026-09-29T03:58:58.984726+00:00
O006911,2026-03-23,C00496,P050,8,191.86,1534.88,sales.csv,2026-09-29T03:58:58.984726+00:00
O005935,2026-05-20,C00282,P006,9,193.35,1740.15,sales.csv,2026-09-29T03:58:58.984726+00:00
O006309,2026-04-05,C00142,P046,7,539.85,3778.95,sales.csv,2026-09-29T03:58:58.984726+00:00
O005718,2026-06-18,C00161,P048,9,706.77,6360.93,sales.csv,2026-09-29T03:58:58.984726+00:00
O008676,2026-06-12,C00285,P039,6,271.43,1628.58,sales.csv,2026-09-29T03:58:58.984726+00:00
O004895,2026-04-20,C00014,P018,8,671.69,5373.52,sales.csv,2026-09-29T03:58:58.984726+00:00
O001630,2026-01-22,C00496,P010,10,203.04,2030.40,sales.csv,2026-09-29T03:58:58.984726+00:00
O007499,2026-05-01,C00190,P007,9,500.71,4506.39,sales.csv,2026-09-29T03:58:58.984726+00:00
O002890,2026-01-18,C00143,P028,3,900.50,2701.50,sales.csv,2026-09-29T03:58:58.984726+00:00
O007896,2026-04-05,C00280,P015,9,391.65,3524.85,sales.csv,2026-09-29T03:58:58.984726+00:00
O007421,2026-04-25,C00419,P012,7,136.47,955.29,sales.csv,2026-09-29T03:58:58.984726+00:00
O000214,2026-04-30,C00353,P020,7,357.83,2504.81,sales.csv,2026-09-29T03:58:58.984726+00:00
O003472,2026-06-12,C00315,P049,8,1.64,13.12,sales.csv,2026-09-29T03:58:58.984726+00:00
O007718,2026-03-13,C00295,P021,10,623.51,6235.10,sales.csv,2026-09-29T03:58:58.984726+00:00
O009358,2026-01-28,C00224,P028,3,259.83,779.49,sales.csv,2026-09-29T03:58:58.984726+00:00
O006289,2026-01-31,C00234,P004,3,553.17,1659.51,sales.csv,2026-09-29T03:58:58.984726+00:00
O007739,2026-06-19,C00308,P011,8,501.13,4009.04,sales.csv,2026-09-29T03:58:58.984726+00:00
O004457,2026-02-03,C00189,P047,9,565.77,5091.93,sales.csv,2026-09-29T03:58:58.984726+00:00
O008937,2026-04-03,C00400,P006,1,168.46,168.46,sales.csv,2026-09-29T03:58:58.984726+00:00
O006028,2026-05-03,C00485,P005,4,444.36,1777.44,sales.csv,2026-09-29T03:58:58.984726+00:00
O000810,2026-03-30,C00268,P034,5,219.84,1099.20,sales.csv,2026-09-29T03:58:58.984726+00:00
O007785,2026-04-29,C00239,P008,1,871.30,871.30,sales.csv,2026-09-29T03:58:58.984726+00:00
O000339,2026-06-12,C00498,P002,2,978.94,1957.88,sales.csv,2026-09-29T03:58:58.984726+00:00
O003689,2026-02-25,C00339,P029,5,706.68,3533.40,sales.csv,2026-09-29T03:58:58.984726+00:00
O003076,2026-03-12,C00044,P016,9,388.74,3498.66,sales.csv,2026-09-29T03:58:58.984726+00:00
O008923,2026-06-30,C00183,P020,5,955.08,4775.40,sales.csv,2026-09-29T03:58:58.984726+00:00
O000221,2026-05-30,C00224,P041,8,120.59,964.72,sales.csv,2026-09-29T03:58:58.984726+00:00
O005737,2026-06-20,C00127,P006,6,506.72,3040.32,sales.csv,2026-09-29T03:58:58.984726+00:00
O008895,2026-01-09,C00237,P049,5,997.93,4989.65,sales.csv,2026-09-29T03:58:58.984726+00:00
O000926,2026-02-08,C00386,P045,2,113.33,226.66,sales.csv,2026-09-29T03:58:58.984726+00:00
O009229,2026-02-24,C00486,P045,4,539.34,2157.36,sales.csv,2026-09-29T03:58:58.984726+00:00
O000172,2026-04-22,C00423,P047,10,352.79,3527.90,sales.csv,2026-09-29T03:58:58.984726+00:00
O000466,2026-02-10,C00365,P046,3,474.81,1424.43,sales.csv,2026-09-29T03:58:58.984726+00:00
O004075,2026-06-11,C00138,P018,5,780.13,3900.65,sales.csv,2026-09-29T03:58:58.984726+00:00
O002968,2026-05-30,C00346,P033,1,920.56,920.56,sales.csv,2026-09-29T03:58:58.984726+00:00
O002283,2026-02-26,C00459,P013,8,308.21,2465.68,sales.csv,2026-09-29T03:58:58.984726+00:00
O003187,2026-01-06,C00411,P025,2,924.70,1849.40,sales.csv,2026-09-29T03:58:58.984726+00:00
O000381,2026-04-23,C00225,P034,9,800.28,7202.52,sales.csv,2026-09-29T03:58:58.984726+00:00
O001716,2026-01-30,C00037,P016,8,777.87,6222.96,sales.csv,2026-09-29T03:58:58.984726+00:00
O004867,2026-02-07,C00460,P008,2,583.55,1167.10,sales.csv,2026-09-29T03:58:58.984726+00:00
O006702,2026-01-08,C00416,P010,7,832.54,5827.78,sales.csv,2026-09-29T03:58:58.984726+00:00
O000204,2026-06-10,C00109,P017,2,206.85,413.70,sales.csv,2026-09-29T03:58:58.984726+00:00
O005558,2026-02-11,C00474,P027,10,225.02,2250.20,sales.csv,2026-09-29T03:58:58.984726+00:00
O008635,2026-06-27,C00431,P035,5,589.52,2947.60,sales.csv,2026-09-29T03:58:58.984726+00:00
O001621,2026-06-11,C00243,P038,3,751.85,2255.55,sales.csv,2026-09-29T03:58:58.984726+00:00
O003427,2026-04-12,C00425,P047,1,477.28,477.28,sales.csv,2026-09-29T03:58:58.984726+00:00
O008116,2026-06-25,C00181,P027,10,60.96,609.60,sales.csv,2026-09-29T03:58:58.984726+00:00
O006411,2026-05-03,C00488,P018,6,933.14,5598.84,sales.csv,2026-09-29T03:58:58.984726+00:00
O002632,2026-04-10,C00206,P039,5,272.22,1361.10,sales.csv,2026-09-29T03:58:58.984726+00:00
O008836,2026-02-02,C00350,P046,10,373.07,3730.70,sales.csv,2026-09-29T03:58:58.984726+00:00
O008340,2026-03-31,C00077,P012,1,619.57,619.57,sales.csv,2026-09-29T03:58:58.984726+00:00
O002312,2026-05-26,C00403,P003,3,202.44,607.32,sales.csv,2026-09-29T03:58:58.984726+00:00
O009418,2026-02-07,C00125,P043,3,350.03,1050.09,sales.csv,2026-09-29T03:58:58.984726+00:00
O007928,2026-05-30,C00457,P024,10,942.25,9422.50,sales.csv,2026-09-29T03:58:58.984726+00:00
O009130,2026-04-03,C00310,P013,2,487.82,975.64,sales.csv,2026-09-29T03:58:58.984726+00:00
O002520,2026-02-01,C00260,P020,6,714.59,4287.54,sales.csv,2026-09-29T03:58:58.984726+00:00
O005128,2026-01-26,C00487,P006,2,607.46,1214.92,sales.csv,2026-09-29T03:58:58.984726+00:00
O000557,2026-04-28,C00332,P017,3,19.46,58.38,sales.csv,2026-09-29T03:58:58.984726+00:00
O005202,2026-06-26,C00049,P025,9,678.33,6104.97,sales.csv,2026-09-29T03:58:58.984726+00:00
O006358,2026-06-14,C00087,P005,8,459.24,3673.92,sales.csv,2026-09-29T03:58:58.984726+00:00
O008654,2026-03-28,C00272,P023,10,616.79,6167.90,sales.csv,2026-09-29T03:58:58.984726+00:00
O008924,2026-06-26,C00074,P007,6,642.55,3855.30,sales.csv,2026-09-29T03:58:58.984726+00:00
O002514,2026-01-17,C00266,P038,9,936.52,8428.68,sales.csv,2026-09-29T03:58:58.984726+00:00
O004667,2026-01-05,C00313,P021,8,892.42,7139.36,sales.csv,2026-09-29T03:58:58.984726+00:00
O005280,2026-03-09,C00334,P035,10,257.13,2571.30,sales.csv,2026-09-29T03:58:58.984726+00:00
O000317,2026-03-25,C00196,P039,9,387.52,3487.68,sales.csv,2026-09-29T03:58:58.984726+00:00
O005167,2026-04-07,C00389,P011,6,431.03,2586.18,sales.csv,2026-09-29T03:58:58.984726+00:00
O001185,2026-06-04,C00004,P033,3,577.58,1732.74,sales.csv,2026-09-29T03:58:58.984726+00:00
O003113,2026-01-21,C00181,P036,9,101.19,910.71,sales.csv,2026-09-29T03:58:58.984726+00:00
O006643,2026-04-13,C00199,P046,10,49.03,490.30,sales.csv,2026-09-29T03:58:58.984726+00:00
O000267,2026-03-30,C00301,P020,7,905.80,6340.60,sales.csv,2026-09-29T03:58:58.984726+00:00
O007366,2026-04-27,C00059,P028,4,353.57,1414.28,sales.csv,2026-09-29T03:58:58.984726+00:00
O001704,2026-06-27,C00020,P039,3,941.04,2823.12,sales.csv,2026-09-29T03:58:58.984726+00:00
O008371,2026-02-03,C00152,P007,2,471.10,942.20,sales.csv,2026-09-29T03:58:58.984726+00:00
O001382,2026-06-22,C00235,P045,7,137.44,962.08,sales.csv,2026-09-29T03:58:58.984726+00:00
O003516,2026-06-30,C00133,P017,10,980.96,9809.60,sales.csv,2026-09-29T03:58:58.984726+00:00
O004242,2026-01-24,C00250,P022,3,56.08,168.24,sales.csv,2026-09-29T03:58:58.984726+00:00
O005785,2026-03-11,C00052,P037,4,210.13,840.52,sales.csv,2026-09-29T03:58:58.984726+00:00
O003632,2026-01-04,C00052,P046,8,319.16,2553.28,sales.csv,2026-09-29T03:58:58.984726+00:00
O003842,2026-01-20,C00091,P024,2,202.85,405.70,sales.csv,2026-09-29T03:58:58.984726+00:00
O004343,2026-01-16,C00401,P004,8,688.18,5505.44,sales.csv,2026-09-29T03:58:58.984726+00:00
O003564,2026-06-10,C00192,P017,10,421.83,4218.30,sales.csv,2026-09-29T03:58:58.984726+00:00
O008008,2026-02-03,C00015,P040,3,460.27,1380.81,sales.csv,2026-09-29T03:58:58.984726+00:00
O005099,2026-05-27,C00403,P020,9,933.41,8400.69,sales.csv,2026-09-29T03:58:58.984726+00:00
O003272,2026-05-01,C00312,P041,8,643.64,5149.12,sales.csv,2026-09-29T03:58:58.984726+00:00
O004860,2026-03-09,C00085,P028,3,35.48,106.44,sales.csv,2026-09-29T03:58:58.984726+00:00
O008573,2026-01-15,C00467,P045,9,488.51,4396.59,sales.csv,2026-09-29T03:58:58.984726+00:00
O002479,2026-06-24,C00234,P010,10,372.44,3724.40,sales.csv,2026-09-29T03:58:58.984726+00:00
O008618,2026-05-18,C00212,P041,3,373.59,1120.77,sales.csv,2026-09-29T03:58:58.984726+00:00
O006104,2026-03-11,C00047,P011,10,76.40,764.00,sales.csv,2026-09-29T03:58:58.984726+00:00
O006325,2026-06-06,C00096,P024,7,17.19,120.33,sales.csv,2026-09-29T03:58:58.984726+00:00
O005314,2026-02-02,C00369,P024,10,462.69,4626.90,sales.csv,2026-09-29T03:58:58.984726+00:00
O008953,2026-04-03,C00223,P050,6,261.02,1566.12,sales.csv,2026-09-29T03:58:58.984726+00:00
O004482,2026-01-20,C00490,P006,10,998.92,9989.20,sales.csv,2026-09-29T03:58:58.984726+00:00
O002675,2026-01-27,C00490,P019,6,100.99,605.94,sales.csv,2026-09-29T03:58:58.984726+00:00
O001681,2026-04-26,C00495,P002,1,445.70,445.70,sales.csv,2026-09-29T03:58:58.984726+00:00
O000579,2026-04-27,C00068,P033,7,599.73,4198.11,sales.csv,2026-09-29T03:58:58.984726+00:00
O000156,2026-03-31,C00115,P042,2,855.26,1710.52,sales.csv,2026-09-29T03:58:58.984726+00:00
O004850,2026-01-17,C00102,P030,10,576.42,5764.20,sales.csv,2026-09-29T03:58:58.984726+00:00
O006998,2026-06-18,C00242,P042,7,88.68,620.76,sales.csv,2026-09-29T03:58:58.984726+00:00
O003937,2026-03-16,C00253,P002,7,721.93,5053.51,sales.csv,2026-09-29T03:58:58.984726+00:00
O003892,2026-02-23,C00484,P021,4,410.64,1642.56,sales.csv,2026-09-29T03:58:58.984726+00:00
O004730,2026-04-23,C00492,P008,8,231.09,1848.72,sales.csv,2026-09-29T03:58:58.984726+00:00
O005359,2026-01-01,C00416,P009,1,333.42,333.42,sales.csv,2026-09-29T03:58:58.984726+00:00
O009142,2026-04-30,C00015,P006,1,984.04,984.04,sales.csv,2026-09-29T03:58:58.984726+00:00
O007786,2026-01-13,C00057,P008,6,844.38,5066.28,sales.csv,2026-09-29T03:58:58.984726+00:00
O001722,2026-04-22,C00075,P014,10,597.36,5973.60,sales.csv,2026-09-29T03:58:58.984726+00:00
O003884,2026-06-30,C00245,P039,5,186.43,932.15,sales.csv,2026-09-29T03:58:58.984726+00:00
O006818,2026-02-05,C00198,P047,5,753.14,3765.70,sales.csv,2026-09-29T03:58:58.984726+00:00
O009325,2026-04-25,C00454,P014,10,689.69,6896.90,sales.csv,2026-09-29T03:58:58.984726+00:00
O007835,2026-01-06,C00101,P046,1,871.57,871.57,sales.csv,2026-09-29T03:58:58.984726+00:00
O005523,2026-06-17,C00276,P049,1,58.15,58.15,sales.csv,2026-09-29T03:58:58.984726+00:00
O000089,2026-03-27,C00395,P009,5,212.78,1063.90,sales.csv,2026-09-29T03:58:58.984726+00:00
O003641,2026-06-15,C00404,P029,8,752.49,6019.92,sales.csv,2026-09-29T03:58:58.984726+00:00
O004353,2026-04-05,C00268,P017,2,357.26,714.52,sales.csv,2026-09-29T03:58:58.984726+00:00
O004390,2026-01-09,C00061,P047,4,481.56,1926.24,sales.csv,2026-09-29T03:58:58.984726+00:00
O005178,2026-04-16,C00262,P017,4,19.27,77.08,sales.csv,2026-09-29T03:58:58.984726+00:00
O004046,2026-02-17,C00299,P027,2,734.56,1469.12,sales.csv,2026-09-29T03:58:58.984726+00:00
O001473,2026-06-30,C00403,P003,9,144.28,1298.52,sales.csv,2026-09-29T03:58:58.984726+00:00
O000387,2026-03-27,C00042,P038,3,459.51,1378.53,sales.csv,2026-09-29T03:58:58.984726+00:00
O002229,2026-04-25,C00297,P008,2,80.54,161.08,sales.csv,2026-09-29T03:58:58.984726+00:00
O009369,2026-03-03,C00405,P019,6,467.15,2802.90,sales.csv,2026-09-29T03:58:58.984726+00:00
O006784,2026-03-04,C00142,P043,10,722.08,7220.80,sales.csv,2026-09-29T03:58:58.984726+00:00
O008239,2026-06-19,C00266,P020,10,958.36,9583.60,sales.csv,2026-09-29T03:58:58.984726+00:00
O008783,2026-03-12,C00265,P028,8,933.85,7470.80,sales.csv,2026-09-29T03:58:58.984726+00:00
O001449,2026-03-03,C00294,P010,7,410.44,2873.08,sales.csv,2026-09-29T03:58:58.984726+00:00
O009011,2026-03-22,C00384,P001,1,220.34,220.34,sales.csv,2026-09-29T03:58:58.984726+00:00
O003127,2026-03-17,C00061,P022,6,776.26,4657.56,sales.csv,2026-09-29T03:58:58.984726+00:00
O006509,2026-02-04,C00323,P019,2,955.10,1910.20,sales.csv,2026-09-29T03:58:58.984726+00:00
O008146,2026-04-06,C00145,P036,8,883.50,7068.00,sales.csv,2026-09-29T03:58:58.984726+00:00
O002640,2026-01-14,C00329,P016,4,701.70,2806.80,sales.csv,2026-09-29T03:58:58.984726+00:00
O007514,2026-03-29,C00141,P009,9,667.70,6009.30,sales.csv,2026-09-29T03:58:58.984726+00:00
O004365,2026-06-09,C00101,P016,6,61.03,366.18,sales.csv,2026-09-29T03:58:58.984726+00:00
O008246,2026-04-09,C00368,P008,10,627.02,6270.20,sales.csv,2026-09-29T03:58:58.984726+00:00
O007181,2026-04-17,C00202,P011,9,843.39,7590.51,sales.csv,2026-09-29T03:58:58.984726+00:00
O008591,2026-05-04,C00370,P036,5,895.16,4475.80,sales.csv,2026-09-29T03:58:58.984726+00:00
O005820,2026-02-06,C00176,P012,4,771.32,3085.28,sales.csv,2026-09-29T03:58:58.984726+00:00
O006409,2026-06-22,C00082,P010,1,411.96,411.96,sales.csv,2026-09-29T03:58:58.984726+00:00
O005148,2026-03-19,C00396,P047,1,267.42,267.42,sales.csv,2026-09-29T03:58:58.984726+00:00
O003215,2026-03-05,C00043,P010,7,809.04,5663.28,sales.csv,2026-09-29T03:58:58.984726+00:00
O004960,2026-04-26,C00220,P031,8,408.13,3265.04,sales.csv,2026-09-29T03:58:58.984726+00:00
O007025,2026-02-17,C00221,P029,4,484.39,1937.56,sales.csv,2026-09-29T03:58:58.984726+00:00
O000646,2026-04-12,C00041,P024,7,602.61,4218.27,sales.csv,2026-09-29T03:58:58.984726+00:00
O008908,2026-05-29,C00107,P007,1,306.49,306.49,sales.csv,2026-09-29T03:58:58.984726+00:00
O006410,2026-02-27,C00308,P031,1,624.96,624.96,sales.csv,2026-09-29T03:58:58.984726+00:00
O004965,2026-05-13,C00328,P025,1,9.02,9.02,sales.csv,2026-09-29T03:58:58.984726+00:00
O009010,2026-01-26,C00418,P015,9,412.29,3710.61,sales.csv,2026-09-29T03:58:58.984726+00:00
O007690,2026-01-19,C00106,P025,1,547.16,547.16,sales.csv,2026-09-29T03:58:58.984726+00:00
O004404,2026-05-18,C00239,P006,10,152.18,1521.80,sales.csv,2026-09-29T03:58:58.984726+00:00
O008957,2026-04-30,C00482,P014,7,881.12,6167.84,sales.csv,2026-09-29T03:58:58.984726+00:00
O004712,2026-04-04,C00434,P033,3,484.43,1453.29,sales.csv,2026-09-29T03:58:58.984726+00:00
O008575,2026-04-16,C00347,P028,9,800.13,7201.17,sales.csv,2026-09-29T03:58:58.984726+00:00
O006343,2026-01-08,C00292,P032,7,562.12,3934.84,sales.csv,2026-09-29T03:58:58.984726+00:00
O002680,2026-03-15,C00179,P007,5,655.37,3276.85,sales.csv,2026-09-29T03:58:58.984726+00:00
O009141,2026-04-26,C00085,P040,7,807.43,5652.01,sales.csv,2026-09-29T03:58:58.984726+00:00
O009085,2026-02-07,C00166,P010,5,236.02,1180.10,sales.csv,2026-09-29T03:58:58.984726+00:00
O003212,2026-05-03,C00289,P007,5,436.72,2183.60,sales.csv,2026-09-29T03:58:58.984726+00:00
O007036,2026-03-27,C00440,P008,3,882.02,2646.06,sales.csv,2026-09-29T03:58:58.984726+00:00
O002188,2026-05-10,C00491,P021,6,833.52,5001.12,sales.csv,2026-09-29T03:58:58.984726+00:00
O003506,2026-04-23,C00473,P019,2,619.45,1238.90,sales.csv,2026-09-29T03:58:58.984726+00:00
O005530,2026-01-03,C00054,P049,10,144.83,1448.30,sales.csv,2026-09-29T03:58:58.984726+00:00
O000850,2026-02-07,C00047,P046,4,467.27,1869.08,sales.csv,2026-09-29T03:58:58.984726+00:00
O000169,2026-01-28,C00222,P024,8,928.08,7424.64,sales.csv,2026-09-29T03:58:58.984726+00:00
O004876,2026-01-12,C00215,P031,6,621.33,3727.98,sales.csv,2026-09-29T03:58:58.984726+00:00
O000997,2026-06-12,C00030,P001,8,359.51,2876.08,sales.csv,2026-09-29T03:58:58.984726+00:00
O006180,2026-01-04,C00330,P040,5,372.08,1860.40,sales.csv,2026-09-29T03:58:58.984726+00:00
O000061,2026-06-16,C00277,P001,2,988.71,1977.42,sales.csv,2026-09-29T03:58:58.984726+00:00
O002445,2026-06-06,C00030,P023,6,132.30,793.80,sales.csv,2026-09-29T03:58:58.984726+00:00
O001844,2026-01-16,C00241,P008,5,57.72,288.60,sales.csv,2026-09-29T03:58:58.984726+00:00
O001982,2026-02-16,C00210,P010,1,381.36,381.36,sales.csv,2026-09-29T03:58:58.984726+00:00
O007702,2026-03-03,C00302,P023,2,964.92,1929.84,sales.csv,2026-09-29T03:58:58.984726+00:00
O000846,2026-04-02,C00494,P050,4,593.33,2373.32,sales.csv,2026-09-29T03:58:58.984726+00:00
O002914,2026-06-20,C00243,P028,6,28.29,169.74,sales.csv,2026-09-29T03:58:58.984726+00:00
O002922,2026-05-06,C00377,P023,9,338.30,3044.70,sales.csv,2026-09-29T03:58:58.984726+00:00
O004293,2026-04-29,C00044,P009,2,780.41,1560.82,sales.csv,2026-09-29T03:58:58.984726+00:00
O004416,2026-06-09,C00227,P005,7,945.92,6621.44,sales.csv,2026-09-29T03:58:58.984726+00:00
O000310,2026-04-03,C00263,P038,2,593.45,1186.90,sales.csv,2026-09-29T03:58:58.984726+00:00
O006828,2026-06-20,C00041,P043,2,238.92,477.84,sales.csv,2026-09-29T03:58:58.984726+00:00
O007237,2026-03-03,C00241,P048,5,33.61,168.05,sales.csv,2026-09-29T03:58:58.984726+00:00
O000765,2026-05-21,C00296,P009,10,637.14,6371.40,sales.csv,2026-09-29T03:58:58.984726+00:00
O006253,2026-02-13,C00208,P038,5,207.74,1038.70,sales.csv,2026-09-29T03:58:58.984726+00:00
O004391,2026-06-10,C00388,P049,5,901.14,4505.70,sales.csv,2026-09-29T03:58:58.984726+00:00
O002647,2026-06-18,C00445,P050,10,140.51,1405.10,sales.csv,2026-09-29T03:58:58.984726+00:00
O003095,2026-02-22,C00167,P037,6,893.62,5361.72,sales.csv,2026-09-29T03:58:58.984726+00:00
O005486,2026-05-05,C00150,P045,1,825.80,825.80,sales.csv,2026-09-29T03:58:58.984726+00:00
O007358,2026-04-17,C00431,P001,4,705.47,2821.88,sales.csv,2026-09-29T03:58:58.984726+00:00
O005144,2026-06-02,C00282,P004,6,929.37,5576.22,sales.csv,2026-09-29T03:58:58.984726+00:00
O007494,2026-06-17,C00324,P010,5,3.88,19.40,sales.csv,2026-09-29T03:58:58.984726+00:00
O007946,2026-05-25,C00458,P027,3,494.15,1482.45,sales.csv,2026-09-29T03:58:58.984726+00:00
O005189,2026-04-29,C00456,P002,10,166.25,1662.50,sales.csv,2026-09-29T03:58:58.984726+00:00
O002473,2026-01-01,C00160,P004,10,703.02,7030.20,sales.csv,2026-09-29T03:58:58.984726+00:00
O002906,2026-02-27,C00452,P040,7,514.68,3602.76,sales.csv,2026-09-29T03:58:58.984726+00:00
O006013,2026-01-10,C00184,P005,8,134.36,1074.88,sales.csv,2026-09-29T03:58:58.984726+00:00
O004563,2026-06-20,C00437,P033,7,787.94,5515.58,sales.csv,2026-09-29T03:58:58.984726+00:00
O003324,2026-02-12,C00236,P001,3,263.67,791.01,sales.csv,2026-09-29T03:58:58.984726+00:00
O001652,2026-01-31,C00045,P039,3,493.77,1481.31,sales.csv,2026-09-29T03:58:58.984726+00:00
O007924,2026-01-12,C00301,P020,8,951.74,7613.92,sales.csv,2026-09-29T03:58:58.984726+00:00
O002028,2026-05-02,C00138,P037,10,555.52,5555.20,sales.csv,2026-09-29T03:58:58.984726+00:00
O005050,2026-05-26,C00290,P040,7,209.80,1468.60,sales.csv,2026-09-29T03:58:58.984726+00:00
O009047,2026-04-21,C00285,P043,9,919.96,8279.64,sales.csv,2026-09-29T03:58:58.984726+00:00
O006386,2026-01-07,C00349,P014,10,502.50,5025.00,sales.csv,2026-09-29T03:58:58.984726+00:00
O005000,2026-06-21,C00490,P024,5,344.26,1721.30,sales.csv,2026-09-29T03:58:58.984726+00:00
O008540,2026-01-14,C00347,P031,1,140.11,140.11,sales.csv,2026-09-29T03:58:58.984726+00:00
O005702,2026-03-18,C00271,P035,4,838.94,3355.76,sales.csv,2026-09-29T03:58:58.984726+00:00
O000795,2026-05-26,C00216,P024,9,896.14,8065.26,sales.csv,2026-09-29T03:58:58.984726+00:00
O002501,2026-04-22,C00497,P010,7,322.12,2254.84,sales.csv,2026-09-29T03:58:58.984726+00:00
O008973,2026-04-17,C00150,P050,6,837.89,5027.34,sales.csv,2026-09-29T03:58:58.984726+00:00
O008680,2026-01-24,C00444,P049,7,189.45,1326.15,sales.csv,2026-09-29T03:58:58.984726+00:00
O009243,2026-03-27,C00450,P002,4,578.93,2315.72,sales.csv,2026-09-29T03:58:58.984726+00:00
O008960,2026-06-30,C00424,P012,3,957.45,2872.35,sales.csv,2026-09-29T03:58:58.984726+00:00
O004912,2026-03-24,C00285,P033,2,526.08,1052.16,sales.csv,2026-09-29T03:58:58.984726+00:00
O006586,2026-05-27,C00165,P032,4,752.09,3008.36,sales.csv,2026-09-29T03:58:58.984726+00:00
O001206,2026-05-17,C00258,P049,2,123.14,246.28,sales.csv,2026-09-29T03:58:58.984726+00:00
O008300,2026-04-13,C00413,P030,2,230.12,460.24,sales.csv,2026-09-29T03:58:58.984726+00:00
O005766,2026-02-01,C00233,P018,4,28.88,115.52,sales.csv,2026-09-29T03:58:58.984726+00:00
O006826,2026-06-11,C00461,P020,1,283.10,283.10,sales.csv,2026-09-29T03:58:58.984726+00:00
O009457,2026-03-16,C00111,P021,9,254.93,2294.37,sales.csv,2026-09-29T03:58:58.984726+00:00
O009412,2026-06-17,C00074,P013,10,366.88,3668.80,sales.csv,2026-09-29T03:58:58.984726+00:00
O002600,2026-05-02,C00362,P007,9,801.98,7217.82,sales.csv,2026-09-29T03:58:58.984726+00:00
O004054,2026-02-14,C00199,P036,9,93.95,845.55,sales.csv,2026-09-29T03:58:58.984726+00:00
O007149,2026-03-28,C00307,P030,9,267.47,2407.23,sales.csv,2026-09-29T03:58:58.984726+00:00
O006247,2026-05-29,C00298,P012,9,808.02,7272.18,sales.csv,2026-09-29T03:58:58.984726+00:00
O007719,2026-03-27,C00076,P006,4,469.46,1877.84,sales.csv,2026-09-29T03:58:58.984726+00:00
O002517,2026-05-23,C00229,P021,2,52.30,104.60,sales.csv,2026-09-29T03:58:58.984726+00:00
O001780,2026-02-02,C00226,P017,6,242.82,1456.92,sales.csv,2026-09-29T03:58:58.984726+00:00
O008971,2026-05-04,C00221,P004,10,880.35,8803.50,sales.csv,2026-09-29T03:58:58.984726+00:00
O001926,2026-03-23,C00441,P005,4,541.59,2166.36,sales.csv,2026-09-29T03:58:58.984726+00:00
O001760,2026-05-17,C00461,P019,8,814.89,6519.12,sales.csv,2026-09-29T03:58:58.984726+00:00
O004256,2026-04-26,C00136,P020,1,301.77,301.77,sales.csv,2026-09-29T03:58:58.984726+00:00
O009365,2026-04-03,C00102,P005,5,483.10,2415.50,sales.csv,2026-09-29T03:58:58.984726+00:00
O009298,2026-03-04,C00406,P043,7,336.97,2358.79,sales.csv,2026-09-29T03:58:58.984726+00:00
O000514,2026-05-13,C00234,P010,10,676.68,6766.80,sales.csv,2026-09-29T03:58:58.984726+00:00
O006041,2026-02-19,C00350,P042,6,540.35,3242.10,sales.csv,2026-09-29T03:58:58.984726+00:00
O000634,2026-05-20,C00251,P012,9,842.23,7580.07,sales.csv,2026-09-29T03:58:58.984726+00:00
O000999,2026-02-10,C00251,P049,2,170.61,341.22,sales.csv,2026-09-29T03:58:58.984726+00:00
O003833,2026-06-09,C00006,P048,10,26.18,261.80,sales.csv,2026-09-29T03:58:58.984726+00:00
O005385,2026-04-26,C00473,P020,2,551.22,1102.44,sales.csv,2026-09-29T03:58:58.984726+00:00
O006431,2026-01-16,C00413,P048,4,838.67,3354.68,sales.csv,2026-09-29T03:58:58.984726+00:00
O005734,2026-04-01,C00124,P040,1,924.15,924.15,sales.csv,2026-09-29T03:58:58.984726+00:00
O001666,2026-06-20,C00200,P018,3,918.57,2755.71,sales.csv,2026-09-29T03:58:58.984726+00:00
O006620,2026-02-13,C00117,P031,10,75.20,752.00,sales.csv,2026-09-29T03:58:58.984726+00:00
O009058,2026-03-11,C00218,P037,6,346.52,2079.12,sales.csv,2026-09-29T03:58:58.984726+00:00
O008639,2026-02-12,C00108,P048,3,22.98,68.94,sales.csv,2026-09-29T03:58:58.984726+00:00
O007973,2026-02-01,C00128,P005,8,45.80,366.40,sales.csv,2026-09-29T03:58:58.984726+00:00
O002169,2026-02-06,C00212,P021,5,493.19,2465.95,sales.csv,2026-09-29T03:58:58.984726+00:00
O002002,2026-02-08,C00028,P015,3,48.00,144.00,sales.csv,2026-09-29T03:58:58.984726+00:00
O003388,2026-04-14,C00017,P043,10,104.03,1040.30,sales.csv,2026-09-29T03:58:58.984726+00:00
O008179,2026-03-24,C00425,P036,5,397.81,1989.05,sales.csv,2026-09-29T03:58:58.984726+00:00
O002690,2026-05-07,C00273,P035,4,505.13,2020.52,sales.csv,2026-09-29T03:58:58.984726+00:00
O000756,2026-03-24,C00425,P016,7,642.54,4497.78,sales.csv,2026-09-29T03:58:58.984726+00:00
O002720,2026-02-24,C00306,P001,5,247.07,1235.35,sales.csv,2026-09-29T03:58:58.984726+00:00
O002836,2026-05-22,C00334,P019,8,977.74,7821.92,sales.csv,2026-09-29T03:58:58.984726+00:00
O000134,2026-05-10,C00219,P036,8,209.61,1676.88,sales.csv,2026-09-29T03:58:58.984726+00:00
O001257,2026-04-01,C00112,P037,5,240.57,1202.85,sales.csv,2026-09-29T03:58:58.984726+00:00
O004164,2026-02-22,C00238,P009,7,68.30,478.10,sales.csv,2026-09-29T03:58:58.984726+00:00
O005322,2026-04-12,C00047,P004,9,602.77,5424.93,sales.csv,2026-09-29T03:58:58.984726+00:00
O001603,2026-02-05,C00329,P027,8,912.46,7299.68,sales.csv,2026-09-29T03:58:58.984726+00:00
O000295,2026-06-17,C00051,P032,10,535.92,5359.20,sales.csv,2026-09-29T03:58:58.984726+00:00
O001929,2026-01-30,C00077,P013,1,322.89,322.89,sales.csv,2026-09-29T03:58:58.984726+00:00
O004725,2026-06-10,C00137,P031,3,497.64,1492.92,sales.csv,2026-09-29T03:58:58.984726+00:00
O005171,2026-01-28,C00236,P035,5,241.87,1209.35,sales.csv,2026-09-29T03:58:58.984726+00:00
O005431,2026-04-03,C00283,P020,4,340.96,1363.84,sales.csv,2026-09-29T03:58:58.984726+00:00
O006921,2026-01-25,C00477,P042,5,378.37,1891.85,sales.csv,2026-09-29T03:58:58.984726+00:00
O000705,2026-04-25,C00192,P026,8,891.70,7133.60,sales.csv,2026-09-29T03:58:58.984726+00:00
O009414,2026-01-03,C00434,P036,10,492.56,4925.60,sales.csv,2026-09-29T03:58:58.984726+00:00
O004838,2026-01-15,C00137,P026,7,558.79,3911.53,sales.csv,2026-09-29T03:58:58.984726+00:00
O001122,2026-04-09,C00132,P035,5,33.38,166.90,sales.csv,2026-09-29T03:58:58.984726+00:00
O005194,2026-06-05,C00372,P043,3,89.50,268.50,sales.csv,2026-09-29T03:58:58.984726+00:00
O006604,2026-06-15,C00393,P015,3,563.77,1691.31,sales.csv,2026-09-29T03:58:58.984726+00:00
O008927,2026-01-08,C00166,P014,3,825.75,2477.25,sales.csv,2026-09-29T03:58:58.984726+00:00
O006338,2026-02-03,C00017,P038,10,708.98,7089.80,sales.csv,2026-09-29T03:58:58.984726+00:00
O009152,2026-02-26,C00264,P009,8,379.09,3032.72,sales.csv,2026-09-29T03:58:58.984726+00:00
O001507,2026-04-05,C00460,P025,2,995.10,1990.20,sales.csv,2026-09-29T03:58:58.984726+00:00
O006676,2026-05-03,C00112,P049,8,664.26,5314.08,sales.csv,2026-09-29T03:58:58.984726+00:00
O009408,2026-04-10,C00270,P029,2,402.02,804.04,sales.csv,2026-09-29T03:58:58.984726+00:00
O003574,2026-06-07,C00343,P046,2,627.24,1254.48,sales.csv,2026-09-29T03:58:58.984726+00:00
O000580,2026-05-25,C00030,P036,8,882.81,7062.48,sales.csv,2026-09-29T03:58:58.984726+00:00
O005587,2026-04-25,C00105,P020,10,665.83,6658.30,sales.csv,2026-09-29T03:58:58.984726+00:00
O000543,2026-05-31,C00123,P016,1,878.96,878.96,sales.csv,2026-09-29T03:58:58.984726+00:00
O007153,2026-05-01,C00292,P006,5,504.84,2524.20,sales.csv,2026-09-29T03:58:58.984726+00:00
O004865,2026-01-22,C00121,P024,10,750.15,7501.50,sales.csv,2026-09-29T03:58:58.984726+00:00
O002733,2026-02-11,C00494,P033,9,956.14,8605.26,sales.csv,2026-09-29T03:58:58.984726+00:00
O002358,2026-06-26,C00158,P029,1,785.07,785.07,sales.csv,2026-09-29T03:58:58.984726+00:00
O005228,2026-01-06,C00334,P011,10,118.51,1185.10,sales.csv,2026-09-29T03:58:58.984726+00:00
O004697,2026-03-19,C00491,P040,2,109.76,219.52,sales.csv,2026-09-29T03:58:58.984726+00:00
O001412,2026-03-28,C00043,P031,10,977.89,9778.90,sales.csv,2026-09-29T03:58:58.984726+00:00
O004406,2026-06-29,C00274,P008,9,629.25,5663.25,sales.csv,2026-09-29T03:58:58.984726+00:00
O002818,2026-06-18,C00027,P018,2,189.44,378.88,sales.csv,2026-09-29T03:58:58.984726+00:00
O007621,2026-01-25,C00105,P006,4,481.33,1925.32,sales.csv,2026-09-29T03:58:58.984726+00:00
O001048,2026-05-28,C00371,P037,4,878.97,3515.88,sales.csv,2026-09-29T03:58:58.984726+00:00
O003347,2026-02-02,C00295,P033,7,900.54,6303.78,sales.csv,2026-09-29T03:58:58.984726+00:00
O005688,2026-01-10,C00058,P004,9,781.63,7034.67,sales.csv,2026-09-29T03:58:58.984726+00:00
O007698,2026-03-04,C00287,P011,10,380.90,3809.00,sales.csv,2026-09-29T03:58:58.984726+00:00
O005643,2026-03-25,C00191,P039,4,788.45,3153.80,sales.csv,2026-09-29T03:58:58.984726+00:00
O005585,2026-04-09,C00392,P011,10,464.86,4648.60,sales.csv,2026-09-29T03:58:58.984726+00:00
O001763,2026-03-15,C00491,P005,2,216.96,433.92,sales.csv,2026-09-29T03:58:58.984726+00:00
O006112,2026-01-24,C00290,P014,8,449.13,3593.04,sales.csv,2026-09-29T03:58:58.984726+00:00
O004715,2026-02-04,C00098,P005,3,263.38,790.14,sales.csv,2026-09-29T03:58:58.984726+00:00
O005562,2026-02-28,C00091,P036,4,658.45,2633.80,sales.csv,2026-09-29T03:58:58.984726+00:00
O003443,2026-04-09,C00132,P041,4,37.70,150.80,sales.csv,2026-09-29T03:58:58.984726+00:00
O006746,2026-01-22,C00167,P006,2,328.90,657.80,sales.csv,2026-09-29T03:58:58.984726+00:00
O006614,2026-04-08,C00422,P024,6,739.10,4434.60,sales.csv,2026-09-29T03:58:58.984726+00:00
O008706,2026-03-09,C00238,P013,1,673.25,673.25,sales.csv,2026-09-29T03:58:58.984726+00:00
O005010,2026-03-20,C00162,P031,10,922.53,9225.30,sales.csv,2026-09-29T03:58:58.984726+00:00
O004549,2026-03-30,C00492,P027,2,187.72,375.44,sales.csv,2026-09-29T03:58:58.984726+00:00
O008853,2026-01-20,C00154,P026,5,334.68,1673.40,sales.csv,2026-09-29T03:58:58.984726+00:00
O000784,2026-04-24,C00441,P014,2,132.68,265.36,sales.csv,2026-09-29T03:58:58.984726+00:00
O001444,2026-03-19,C00121,P033,5,82.27,411.35,sales.csv,2026-09-29T03:58:58.984726+00:00
O005393,2026-04-02,C00071,P037,7,292.94,2050.58,sales.csv,2026-09-29T03:58:58.984726+00:00
O000508,2026-05-10,C00231,P049,9,367.63,3308.67,sales.csv,2026-09-29T03:58:58.984726+00:00
O008002,2026-04-25,C00305,P010,4,177.39,709.56,sales.csv,2026-09-29T03:58:58.984726+00:00
O004295,2026-02-04,C00243,P032,9,723.99,6515.91,sales.csv,2026-09-29T03:58:58.984726+00:00
O000698,2026-01-10,C00405,P024,9,779.33,7013.97,sales.csv,2026-09-29T03:58:58.984726+00:00
O009145,2026-04-04,C00379,P046,9,919.83,8278.47,sales.csv,2026-09-29T03:58:58.984726+00:00
O003519,2026-01-16,C00468,P033,6,22.23,133.38,sales.csv,2026-09-29T03:58:58.984726+00:00
O009030,2026-01-11,C00289,P050,5,55.19,275.95,sales.csv,2026-09-29T03:58:58.984726+00:00
O004135,2026-05-14,C00035,P015,2,814.88,1629.76,sales.csv,2026-09-29T03:58:58.984726+00:00
O001274,2026-03-29,C00188,P012,8,556.67,4453.36,sales.csv,2026-09-29T03:58:58.984726+00:00
O003751,2026-06-03,C00006,P041,7,55.78,390.46,sales.csv,2026-09-29T03:58:58.984726+00:00
O002769,2026-03-18,C00085,P013,6,550.32,3301.92,sales.csv,2026-09-29T03:58:58.984726+00:00
O004422,2026-01-22,C00353,P013,8,129.79,1038.32,sales.csv,2026-09-29T03:58:58.984726+00:00
O001991,2026-03-06,C00259,P040,7,397.50,2782.50,sales.csv,2026-09-29T03:58:58.984726+00:00
O002888,2026-02-03,C00113,P024,7,594.01,4158.07,sales.csv,2026-09-29T03:58:58.984726+00:00
O003707,2026-01-01,C00494,P034,1,7.10,7.10,sales.csv,2026-09-29T03:58:58.984726+00:00
O001708,2026-05-19,C00260,P015,8,822.11,6576.88,sales.csv,2026-09-29T03:58:58.984726+00:00
O002745,2026-05-05,C00021,P024,5,526.51,2632.55,sales.csv,2026-09-29T03:58:58.984726+00:00
O008938,2026-03-26,C00006,P026,7,570.37,3992.59,sales.csv,2026-09-29T03:58:58.984726+00:00
O007251,2026-04-22,C00201,P020,9,411.50,3703.50,sales.csv,2026-09-29T03:58:58.984726+00:00
O008268,2026-06-28,C00431,P007,9,518.89,4670.01,sales.csv,2026-09-29T03:58:58.984726+00:00
O003433,2026-06-14,C00356,P005,8,930.40,7443.20,sales.csv,2026-09-29T03:58:58.984726+00:00
O001134,2026-04-10,C00231,P041,7,568.57,3979.99,sales.csv,2026-09-29T03:58:58.984726+00:00
O003430,2026-05-29,C00386,P008,3,481.33,1443.99,sales.csv,2026-09-29T03:58:58.984726+00:00
O006671,2026-04-20,C00263,P019,5,541.03,2705.15,sales.csv,2026-09-29T03:58:58.984726+00:00
O002434,2026-04-15,C00226,P041,10,144.12,1441.20,sales.csv,2026-09-29T03:58:58.984726+00:00
O005198,2026-01-29,C00258,P028,4,702.93,2811.72,sales.csv,2026-09-29T03:58:58.984726+00:00
O001820,2026-03-08,C00084,P038,1,192.54,192.54,sales.csv,2026-09-29T03:58:58.984726+00:00
O007274,2026-02-05,C00466,P030,10,348.10,3481.00,sales.csv,2026-09-29T03:58:58.984726+00:00
O003667,2026-02-09,C00342,P018,1,649.14,649.14,sales.csv,2026-09-29T03:58:58.984726+00:00
O000776,2026-01-03,C00357,P022,2,554.53,1109.06,sales.csv,2026-09-29T03:58:58.984726+00:00
O009431,2026-06-13,C00131,P039,5,282.58,1412.90,sales.csv,2026-09-29T03:58:58.984726+00:00
O000086,2026-06-25,C00325,P017,9,641.32,5771.88,sales.csv,2026-09-29T03:58:58.984726+00:00
O000554,2026-03-27,C00146,P030,9,688.23,6194.07,sales.csv,2026-09-29T03:58:58.984726+00:00
O001756,2026-04-01,C00460,P018,9,892.58,8033.22,sales.csv,2026-09-29T03:58:58.984726+00:00
O009424,2026-05-14,C00494,P021,8,658.25,5266.00,sales.csv,2026-09-29T03:58:58.984726+00:00
O004091,2026-05-30,C00421,P018,9,744.77,6702.93,sales.csv,2026-09-29T03:58:58.984726+00:00
O004418,2026-02-12,C00349,P018,6,40.26,241.56,sales.csv,2026-09-29T03:58:58.984726+00:00
O004728,2026-04-27,C00196,P043,9,317.00,2853.00,sales.csv,2026-09-29T03:58:58.984726+00:00
O000183,2026-06-27,C00125,P020,10,484.68,4846.80,sales.csv,2026-09-29T03:58:58.984726+00:00
O007427,2026-02-23,C00330,P001,8,101.74,813.92,sales.csv,2026-09-29T03:58:58.984726+00:00
O005472,2026-02-16,C00474,P017,1,507.35,507.35,sales.csv,2026-09-29T03:58:58.984726+00:00
O003862,2026-02-11,C00034,P004,2,648.39,1296.78,sales.csv,2026-09-29T03:58:58.984726+00:00
O003315,2026-03-04,C00130,P047,6,788.66,4731.96,sales.csv,2026-09-29T03:58:58.984726+00:00
O003504,2026-05-31,C00193,P004,2,74.55,149.10,sales.csv,2026-09-29T03:58:58.984726+00:00
O002758,2026-06-29,C00380,P031,2,365.87,731.74,sales.csv,2026-09-29T03:58:58.984726+00:00
O002703,2026-01-20,C00007,P037,7,197.23,1380.61,sales.csv,2026-09-29T03:58:58.984726+00:00
O009107,2026-05-09,C00056,P042,1,56.88,56.88,sales.csv,2026-09-29T03:58:58.984726+00:00
O001512,2026-06-11,C00271,P006,8,950.05,7600.40,sales.csv,2026-09-29T03:58:58.984726+00:00
O004954,2026-04-08,C00402,P009,3,549.84,1649.52,sales.csv,2026-09-29T03:58:58.984726+00:00
O005129,2026-05-10,C00482,P025,2,788.77,1577.54,sales.csv,2026-09-29T03:58:58.984726+00:00
O005808,2026-04-29,C00046,P013,1,858.66,858.66,sales.csv,2026-09-29T03:58:58.984726+00:00
O007077,2026-03-07,C00327,P005,1,370.42,370.42,sales.csv,2026-09-29T03:58:58.984726+00:00
O006859,2026-02-22,C00449,P009,2,765.10,1530.20,sales.csv,2026-09-29T03:58:58.984726+00:00
O002456,2026-02-06,C00446,P034,10,940.34,9403.40,sales.csv,2026-09-29T03:58:58.984726+00:00
O005755,2026-02-04,C00479,P033,2,346.10,692.20,sales.csv,2026-09-29T03:58:58.984726+00:00
O003848,2026-01-21,C00096,P006,2,6.03,12.06,sales.csv,2026-09-29T03:58:58.984726+00:00
O003031,2026-06-19,C00468,P004,4,647.91,2591.64,sales.csv,2026-09-29T03:58:58.984726+00:00
O007187,2026-01-23,C00019,P023,9,278.99,2510.91,sales.csv,2026-09-29T03:58:58.984726+00:00
O007135,2026-06-07,C00366,P024,3,212.65,637.95,sales.csv,2026-09-29T03:58:58.984726+00:00
O006113,2026-06-09,C00408,P007,10,174.59,1745.90,sales.csv,2026-09-29T03:58:58.984726+00:00
O001414,2026-04-13,C00257,P028,3,999.81,2999.43,sales.csv,2026-09-29T03:58:58.984726+00:00
O001163,2026-03-13,C00440,P009,9,258.46,2326.14,sales.csv,2026-09-29T03:58:58.984726+00:00
O001762,2026-04-28,C00045,P006,7,235.37,1647.59,sales.csv,2026-09-29T03:58:58.984726+00:00
O000760,2026-04-05,C00233,P032,6,763.78,4582.68,sales.csv,2026-09-29T03:58:58.984726+00:00
O001516,2026-05-25,C00255,P034,8,646.53,5172.24,sales.csv,2026-09-29T03:58:58.984726+00:00
O000430,2026-01-05,C00183,P005,6,317.04,1902.24,sales.csv,2026-09-29T03:58:58.984726+00:00
O001076,2026-02-04,C00494,P032,1,696.15,696.15,sales.csv,2026-09-29T03:58:58.984726+00:00
O003262,2026-04-22,C00334,P023,3,34.15,102.45,sales.csv,2026-09-29T03:58:58.984726+00:00
O006710,2026-02-04,C00349,P045,4,353.14,1412.56,sales.csv,2026-09-29T03:58:58.984726+00:00
O001364,2026-02-18,C00269,P044,8,723.81,5790.48,sales.csv,2026-09-29T03:58:58.984726+00:00
O008984,2026-03-02,C00228,P018,4,347.06,1388.24,sales.csv,2026-09-29T03:58:58.984726+00:00
O006864,2026-06-11,C00154,P021,3,636.14,1908.42,sales.csv,2026-09-29T03:58:58.984726+00:00
O006421,2026-04-09,C00038,P048,9,395.79,3562.11,sales.csv,2026-09-29T03:58:58.984726+00:00
O007579,2026-01-09,C00330,P046,1,749.38,749.38,sales.csv,2026-09-29T03:58:58.984726+00:00
O005307,2026-06-27,C00406,P008,4,522.66,2090.64,sales.csv,2026-09-29T03:58:58.984726+00:00
O001086,2026-03-16,C00352,P023,3,932.13,2796.39,sales.csv,2026-09-29T03:58:58.984726+00:00
O000338,2026-06-18,C00206,P005,3,972.20,2916.60,sales.csv,2026-09-29T03:58:58.984726+00:00
O001568,2026-03-08,C00468,P024,7,241.32,1689.24,sales.csv,2026-09-29T03:58:58.984726+00:00
O009363,2026-01-06,C00193,P020,2,203.98,407.96,sales.csv,2026-09-29T03:58:58.984726+00:00
O005541,2026-01-20,C00099,P012,1,401.60,401.60,sales.csv,2026-09-29T03:58:58.984726+00:00
O000151,2026-06-19,C00014,P006,7,178.86,1252.02,sales.csv,2026-09-29T03:58:58.984726+00:00
O004137,2026-05-21,C00241,P028,3,310.65,931.95,sales.csv,2026-09-29T03:58:58.984726+00:00
O000386,2026-03-06,C00371,P043,10,198.09,1980.90,sales.csv,2026-09-29T03:58:58.984726+00:00
O002032,2026-02-27,C00332,P044,3,650.22,1950.66,sales.csv,2026-09-29T03:58:58.984726+00:00
O006238,2026-06-08,C00445,P033,8,525.03,4200.24,sales.csv,2026-09-29T03:58:58.984726+00:00
O007259,2026-01-07,C00391,P047,5,419.28,2096.40,sales.csv,2026-09-29T03:58:58.984726+00:00
O008733,2026-04-03,C00081,P013,2,751.09,1502.18,sales.csv,2026-09-29T03:58:58.984726+00:00
O000367,2026-02-09,C00390,P049,2,233.18,466.36,sales.csv,2026-09-29T03:58:58.984726+00:00
O009226,2026-01-17,C00018,P049,9,450.60,4055.40,sales.csv,2026-09-29T03:58:58.984726+00:00
O003319,2026-04-13,C00304,P002,3,672.35,2017.05,sales.csv,2026-09-29T03:58:58.984726+00:00
O001910,2026-06-12,C00434,P005,9,281.59,2534.31,sales.csv,2026-09-29T03:58:58.984726+00:00
O005669,2026-02-25,C00216,P006,2,903.27,1806.54,sales.csv,2026-09-29T03:58:58.984726+00:00
O001849,2026-03-13,C00486,P038,6,462.63,2775.78,sales.csv,2026-09-29T03:58:58.984726+00:00
O005881,2026-01-15,C00282,P009,5,845.05,4225.25,sales.csv,2026-09-29T03:58:58.984726+00:00
O005838,2026-05-15,C00138,P020,8,340.23,2721.84,sales.csv,2026-09-29T03:58:58.984726+00:00
O002071,2026-05-10,C00113,P038,6,790.18,4741.08,sales.csv,2026-09-29T03:58:58.984726+00:00
O009163,2026-02-05,C00083,P036,3,158.47,475.41,sales.csv,2026-09-29T03:58:58.984726+00:00
O003593,2026-01-17,C00401,P024,7,842.86,5900.02,sales.csv,2026-09-29T03:58:58.984726+00:00
O006292,2026-06-16,C00095,P042,5,438.79,2193.95,sales.csv,2026-09-29T03:58:58.984726+00:00
O006644,2026-01-31,C00025,P030,10,173.95,1739.50,sales.csv,2026-09-29T03:58:58.984726+00:00
O008344,2026-06-24,C00367,P011,8,804.56,6436.48,sales.csv,2026-09-29T03:58:58.984726+00:00
O003830,2026-03-20,C00135,P029,7,443.39,3103.73,sales.csv,2026-09-29T03:58:58.984726+00:00
O004398,2026-05-14,C00366,P036,9,776.53,6988.77,sales.csv,2026-09-29T03:58:58.984726+00:00
O001148,2026-02-11,C00095,P015,10,332.27,3322.70,sales.csv,2026-09-29T03:58:58.984726+00:00
O005965,2026-01-01,C00242,P009,8,785.78,6286.24,sales.csv,2026-09-29T03:58:58.984726+00:00
O001266,2026-04-12,C00114,P049,10,169.09,1690.90,sales.csv,2026-09-29T03:58:58.984726+00:00
O008523,2026-05-28,C00430,P024,2,190.19,380.38,sales.csv,2026-09-29T03:58:58.984726+00:00
O008698,2026-03-22,C00068,P048,6,188.97,1133.82,sales.csv,2026-09-29T03:58:58.984726+00:00
O005752,2026-02-18,C00343,P036,9,2.60,23.40,sales.csv,2026-09-29T03:58:58.984726+00:00
O006364,2026-04-28,C00021,P013,5,960.13,4800.65,sales.csv,2026-09-29T03:58:58.984726+00:00
O002041,2026-01-30,C00380,P043,8,236.34,1890.72,sales.csv,2026-09-29T03:58:58.984726+00:00
O004191,2026-05-23,C00281,P048,6,828.75,4972.50,sales.csv,2026-09-29T03:58:58.984726+00:00
O004781,2026-03-17,C00293,P013,7,499.44,3496.08,sales.csv,2026-09-29T03:58:58.984726+00:00
O004399,2026-05-30,C00169,P029,3,779.92,2339.76,sales.csv,2026-09-29T03:58:58.984726+00:00
O003839,2026-03-10,C00043,P029,2,874.23,1748.46,sales.csv,2026-09-29T03:58:58.984726+00:00
O008886,2026-06-03,C00262,P011,9,135.95,1223.55,sales.csv,2026-09-29T03:58:58.984726+00:00
O005591,2026-03-18,C00454,P009,10,797.69,7976.90,sales.csv,2026-09-29T03:58:58.984726+00:00
O000706,2026-05-31,C00354,P033,3,453.15,1359.45,sales.csv,2026-09-29T03:58:58.984726+00:00
O003604,2026-02-10,C00052,P044,3,833.18,2499.54,sales.csv,2026-09-29T03:58:58.984726+00:00
O006754,2026-04-20,C00421,P038,4,321.32,1285.28,sales.csv,2026-09-29T03:58:58.984726+00:00
O004595,2026-01-13,C00073,P026,5,669.81,3349.05,sales.csv,2026-09-29T03:58:58.984726+00:00
O002431,2026-05-05,C00094,P033,2,591.69,1183.38,sales.csv,2026-09-29T03:58:58.984726+00:00
O009175,2026-03-29,C00267,P047,5,758.96,3794.80,sales.csv,2026-09-29T03:58:58.984726+00:00
O004947,2026-03-25,C00405,P028,5,213.11,1065.55,sales.csv,2026-09-29T03:58:58.984726+00:00
O004299,2026-06-20,C00494,P009,5,498.52,2492.60,sales.csv,2026-09-29T03:58:58.984726+00:00
O005799,2026-04-13,C00230,P045,3,74.51,223.53,sales.csv,2026-09-29T03:58:58.984726+00:00
O005290,2026-02-10,C00108,P024,5,969.78,4848.90,sales.csv,2026-09-29T03:58:58.984726+00:00
O003685,2026-05-03,C00445,P046,3,84.59,253.77,sales.csv,2026-09-29T03:58:58.984726+00:00
O007906,2026-03-28,C00414,P049,10,595.79,5957.90,sales.csv,2026-09-29T03:58:58.984726+00:00
O004505,2026-06-11,C00011,P050,6,312.49,1874.94,sales.csv,2026-09-29T03:58:58.984726+00:00
O005074,2026-02-03,C00054,P036,6,893.62,5361.72,sales.csv,2026-09-29T03:58:58.984726+00:00
O008754,2026-06-21,C00382,P050,1,414.47,414.47,sales.csv,2026-09-29T03:58:58.984726+00:00
O004796,2026-03-25,C00277,P024,7,403.31,2823.17,sales.csv,2026-09-29T03:58:58.984726+00:00
O008887,2026-04-25,C00301,P018,8,625.72,5005.76,sales.csv,2026-09-29T03:58:58.984726+00:00
O004827,2026-03-18,C00103,P026,3,150.69,452.07,sales.csv,2026-09-29T03:58:58.984726+00:00
O006111,2026-04-09,C00094,P039,5,841.06,4205.30,sales.csv,2026-09-29T03:58:58.984726+00:00
O001070,2026-02-12,C00253,P009,7,141.19,988.33,sales.csv,2026-09-29T03:58:58.984726+00:00
O006463,2026-01-15,C00364,P025,5,960.34,4801.70,sales.csv,2026-09-29T03:58:58.984726+00:00
O005044,2026-02-27,C00145,P001,8,710.95,5687.60,sales.csv,2026-09-29T03:58:58.984726+00:00
O001561,2026-02-15,C00361,P039,10,826.05,8260.50,sales.csv,2026-09-29T03:58:58.984726+00:00
O005805,2026-03-22,C00016,P004,2,649.71,1299.42,sales.csv,2026-09-29T03:58:58.984726+00:00
O000224,2026-06-27,C00254,P019,7,997.80,6984.60,sales.csv,2026-09-29T03:58:58.984726+00:00
O007394,2026-04-10,C00161,P025,9,742.05,6678.45,sales.csv,2026-09-29T03:58:58.984726+00:00
O007885,2026-06-24,C00028,P008,9,91.63,824.67,sales.csv,2026-09-29T03:58:58.984726+00:00
O007800,2026-04-03,C00476,P033,2,857.71,1715.42,sales.csv,2026-09-29T03:58:58.984726+00:00
O007241,2026-04-15,C00348,P050,8,336.16,2689.28,sales.csv,2026-09-29T03:58:58.984726+00:00
O003916,2026-04-27,C00142,P013,10,595.19,5951.90,sales.csv,2026-09-29T03:58:58.984726+00:00
O009186,2026-06-09,C00127,P032,10,990.20,9902.00,sales.csv,2026-09-29T03:58:58.984726+00:00
O007734,2026-03-31,C00378,P033,3,80.98,242.94,sales.csv,2026-09-29T03:58:58.984726+00:00
O004022,2026-02-02,C00304,P044,1,664.61,664.61,sales.csv,2026-09-29T03:58:58.984726+00:00
O004413,2026-03-27,C00282,P009,3,58.69,176.07,sales.csv,2026-09-29T03:58:58.984726+00:00
O000073,2026-06-08,C00042,P027,10,741.85,7418.50,sales.csv,2026-09-29T03:58:58.984726+00:00
O006189,2026-01-18,C00243,P021,6,132.18,793.08,sales.csv,2026-09-29T03:58:58.984726+00:00
O005390,2026-04-09,C00500,P018,10,560.18,5601.80,sales.csv,2026-09-29T03:58:58.984726+00:00
O002185,2026-05-17,C00289,P005,5,118.59,592.95,sales.csv,2026-09-29T03:58:58.984726+00:00
O004070,2026-05-05,C00198,P049,10,912.27,9122.70,sales.csv,2026-09-29T03:58:58.984726+00:00
O001631,2026-05-07,C00386,P027,7,312.88,2190.16,sales.csv,2026-09-29T03:58:58.984726+00:00
O000474,2026-04-30,C00349,P034,6,169.21,1015.26,sales.csv,2026-09-29T03:58:58.984726+00:00
O008049,2026-02-27,C00112,P022,10,692.38,6923.80,sales.csv,2026-09-29T03:58:58.984726+00:00
O002417,2026-06-20,C00331,P010,5,794.55,3972.75,sales.csv,2026-09-29T03:58:58.984726+00:00
O003967,2026-06-24,C00406,P002,8,229.82,1838.56,sales.csv,2026-09-29T03:58:58.984726+00:00
O007984,2026-05-01,C00003,P002,6,103.99,623.94,sales.csv,2026-09-29T03:58:58.984726+00:00
O000302,2026-05-25,C00106,P005,9,272.52,2452.68,sales.csv,2026-09-29T03:58:58.984726+00:00
O006119,2026-06-29,C00014,P040,7,158.89,1112.23,sales.csv,2026-09-29T03:58:58.984726+00:00
O004324,2026-03-16,C00177,P009,7,775.33,5427.31,sales.csv,2026-09-29T03:58:58.984726+00:00
O008885,2026-05-01,C00203,P024,5,118.71,593.55,sales.csv,2026-09-29T03:58:58.984726+00:00
O002374,2026-03-06,C00492,P007,10,426.13,4261.30,sales.csv,2026-09-29T03:58:58.984726+00:00
O003995,2026-02-28,C00351,P046,6,642.17,3853.02,sales.csv,2026-09-29T03:58:58.984726+00:00
O007534,2026-05-28,C00405,P015,8,450.78,3606.24,sales.csv,2026-09-29T03:58:58.984726+00:00
O001793,2026-04-02,C00048,P021,1,798.11,798.11,sales.csv,2026-09-29T03:58:58.984726+00:00
O003026,2026-03-21,C00205,P040,1,716.57,716.57,sales.csv,2026-09-29T03:58:58.984726+00:00
O000449,2026-04-01,C00315,P028,5,839.16,4195.80,sales.csv,2026-09-29T03:58:58.984726+00:00
O002357,2026-06-19,C00367,P043,2,512.99,1025.98,sales.csv,2026-09-29T03:58:58.984726+00:00
O004941,2026-04-08,C00249,P001,1,33.47,33.47,sales.csv,2026-09-29T03:58:58.984726+00:00
O000042,2026-05-05,C00418,P005,9,165.83,1492.47,sales.csv,2026-09-29T03:58:58.984726+00:00
O009411,2026-03-25,C00170,P028,7,408.57,2859.99,sales.csv,2026-09-29T03:58:58.984726+00:00
O006904,2026-02-09,C00146,P001,9,365.01,3285.09,sales.csv,2026-09-29T03:58:58.984726+00:00
O001296,2026-06-17,C00150,P046,5,794.49,3972.45,sales.csv,2026-09-29T03:58:58.984726+00:00
O000679,2026-02-07,C00033,P011,7,362.70,2538.90,sales.csv,2026-09-29T03:58:58.984726+00:00
O002589,2026-06-20,C00102,P031,5,156.70,783.50,sales.csv,2026-09-29T03:58:58.984726+00:00
O002031,2026-01-11,C00263,P022,8,887.62,7100.96,sales.csv,2026-09-29T03:58:58.984726+00:00
O001709,2026-06-18,C00107,P018,1,254.91,254.91,sales.csv,2026-09-29T03:58:58.984726+00:00
O003018,2026-02-05,C00411,P005,8,561.34,4490.72,sales.csv,2026-09-29T03:58:58.984726+00:00
O008968,2026-04-25,C00397,P050,9,749.44,6744.96,sales.csv,2026-09-29T03:58:58.984726+00:00
O005834,2026-06-29,C00147,P047,10,703.36,7033.60,sales.csv,2026-09-29T03:58:58.984726+00:00
O008235,2026-01-10,C00143,P040,1,224.11,224.11,sales.csv,2026-09-29T03:58:58.984726+00:00
O006684,2026-02-28,C00090,P020,2,493.71,987.42,sales.csv,2026-09-29T03:58:58.984726+00:00
O004613,2026-03-02,C00461,P026,9,193.07,1737.63,sales.csv,2026-09-29T03:58:58.984726+00:00
O006315,2026-01-13,C00488,P017,3,793.76,2381.28,sales.csv,2026-09-29T03:58:58.984726+00:00
O004381,2026-02-25,C00408,P027,6,132.19,793.14,sales.csv,2026-09-29T03:58:58.984726+00:00
O008154,2026-02-04,C00159,P025,2,514.44,1028.88,sales.csv,2026-09-29T03:58:58.984726+00:00
O009353,2026-05-31,C00416,P016,8,782.36,6258.88,sales.csv,2026-09-29T03:58:58.984726+00:00
O002424,2026-03-20,C00376,P027,2,144.22,288.44,sales.csv,2026-09-29T03:58:58.984726+00:00
O009347,2026-05-10,C00388,P046,3,871.37,2614.11,sales.csv,2026-09-29T03:58:58.984726+00:00
O001463,2026-05-03,C00069,P033,10,615.41,6154.10,sales.csv,2026-09-29T03:58:58.984726+00:00
O008855,2026-05-30,C00439,P033,4,80.10,320.40,sales.csv,2026-09-29T03:58:58.984726+00:00
O006388,2026-05-12,C00191,P035,9,524.42,4719.78,sales.csv,2026-09-29T03:58:58.984726+00:00
O007535,2026-03-21,C00024,P009,5,234.23,1171.15,sales.csv,2026-09-29T03:58:58.984726+00:00
O006877,2026-03-24,C00090,P049,8,970.40,7763.20,sales.csv,2026-09-29T03:58:58.984726+00:00
O003156,2026-06-11,C00377,P033,2,927.42,1854.84,sales.csv,2026-09-29T03:58:58.984726+00:00
O003628,2026-04-03,C00124,P043,8,920.59,7364.72,sales.csv,2026-09-29T03:58:58.984726+00:00
O006631,2026-05-29,C00155,P024,9,798.60,7187.40,sales.csv,2026-09-29T03:58:58.984726+00:00
O003720,2026-06-21,C00284,P005,6,323.72,1942.32,sales.csv,2026-09-29T03:58:58.984726+00:00
O001015,2026-03-07,C00395,P035,10,64.68,646.80,sales.csv,2026-09-29T03:58:58.984726+00:00
O002877,2026-05-30,C00455,P027,8,876.86,7014.88,sales.csv,2026-09-29T03:58:58.984726+00:00
O004910,2026-03-01,C00110,P031,7,1.55,10.85,sales.csv,2026-09-29T03:58:58.984726+00:00
O007913,2026-03-24,C00107,P016,8,505.86,4046.88,sales.csv,2026-09-29T03:58:58.984726+00:00
O006906,2026-04-02,C00311,P038,10,390.49,3904.90,sales.csv,2026-09-29T03:58:58.984726+00:00
O005584,2026-04-11,C00193,P024,7,700.74,4905.18,sales.csv,2026-09-29T03:58:58.984726+00:00
O002584,2026-01-28,C00225,P043,8,213.11,1704.88,sales.csv,2026-09-29T03:58:58.984726+00:00
O002510,2026-02-16,C00197,P031,7,392.07,2744.49,sales.csv,2026-09-29T03:58:58.984726+00:00
O003209,2026-04-11,C00488,P024,9,937.61,8438.49,sales.csv,2026-09-29T03:58:58.984726+00:00
O009254,2026-03-22,C00053,P003,3,535.26,1605.78,sales.csv,2026-09-29T03:58:58.984726+00:00
O002650,2026-02-26,C00167,P018,4,763.39,3053.56,sales.csv,2026-09-29T03:58:58.984726+00:00
O001068,2026-03-29,C00182,P041,5,718.86,3594.30,sales.csv,2026-09-29T03:58:58.984726+00:00
O008498,2026-02-07,C00032,P026,4,198.55,794.20,sales.csv,2026-09-29T03:58:58.984726+00:00
O002736,2026-04-21,C00021,P046,7,314.40,2200.80,sales.csv,2026-09-29T03:58:58.984726+00:00
O007028,2026-05-06,C00487,P024,7,412.58,2888.06,sales.csv,2026-09-29T03:58:58.984726+00:00
O001216,2026-06-17,C00106,P045,6,536.88,3221.28,sales.csv,2026-09-29T03:58:58.984726+00:00
O003166,2026-02-23,C00364,P012,1,549.08,549.08,sales.csv,2026-09-29T03:58:58.984726+00:00
O003612,2026-01-18,C00031,P049,7,184.89,1294.23,sales.csv,2026-09-29T03:58:58.984726+00:00
O003205,2026-05-28,C00242,P025,5,563.99,2819.95,sales.csv,2026-09-29T03:58:58.984726+00:00
O005987,2026-01-02,C00246,P001,4,260.03,1040.12,sales.csv,2026-09-29T03:58:58.984726+00:00
O001432,2026-05-30,C00464,P043,9,57.99,521.91,sales.csv,2026-09-29T03:58:58.984726+00:00
O005489,2026-06-27,C00182,P012,10,418.25,4182.50,sales.csv,2026-09-29T03:58:58.984726+00:00
O007975,2026-04-13,C00494,P027,4,776.77,3107.08,sales.csv,2026-09-29T03:58:58.984726+00:00
O004032,2026-03-19,C00094,P015,6,896.26,5377.56,sales.csv,2026-09-29T03:58:58.984726+00:00
O000158,2026-01-06,C00319,P010,4,166.44,665.76,sales.csv,2026-09-29T03:58:58.984726+00:00
O003543,2026-01-13,C00229,P029,7,261.35,1829.45,sales.csv,2026-09-29T03:58:58.984726+00:00
O006305,2026-04-05,C00399,P018,1,319.59,319.59,sales.csv,2026-09-29T03:58:58.984726+00:00
O007661,2026-05-09,C00474,P009,3,901.48,2704.44,sales.csv,2026-09-29T03:58:58.984726+00:00
O007108,2026-01-02,C00078,P033,6,269.05,1614.30,sales.csv,2026-09-29T03:58:58.984726+00:00
O009345,2026-06-03,C00358,P050,4,483.69,1934.76,sales.csv,2026-09-29T03:58:58.984726+00:00
O009407,2026-03-11,C00313,P037,3,408.76,1226.28,sales.csv,2026-09-29T03:58:58.984726+00:00
O004566,2026-02-21,C00039,P006,4,803.01,3212.04,sales.csv,2026-09-29T03:58:58.984726+00:00
O004395,2026-01-22,C00392,P011,4,96.96,387.84,sales.csv,2026-09-29T03:58:58.984726+00:00
O007059,2026-06-23,C00266,P019,9,352.82,3175.38,sales.csv,2026-09-29T03:58:58.984726+00:00
O000574,2026-05-25,C00058,P004,9,663.55,5971.95,sales.csv,2026-09-29T03:58:58.984726+00:00
O001996,2026-02-06,C00134,P008,6,58.88,353.28,sales.csv,2026-09-29T03:58:58.984726+00:00
O008431,2026-06-10,C00327,P046,10,971.94,9719.40,sales.csv,2026-09-29T03:58:58.984726+00:00
O003858,2026-02-28,C00084,P026,10,389.91,3899.10,sales.csv,2026-09-29T03:58:58.984726+00:00
O002304,2026-05-22,C00388,P030,8,447.50,3580.00,sales.csv,2026-09-29T03:58:58.984726+00:00
O001613,2026-05-13,C00041,P034,10,116.92,1169.20,sales.csv,2026-09-29T03:58:58.984726+00:00
O008403,2026-01-30,C00398,P014,4,497.65,1990.60,sales.csv,2026-09-29T03:58:58.984726+00:00
O003740,2026-03-23,C00038,P046,4,650.16,2600.64,sales.csv,2026-09-29T03:58:58.984726+00:00
O000923,2026-02-17,C00190,P025,6,245.55,1473.30,sales.csv,2026-09-29T03:58:58.984726+00:00
O002777,2026-05-14,C00370,P001,8,165.78,1326.24,sales.csv,2026-09-29T03:58:58.984726+00:00
O006791,2026-06-08,C00470,P027,7,394.40,2760.80,sales.csv,2026-09-29T03:58:58.984726+00:00
O005477,2026-06-26,C00176,P025,7,994.85,6963.95,sales.csv,2026-09-29T03:58:58.984726+00:00
O003377,2026-06-21,C00024,P039,7,238.58,1670.06,sales.csv,2026-09-29T03:58:58.984726+00:00
O002661,2026-01-26,C00194,P025,1,145.22,145.22,sales.csv,2026-09-29T03:58:58.984726+00:00
O002851,2026-03-26,C00110,P030,10,422.47,4224.70,sales.csv,2026-09-29T03:58:58.984726+00:00
O008487,2026-06-16,C00100,P044,4,990.47,3961.88,sales.csv,2026-09-29T03:58:58.984726+00:00
O006703,2026-03-31,C00497,P048,1,754.84,754.84,sales.csv,2026-09-29T03:58:58.984726+00:00
O006749,2026-05-21,C00040,P036,8,128.55,1028.40,sales.csv,2026-09-29T03:58:58.984726+00:00
O005655,2026-03-20,C00088,P044,6,184.42,1106.52,sales.csv,2026-09-29T03:58:58.984726+00:00
O003956,2026-03-25,C00235,P026,10,989.09,9890.90,sales.csv,2026-09-29T03:58:58.984726+00:00
O000992,2026-01-31,C00445,P044,7,695.46,4868.22,sales.csv,2026-09-29T03:58:58.984726+00:00
O008081,2026-02-03,C00168,P007,1,639.94,639.94,sales.csv,2026-09-29T03:58:58.984726+00:00
O005160,2026-04-20,C00483,P036,1,97.58,97.58,sales.csv,2026-09-29T03:58:58.984726+00:00
O004309,2026-05-21,C00479,P037,9,390.55,3514.95,sales.csv,2026-09-29T03:58:58.984726+00:00
O002487,2026-02-10,C00012,P036,7,443.25,3102.75,sales.csv,2026-09-29T03:58:58.984726+00:00
O009335,2026-06-01,C00022,P016,1,673.79,673.79,sales.csv,2026-09-29T03:58:58.984726+00:00
O009155,2026-06-04,C00165,P017,9,54.68,492.12,sales.csv,2026-09-29T03:58:58.984726+00:00
O002666,2026-02-05,C00246,P049,10,583.38,5833.80,sales.csv,2026-09-29T03:58:58.984726+00:00
O000153,2026-03-25,C00109,P030,6,443.36,2660.16,sales.csv,2026-09-29T03:58:58.984726+00:00
O002793,2026-01-26,C00325,P029,9,762.83,6865.47,sales.csv,2026-09-29T03:58:58.984726+00:00
O002552,2026-06-13,C00499,P024,4,889.95,3559.80,sales.csv,2026-09-29T03:58:58.984726+00:00
O004532,2026-06-18,C00152,P036,10,996.48,9964.80,sales.csv,2026-09-29T03:58:58.984726+00:00
O003514,2026-02-24,C00095,P021,8,299.42,2395.36,sales.csv,2026-09-29T03:58:58.984726+00:00
O000095,2026-06-24,C00128,P043,2,464.57,929.14,sales.csv,2026-09-29T03:58:58.984726+00:00
O006149,2026-03-20,C00474,P014,6,967.14,5802.84,sales.csv,2026-09-29T03:58:58.984726+00:00
O002565,2026-03-30,C00126,P048,9,897.63,8078.67,sales.csv,2026-09-29T03:58:58.984726+00:00
O000533,2026-05-04,C00099,P016,5,732.49,3662.45,sales.csv,2026-09-29T03:58:58.984726+00:00
O007298,2026-04-24,C00201,P011,1,773.21,773.21,sales.csv,2026-09-29T03:58:58.984726+00:00
O002406,2026-05-01,C00101,P010,4,6.47,25.88,sales.csv,2026-09-29T03:58:58.984726+00:00
O002269,2026-04-22,C00450,P046,2,156.31,312.62,sales.csv,2026-09-29T03:58:58.984726+00:00
O009263,2026-01-18,C00028,P006,1,235.67,235.67,sales.csv,2026-09-29T03:58:58.984726+00:00
O004930,2026-04-08,C00291,P020,2,430.03,860.06,sales.csv,2026-09-29T03:58:58.984726+00:00
O007926,2026-03-30,C00199,P002,6,380.46,2282.76,sales.csv,2026-09-29T03:58:58.984726+00:00
O006396,2026-03-18,C00135,P002,9,665.83,5992.47,sales.csv,2026-09-29T03:58:58.984726+00:00
O001278,2026-03-11,C00412,P016,9,567.51,5107.59,sales.csv,2026-09-29T03:58:58.984726+00:00
O005700,2026-05-30,C00237,P047,9,799.49,7195.41,sales.csv,2026-09-29T03:58:58.984726+00:00
O000170,2026-02-09,C00223,P012,9,853.56,7682.04,sales.csv,2026-09-29T03:58:58.984726+00:00
O000173,2026-03-24,C00437,P016,2,366.59,733.18,sales.csv,2026-09-29T03:58:58.984726+00:00
O000185,2026-05-21,C00170,P023,8,356.09,2848.72,sales.csv,2026-09-29T03:58:58.984726+00:00
O001460,2026-06-06,C00316,P018,10,744.23,7442.30,sales.csv,2026-09-29T03:58:58.984726+00:00
O006424,2026-04-13,C00025,P022,1,516.59,516.59,sales.csv,2026-09-29T03:58:58.984726+00:00
O002718,2026-06-04,C00399,P022,1,314.95,314.95,sales.csv,2026-09-29T03:58:58.984726+00:00
O007812,2026-02-01,C00237,P002,4,798.55,3194.20,sales.csv,2026-09-29T03:58:58.984726+00:00
O001129,2026-02-22,C00276,P045,7,848.46,5939.22,sales.csv,2026-09-29T03:58:58.984726+00:00
O002887,2026-04-27,C00336,P010,9,139.49,1255.41,sales.csv,2026-09-29T03:58:58.984726+00:00
O004955,2026-03-28,C00359,P019,1,143.08,143.08,sales.csv,2026-09-29T03:58:58.984726+00:00
O001166,2026-01-08,C00417,P038,10,532.01,5320.10,sales.csv,2026-09-29T03:58:58.984726+00:00
O003100,2026-01-12,C00149,P010,10,34.46,344.60,sales.csv,2026-09-29T03:58:58.984726+00:00
O000947,2026-06-26,C00122,P004,8,353.03,2824.24,sales.csv,2026-09-29T03:58:58.984726+00:00
O001789,2026-02-07,C00410,P037,8,444.92,3559.36,sales.csv,2026-09-29T03:58:58.984726+00:00
O001567,2026-03-01,C00486,P015,3,809.63,2428.89,sales.csv,2026-09-29T03:58:58.984726+00:00
O007148,2026-05-27,C00368,P014,5,615.36,3076.80,sales.csv,2026-09-29T03:58:58.984726+00:00
O004317,2026-02-13,C00095,P042,10,919.41,9194.10,sales.csv,2026-09-29T03:58:58.984726+00:00
O008535,2026-01-15,C00146,P015,4,557.59,2230.36,sales.csv,2026-09-29T03:58:58.984726+00:00
O001407,2026-01-11,C00164,P035,10,197.05,1970.50,sales.csv,2026-09-29T03:58:58.984726+00:00
O000353,2026-02-03,C00195,P035,4,656.70,2626.80,sales.csv,2026-09-29T03:58:58.984726+00:00
O009300,2026-05-13,C00167,P048,10,659.73,6597.30,sales.csv,2026-09-29T03:58:58.984726+00:00
O002788,2026-05-22,C00305,P011,9,572.31,5150.79,sales.csv,2026-09-29T03:58:58.984726+00:00
O001754,2026-05-03,C00378,P049,10,922.23,9222.30,sales.csv,2026-09-29T03:58:58.984726+00:00
O005481,2026-02-17,C00052,P009,2,113.65,227.30,sales.csv,2026-09-29T03:58:58.984726+00:00
O005043,2026-03-18,C00445,P006,2,923.85,1847.70,sales.csv,2026-09-29T03:58:58.984726+00:00
O002143,2026-05-06,C00002,P008,9,457.98,4121.82,sales.csv,2026-09-29T03:58:58.984726+00:00
O000057,2026-04-14,C00373,P022,2,326.91,653.82,sales.csv,2026-09-29T03:58:58.984726+00:00
O005850,2026-02-17,C00076,P046,1,221.42,221.42,sales.csv,2026-09-29T03:58:58.984726+00:00
O006808,2026-05-25,C00241,P038,4,808.28,3233.12,sales.csv,2026-09-29T03:58:58.984726+00:00
O002376,2026-02-14,C00326,P049,6,874.42,5246.52,sales.csv,2026-09-29T03:58:58.984726+00:00
O003913,2026-04-05,C00239,P050,3,586.47,1759.41,sales.csv,2026-09-29T03:58:58.984726+00:00
O003125,2026-05-16,C00471,P025,7,465.47,3258.29,sales.csv,2026-09-29T03:58:58.984726+00:00
O008664,2026-04-18,C00327,P019,7,846.31,5924.17,sales.csv,2026-09-29T03:58:58.984726+00:00
O001913,2026-01-24,C00368,P038,2,776.76,1553.52,sales.csv,2026-09-29T03:58:58.984726+00:00
O003233,2026-03-16,C00268,P044,4,805.78,3223.12,sales.csv,2026-09-29T03:58:58.984726+00:00
O005463,2026-02-13,C00121,P002,4,356.01,1424.04,sales.csv,2026-09-29T03:58:58.984726+00:00
O001515,2026-05-28,C00320,P023,3,806.16,2418.48,sales.csv,2026-09-29T03:58:58.984726+00:00
O004440,2026-03-21,C00421,P011,10,492.94,4929.40,sales.csv,2026-09-29T03:58:58.984726+00:00
O001173,2026-05-12,C00072,P029,3,235.80,707.40,sales.csv,2026-09-29T03:58:58.984726+00:00
O008596,2026-04-20,C00318,P033,9,851.72,7665.48,sales.csv,2026-09-29T03:58:58.984726+00:00
O004842,2026-03-06,C00020,P002,5,768.51,3842.55,sales.csv,2026-09-29T03:58:58.984726+00:00
O006187,2026-06-27,C00107,P017,10,384.14,3841.40,sales.csv,2026-09-29T03:58:58.984726+00:00
O001181,2026-05-20,C00292,P012,7,857.78,6004.46,sales.csv,2026-09-29T03:58:58.984726+00:00
O000627,2026-04-16,C00024,P037,4,972.57,3890.28,sales.csv,2026-09-29T03:58:58.984726+00:00
O000088,2026-04-19,C00425,P018,1,5.64,5.64,sales.csv,2026-09-29T03:58:58.984726+00:00
O008762,2026-05-07,C00056,P048,6,686.39,4118.34,sales.csv,2026-09-29T03:58:58.984726+00:00
O004459,2026-04-29,C00448,P003,7,383.23,2682.61,sales.csv,2026-09-29T03:58:58.984726+00:00
O006011,2026-04-22,C00389,P048,6,368.24,2209.44,sales.csv,2026-09-29T03:58:58.984726+00:00
O008089,2026-05-05,C00395,P034,2,769.58,1539.16,sales.csv,2026-09-29T03:58:58.984726+00:00
O001936,2026-04-04,C00344,P043,2,521.21,1042.42,sales.csv,2026-09-29T03:58:58.984726+00:00
O003213,2026-02-06,C00415,P041,2,126.02,252.04,sales.csv,2026-09-29T03:58:58.984726+00:00
O009237,2026-04-24,C00465,P017,6,850.05,5100.30,sales.csv,2026-09-29T03:58:58.984726+00:00
O003961,2026-03-19,C00228,P025,10,210.04,2100.40,sales.csv,2026-09-29T03:58:58.984726+00:00
O008216,2026-04-09,C00009,P015,3,560.18,1680.54,sales.csv,2026-09-29T03:58:58.984726+00:00
O005468,2026-04-23,C00417,P047,7,340.40,2382.80,sales.csv,2026-09-29T03:58:58.984726+00:00
O007586,2026-06-11,C00350,P043,1,49.25,49.25,sales.csv,2026-09-29T03:58:58.984726+00:00
O009373,2026-05-04,C00359,P049,7,544.63,3812.41,sales.csv,2026-09-29T03:58:58.984726+00:00
O008556,2026-03-16,C00021,P044,6,122.78,736.68,sales.csv,2026-09-29T03:58:58.984726+00:00
O009415,2026-03-10,C00393,P038,7,512.80,3589.60,sales.csv,2026-09-29T03:58:58.984726+00:00
O006379,2026-06-21,C00188,P016,10,874.47,8744.70,sales.csv,2026-09-29T03:58:58.984726+00:00
O007343,2026-06-16,C00399,P004,5,12.15,60.75,sales.csv,2026-09-29T03:58:58.984726+00:00
O003302,2026-06-29,C00223,P023,5,272.90,1364.50,sales.csv,2026-09-29T03:58:58.984726+00:00
O004844,2026-05-25,C00388,P045,5,753.57,3767.85,sales.csv,2026-09-29T03:58:58.984726+00:00
O002215,2026-04-21,C00433,P027,5,160.53,802.65,sales.csv,2026-09-29T03:58:58.984726+00:00
O002574,2026-02-25,C00473,P020,9,47.43,426.87,sales.csv,2026-09-29T03:58:58.984726+00:00
O006082,2026-06-10,C00301,P024,1,594.28,594.28,sales.csv,2026-09-29T03:58:58.984726+00:00
O007588,2026-01-21,C00036,P004,4,404.26,1617.04,sales.csv,2026-09-29T03:58:58.984726+00:00
O006962,2026-01-22,C00165,P041,9,183.58,1652.22,sales.csv,2026-09-29T03:58:58.984726+00:00
O004854,2026-05-05,C00147,P004,8,630.00,5040.00,sales.csv,2026-09-29T03:58:58.984726+00:00
O008525,2026-02-14,C00390,P049,5,176.02,880.10,sales.csv,2026-09-29T03:58:58.984726+00:00
O002519,2026-05-24,C00132,P049,1,111.90,111.90,sales.csv,2026-09-29T03:58:58.984726+00:00
O002667,2026-02-11,C00158,P022,8,203.52,1628.16,sales.csv,2026-09-29T03:58:58.984726+00:00
O008060,2026-03-18,C00432,P030,7,89.54,626.78,sales.csv,2026-09-29T03:58:58.984726+00:00
O003067,2026-01-14,C00339,P020,1,710.81,710.81,sales.csv,2026-09-29T03:58:58.984726+00:00
O003290,2026-01-23,C00096,P021,10,822.32,8223.20,sales.csv,2026-09-29T03:58:58.984726+00:00
O000604,2026-04-16,C00154,P018,1,730.70,730.70,sales.csv,2026-09-29T03:58:58.984726+00:00
O002820,2026-01-29,C00236,P039,2,141.34,282.68,sales.csv,2026-09-29T03:58:58.984726+00:00
O001345,2026-02-12,C00407,P018,10,157.82,1578.20,sales.csv,2026-09-29T03:58:58.984726+00:00
O000733,2026-05-06,C00148,P009,3,413.32,1239.96,sales.csv,2026-09-29T03:58:58.984726+00:00
O000161,2026-06-05,C00311,P048,2,215.65,431.30,sales.csv,2026-09-29T03:58:58.984726+00:00
O001203,2026-01-28,C00009,P013,9,662.07,5958.63,sales.csv,2026-09-29T03:58:58.984726+00:00
O007023,2026-06-20,C00446,P002,7,463.81,3246.67,sales.csv,2026-09-29T03:58:58.984726+00:00
O001450,2026-06-04,C00169,P029,9,173.71,1563.39,sales.csv,2026-09-29T03:58:58.984726+00:00
O000536,2026-05-03,C00179,P036,5,378.21,1891.05,sales.csv,2026-09-29T03:58:58.984726+00:00
O005453,2026-03-26,C00206,P037,2,283.49,566.98,sales.csv,2026-09-29T03:58:58.984726+00:00
O005878,2026-04-07,C00484,P037,10,783.80,7838.00,sales.csv,2026-09-29T03:58:58.984726+00:00
O003748,2026-06-10,C00159,P014,5,537.35,2686.75,sales.csv,2026-09-29T03:58:58.984726+00:00
O004905,2026-06-04,C00295,P005,7,29.90,209.30,sales.csv,2026-09-29T03:58:58.984726+00:00
O005664,2026-04-29,C00061,P023,10,394.58,3945.80,sales.csv,2026-09-29T03:58:58.984726+00:00
O007878,2026-06-07,C00220,P030,5,144.11,720.55,sales.csv,2026-09-29T03:58:58.984726+00:00
O003052,2026-05-07,C00362,P048,6,289.73,1738.38,sales.csv,2026-09-29T03:58:58.984726+00:00
O001305,2026-02-28,C00127,P048,5,581.85,2909.25,sales.csv,2026-09-29T03:58:58.984726+00:00
O004146,2026-04-05,C00294,P018,8,323.16,2585.28,sales.csv,2026-09-29T03:58:58.984726+00:00
O003322,2026-06-19,C00171,P004,2,406.37,812.74,sales.csv,2026-09-29T03:58:58.984726+00:00
O004099,2026-01-03,C00058,P022,10,944.15,9441.50,sales.csv,2026-09-29T03:58:58.984726+00:00
O006691,2026-06-16,C00043,P041,8,351.92,2815.36,sales.csv,2026-09-29T03:58:58.984726+00:00
O003239,2026-06-27,C00049,P035,8,434.89,3479.12,sales.csv,2026-09-29T03:58:58.984726+00:00
O009081,2026-06-16,C00024,P008,7,485.41,3397.87,sales.csv,2026-09-29T03:58:58.984726+00:00
O006462,2026-03-25,C00158,P029,10,348.79,3487.90,sales.csv,2026-09-29T03:58:58.984726+00:00
O000998,2026-02-23,C00390,P050,3,756.34,2269.02,sales.csv,2026-09-29T03:58:58.984726+00:00
O006635,2026-02-09,C00492,P002,8,523.44,4187.52,sales.csv,2026-09-29T03:58:58.984726+00:00
O006961,2026-06-03,C00150,P023,3,292.29,876.87,sales.csv,2026-09-29T03:58:58.984726+00:00
O004455,2026-02-13,C00268,P037,5,535.30,2676.50,sales.csv,2026-09-29T03:58:58.984726+00:00
O005413,2026-05-17,C00329,P050,9,764.67,6882.03,sales.csv,2026-09-29T03:58:58.984726+00:00
O006340,2026-02-10,C00381,P043,3,390.08,1170.24,sales.csv,2026-09-29T03:58:58.984726+00:00
O007465,2026-03-11,C00049,P045,10,689.40,6894.00,sales.csv,2026-09-29T03:58:58.984726+00:00
O001945,2026-01-15,C00252,P035,6,918.00,5508.00,sales.csv,2026-09-29T03:58:58.984726+00:00
O001635,2026-04-29,C00205,P031,5,625.25,3126.25,sales.csv,2026-09-29T03:58:58.984726+00:00
O004333,2026-05-28,C00002,P042,4,941.09,3764.36,sales.csv,2026-09-29T03:58:58.984726+00:00
O002731,2026-04-29,C00041,P041,2,942.70,1885.40,sales.csv,2026-09-29T03:58:58.984726+00:00
O007771,2026-03-28,C00106,P044,2,563.88,1127.76,sales.csv,2026-09-29T03:58:58.984726+00:00
O008700,2026-05-09,C00084,P050,2,517.89,1035.78,sales.csv,2026-09-29T03:58:58.984726+00:00
O004931,2026-03-29,C00302,P017,6,865.95,5195.70,sales.csv,2026-09-29T03:58:58.984726+00:00
O002195,2026-05-18,C00042,P042,2,707.01,1414.02,sales.csv,2026-09-29T03:58:58.984726+00:00
O000815,2026-05-11,C00185,P004,8,744.02,5952.16,sales.csv,2026-09-29T03:58:58.984726+00:00
O006886,2026-04-26,C00179,P043,7,273.90,1917.30,sales.csv,2026-09-29T03:58:58.984726+00:00
O001815,2026-05-06,C00465,P045,4,38.28,153.12,sales.csv,2026-09-29T03:58:58.984726+00:00
O009422,2026-04-10,C00346,P046,2,268.06,536.12,sales.csv,2026-09-29T03:58:58.984726+00:00
O000507,2026-04-03,C00284,P019,2,507.39,1014.78,sales.csv,2026-09-29T03:58:58.984726+00:00
O002114,2026-01-08,C00456,P035,10,340.07,3400.70,sales.csv,2026-09-29T03:58:58.984726+00:00
O003891,2026-01-05,C00229,P024,7,323.58,2265.06,sales.csv,2026-09-29T03:58:58.984726+00:00
O006184,2026-02-20,C00236,P012,8,616.86,4934.88,sales.csv,2026-09-29T03:58:58.984726+00:00
O001742,2026-04-27,C00238,P050,3,922.61,2767.83,sales.csv,2026-09-29T03:58:58.984726+00:00
O009189,2026-05-28,C00255,P012,8,524.95,4199.60,sales.csv,2026-09-29T03:58:58.984726+00:00
O000837,2026-04-16,C00359,P024,8,981.28,7850.24,sales.csv,2026-09-29T03:58:58.984726+00:00
O005920,2026-05-20,C00227,P033,5,818.29,4091.45,sales.csv,2026-09-29T03:58:58.984726+00:00
O005870,2026-01-22,C00476,P007,9,112.62,1013.58,sales.csv,2026-09-29T03:58:58.984726+00:00
O001069,2026-05-14,C00192,P045,2,61.00,122.00,sales.csv,2026-09-29T03:58:58.984726+00:00
O002291,2026-04-08,C00013,P012,8,307.43,2459.44,sales.csv,2026-09-29T03:58:58.984726+00:00
O001672,2026-03-19,C00206,P004,2,479.87,959.74,sales.csv,2026-09-29T03:58:58.984726+00:00
O008805,2026-01-03,C00119,P001,2,122.52,245.04,sales.csv,2026-09-29T03:58:58.984726+00:00
O007483,2026-06-20,C00462,P050,2,36.60,73.20,sales.csv,2026-09-29T03:58:58.984726+00:00
O002174,2026-05-04,C00015,P027,4,25.40,101.60,sales.csv,2026-09-29T03:58:58.984726+00:00
O008068,2026-06-25,C00295,P026,10,26.19,261.90,sales.csv,2026-09-29T03:58:58.984726+00:00
O002168,2026-01-15,C00153,P025,2,420.48,840.96,sales.csv,2026-09-29T03:58:58.984726+00:00
O009131,2026-02-04,C00203,P009,2,861.70,1723.40,sales.csv,2026-09-29T03:58:58.984726+00:00
O005690,2026-01-05,C00273,P015,6,215.59,1293.54,sales.csv,2026-09-29T03:58:58.984726+00:00
O002320,2026-02-20,C00036,P025,5,270.86,1354.30,sales.csv,2026-09-29T03:58:58.984726+00:00
O009336,2026-02-01,C00295,P028,10,431.36,4313.60,sales.csv,2026-09-29T03:58:58.984726+00:00
O004554,2026-05-27,C00194,P023,7,827.21,5790.47,sales.csv,2026-09-29T03:58:58.984726+00:00
O001746,2026-04-20,C00386,P018,10,711.98,7119.80,sales.csv,2026-09-29T03:58:58.984726+00:00
O003631,2026-04-18,C00342,P017,6,109.91,659.46,sales.csv,2026-09-29T03:58:58.984726+00:00
O003567,2026-01-12,C00277,P025,10,948.02,9480.20,sales.csv,2026-09-29T03:58:58.984726+00:00
O000011,2026-06-04,C00136,P003,8,703.84,5630.72,sales.csv,2026-09-29T03:58:58.984726+00:00
O000989,2026-04-06,C00134,P038,5,608.86,3044.30,sales.csv,2026-09-29T03:58:58.984726+00:00
O009207,2026-03-21,C00430,P041,10,749.01,7490.10,sales.csv,2026-09-29T03:58:58.984726+00:00
O004483,2026-05-10,C00255,P049,6,511.31,3067.86,sales.csv,2026-09-29T03:58:58.984726+00:00
O007528,2026-06-19,C00150,P017,10,948.91,9489.10,sales.csv,2026-09-29T03:58:58.984726+00:00
O000913,2026-01-14,C00052,P022,4,250.01,1000.04,sales.csv,2026-09-29T03:58:58.984726+00:00
O000346,2026-03-11,C00111,P049,9,150.18,1351.62,sales.csv,2026-09-29T03:58:58.984726+00:00
O006812,2026-04-11,C00460,P033,4,911.47,3645.88,sales.csv,2026-09-29T03:58:58.984726+00:00
O004412,2026-05-15,C00276,P006,5,343.28,1716.40,sales.csv,2026-09-29T03:58:58.984726+00:00
O005206,2026-05-11,C00466,P038,8,226.93,1815.44,sales.csv,2026-09-29T03:58:58.984726+00:00
O000458,2026-03-13,C00128,P008,1,965.26,965.26,sales.csv,2026-09-29T03:58:58.984726+00:00
O000638,2026-02-25,C00259,P030,6,80.23,481.38,sales.csv,2026-09-29T03:58:58.984726+00:00
O008303,2026-03-24,C00433,P011,3,411.28,1233.84,sales.csv,2026-09-29T03:58:58.984726+00:00
O006005,2026-03-26,C00414,P007,3,307.98,923.94,sales.csv,2026-09-29T03:58:58.984726+00:00
O007838,2026-04-10,C00423,P002,9,229.20,2062.80,sales.csv,2026-09-29T03:58:58.984726+00:00
O004252,2026-04-27,C00023,P019,6,24.48,146.88,sales.csv,2026-09-29T03:58:58.984726+00:00
O007799,2026-05-05,C00383,P039,5,640.36,3201.80,sales.csv,2026-09-29T03:58:58.984726+00:00
O007449,2026-02-25,C00398,P004,10,318.66,3186.60,sales.csv,2026-09-29T03:58:58.984726+00:00
O006019,2026-01-05,C00398,P012,8,389.63,3117.04,sales.csv,2026-09-29T03:58:58.984726+00:00
O006132,2026-02-09,C00498,P006,9,715.67,6441.03,sales.csv,2026-09-29T03:58:58.984726+00:00
O005900,2026-01-08,C00046,P047,3,263.80,791.40,sales.csv,2026-09-29T03:58:58.984726+00:00
O009154,2026-01-31,C00083,P011,3,301.30,903.90,sales.csv,2026-09-29T03:58:58.984726+00:00
O001981,2026-03-14,C00373,P044,4,549.31,2197.24,sales.csv,2026-09-29T03:58:58.984726+00:00
O000751,2026-05-17,C00144,P039,9,221.69,1995.21,sales.csv,2026-09-29T03:58:58.984726+00:00
O003392,2026-04-30,C00016,P010,10,767.68,7676.80,sales.csv,2026-09-29T03:58:58.984726+00:00
O006297,2026-05-30,C00047,P010,4,602.00,2408.00,sales.csv,2026-09-29T03:58:58.984726+00:00
O004757,2026-05-09,C00260,P037,8,458.85,3670.80,sales.csv,2026-09-29T03:58:58.984726+00:00
O007190,2026-04-25,C00317,P033,5,183.85,919.25,sales.csv,2026-09-29T03:58:58.984726+00:00
O007461,2026-05-03,C00355,P009,2,628.60,1257.20,sales.csv,2026-09-29T03:58:58.984726+00:00
O000993,2026-03-18,C00212,P004,3,181.04,543.12,sales.csv,2026-09-29T03:58:58.984726+00:00
O001590,2026-05-26,C00407,P044,5,570.80,2854.00,sales.csv,2026-09-29T03:58:58.984726+00:00
O004783,2026-02-15,C00234,P042,5,683.87,3419.35,sales.csv,2026-09-29T03:58:58.984726+00:00
O000438,2026-05-20,C00243,P017,1,988.35,988.35,sales.csv,2026-09-29T03:58:58.984726+00:00
O005157,2026-04-03,C00199,P005,1,78.75,78.75,sales.csv,2026-09-29T03:58:58.984726+00:00
O000527,2026-04-16,C00354,P014,7,658.74,4611.18,sales.csv,2026-09-29T03:58:58.984726+00:00
O005929,2026-03-28,C00405,P041,7,332.32,2326.24,sales.csv,2026-09-29T03:58:58.984726+00:00
O007455,2026-01-09,C00288,P048,10,794.44,7944.40,sales.csv,2026-09-29T03:58:58.984726+00:00
O000745,2026-06-17,C00385,P016,5,43.24,216.20,sales.csv,2026-09-29T03:58:58.984726+00:00
O001837,2026-04-03,C00072,P029,10,686.66,6866.60,sales.csv,2026-09-29T03:58:58.984726+00:00
O001702,2026-02-02,C00106,P010,5,686.62,3433.10,sales.csv,2026-09-29T03:58:58.984726+00:00
O002483,2026-03-16,C00361,P025,1,437.65,437.65,sales.csv,2026-09-29T03:58:58.984726+00:00
O005246,2026-04-09,C00069,P028,2,116.94,233.88,sales.csv,2026-09-29T03:58:58.984726+00:00
O000187,2026-02-19,C00162,P008,9,905.61,8150.49,sales.csv,2026-09-29T03:58:58.984726+00:00
O000778,2026-04-09,C00046,P047,2,136.26,272.52,sales.csv,2026-09-29T03:58:58.984726+00:00
O003267,2026-05-31,C00159,P022,2,484.48,968.96,sales.csv,2026-09-29T03:58:58.984726+00:00
O007277,2026-01-21,C00409,P047,2,147.37,294.74,sales.csv,2026-09-29T03:58:58.984726+00:00
O008061,2026-06-15,C00160,P020,3,592.93,1778.79,sales.csv,2026-09-29T03:58:58.984726+00:00
O001858,2026-04-15,C00058,P049,6,163.02,978.12,sales.csv,2026-09-29T03:58:58.984726+00:00
O003152,2026-04-21,C00253,P017,2,180.33,360.66,sales.csv,2026-09-29T03:58:58.984726+00:00
O006262,2026-06-05,C00272,P011,5,305.08,1525.40,sales.csv,2026-09-29T03:58:58.984726+00:00
O005880,2026-04-21,C00227,P010,1,126.16,126.16,sales.csv,2026-09-29T03:58:58.984726+00:00
O006966,2026-01-24,C00227,P011,2,637.18,1274.36,sales.csv,2026-09-29T03:58:58.984726+00:00
O003952,2026-04-29,C00028,P042,4,743.97,2975.88,sales.csv,2026-09-29T03:58:58.984726+00:00
O000889,2026-01-26,C00173,P020,6,179.84,1079.04,sales.csv,2026-09-29T03:58:58.984726+00:00
O006852,2026-03-08,C00257,P048,6,397.31,2383.86,sales.csv,2026-09-29T03:58:58.984726+00:00
O003819,2026-06-26,C00419,P024,8,767.62,6140.96,sales.csv,2026-09-29T03:58:58.984726+00:00
O006174,2026-02-03,C00201,P019,4,929.92,3719.68,sales.csv,2026-09-29T03:58:58.984726+00:00
O005556,2026-03-04,C00454,P034,4,721.67,2886.68,sales.csv,2026-09-29T03:58:58.984726+00:00
O002534,2026-06-28,C00331,P013,6,739.77,4438.62,sales.csv,2026-09-29T03:58:58.984726+00:00
O001388,2026-03-03,C00289,P035,4,492.60,1970.40,sales.csv,2026-09-29T03:58:58.984726+00:00
O001606,2026-04-09,C00182,P015,3,557.75,1673.25,sales.csv,2026-09-29T03:58:58.984726+00:00
O000802,2026-01-22,C00159,P006,9,267.33,2405.97,sales.csv,2026-09-29T03:58:58.984726+00:00
O004372,2026-02-04,C00114,P048,4,287.35,1149.40,sales.csv,2026-09-29T03:58:58.984726+00:00
O000010,2026-01-24,C00195,P007,6,451.82,2710.92,sales.csv,2026-09-29T03:58:58.984726+00:00
O003304,2026-03-10,C00047,P033,4,339.44,1357.76,sales.csv,2026-09-29T03:58:58.984726+00:00
O002256,2026-02-27,C00355,P015,8,818.78,6550.24,sales.csv,2026-09-29T03:58:58.984726+00:00
O005836,2026-05-12,C00346,P027,3,281.35,844.05,sales.csv,2026-09-29T03:58:58.984726+00:00
O005831,2026-02-03,C00055,P007,10,875.79,8757.90,sales.csv,2026-09-29T03:58:58.984726+00:00
O007286,2026-04-21,C00021,P039,2,767.24,1534.48,sales.csv,2026-09-29T03:58:58.984726+00:00
O005769,2026-01-09,C00104,P020,4,775.17,3100.68,sales.csv,2026-09-29T03:58:58.984726+00:00
O008348,2026-01-05,C00010,P024,2,43.41,86.82,sales.csv,2026-09-29T03:58:58.984726+00:00
O004097,2026-03-10,C00066,P007,7,269.55,1886.85,sales.csv,2026-09-29T03:58:58.984726+00:00
O007775,2026-04-23,C00228,P028,6,498.07,2988.42,sales.csv,2026-09-29T03:58:58.984726+00:00
O001246,2026-05-09,C00151,P022,2,673.77,1347.54,sales.csv,2026-09-29T03:58:58.984726+00:00
O007605,2026-02-16,C00295,P046,3,651.61,1954.83,sales.csv,2026-09-29T03:58:58.984726+00:00
O002750,2026-06-14,C00030,P048,4,918.17,3672.68,sales.csv,2026-09-29T03:58:58.984726+00:00
O005668,2026-01-08,C00114,P013,2,695.48,1390.96,sales.csv,2026-09-29T03:58:58.984726+00:00
O007509,2026-05-26,C00219,P039,7,372.43,2607.01,sales.csv,2026-09-29T03:58:58.984726+00:00
O007985,2026-06-29,C00022,P012,9,640.19,5761.71,sales.csv,2026-09-29T03:58:58.984726+00:00
O001886,2026-04-24,C00236,P003,1,232.82,232.82,sales.csv,2026-09-29T03:58:58.984726+00:00
O007787,2026-03-06,C00237,P030,4,378.14,1512.56,sales.csv,2026-09-29T03:58:58.984726+00:00
O004349,2026-04-10,C00139,P011,8,290.09,2320.72,sales.csv,2026-09-29T03:58:58.984726+00:00
O008337,2026-01-11,C00455,P031,9,688.81,6199.29,sales.csv,2026-09-29T03:58:58.984726+00:00
O006838,2026-01-21,C00100,P015,4,357.74,1430.96,sales.csv,2026-09-29T03:58:58.984726+00:00
O002936,2026-04-27,C00291,P023,5,145.42,727.10,sales.csv,2026-09-29T03:58:58.984726+00:00
O000371,2026-04-23,C00035,P031,8,828.56,6628.48,sales.csv,2026-09-29T03:58:58.984726+00:00
O002268,2026-04-06,C00339,P011,9,817.84,7360.56,sales.csv,2026-09-29T03:58:58.984726+00:00
O005574,2026-05-04,C00253,P025,2,853.81,1707.62,sales.csv,2026-09-29T03:58:58.984726+00:00
O002612,2026-04-21,C00095,P017,8,477.55,3820.40,sales.csv,2026-09-29T03:58:58.984726+00:00
O003284,2026-02-14,C00228,P003,5,798.61,3993.05,sales.csv,2026-09-29T03:58:58.984726+00:00
O001139,2026-01-23,C00145,P049,8,500.92,4007.36,sales.csv,2026-09-29T03:58:58.984726+00:00
O007781,2026-04-16,C00410,P037,3,185.63,556.89,sales.csv,2026-09-29T03:58:58.984726+00:00
O001812,2026-01-07,C00406,P001,3,345.29,1035.87,sales.csv,2026-09-29T03:58:58.984726+00:00
O006804,2026-02-24,C00482,P043,5,539.47,2697.35,sales.csv,2026-09-29T03:58:58.984726+00:00
O007444,2026-02-16,C00362,P013,7,49.91,349.37,sales.csv,2026-09-29T03:58:58.984726+00:00
O009437,2026-03-06,C00234,P046,2,484.20,968.40,sales.csv,2026-09-29T03:58:58.984726+00:00
O002258,2026-04-07,C00106,P026,3,9.81,29.43,sales.csv,2026-09-29T03:58:58.984726+00:00
O004469,2026-03-12,C00170,P047,3,611.37,1834.11,sales.csv,2026-09-29T03:58:58.984726+00:00
O000833,2026-01-01,C00389,P043,7,968.41,6778.87,sales.csv,2026-09-29T03:58:58.984726+00:00
O004092,2026-04-18,C00102,P018,1,561.60,561.60,sales.csv,2026-09-29T03:58:58.984726+00:00
O001811,2026-03-19,C00253,P036,8,295.28,2362.24,sales.csv,2026-09-29T03:58:58.984726+00:00
O001880,2026-06-09,C00050,P049,2,867.49,1734.98,sales.csv,2026-09-29T03:58:58.984726+00:00
O005139,2026-01-29,C00173,P014,3,455.85,1367.55,sales.csv,2026-09-29T03:58:58.984726+00:00
O005984,2026-04-04,C00357,P048,3,118.23,354.69,sales.csv,2026-09-29T03:58:58.984726+00:00
O002048,2026-04-12,C00060,P001,3,860.57,2581.71,sales.csv,2026-09-29T03:58:58.984726+00:00
O008625,2026-06-09,C00442,P033,6,674.18,4045.08,sales.csv,2026-09-29T03:58:58.984726+00:00
O001439,2026-05-05,C00444,P039,9,116.37,1047.33,sales.csv,2026-09-29T03:58:58.984726+00:00
O004694,2026-06-21,C00144,P035,6,961.61,5769.66,sales.csv,2026-09-29T03:58:58.984726+00:00
O000322,2026-01-25,C00161,P028,6,872.77,5236.62,sales.csv,2026-09-29T03:58:58.984726+00:00
O004878,2026-05-25,C00044,P020,10,529.52,5295.20,sales.csv,2026-09-29T03:58:58.984726+00:00
O008346,2026-04-12,C00168,P005,3,819.81,2459.43,sales.csv,2026-09-29T03:58:58.984726+00:00
O000803,2026-02-09,C00275,P021,7,769.65,5387.55,sales.csv,2026-09-29T03:58:58.984726+00:00
O001363,2026-03-24,C00370,P005,9,508.89,4580.01,sales.csv,2026-09-29T03:58:58.984726+00:00
O000352,2026-01-31,C00004,P032,7,231.28,1618.96,sales.csv,2026-09-29T03:58:58.984726+00:00
O000974,2026-06-25,C00056,P031,2,441.77,883.54,sales.csv,2026-09-29T03:58:58.984726+00:00
O005426,2026-04-29,C00171,P026,6,694.06,4164.36,sales.csv,2026-09-29T03:58:58.984726+00:00
O005366,2026-01-10,C00290,P034,8,283.61,2268.88,sales.csv,2026-09-29T03:58:58.984726+00:00
O008814,2026-06-04,C00294,P006,7,896.18,6273.26,sales.csv,2026-09-29T03:58:58.984726+00:00
O000649,2026-04-14,C00195,P025,9,624.90,5624.10,sales.csv,2026-09-29T03:58:58.984726+00:00
O002117,2026-03-08,C00322,P033,6,163.28,979.68,sales.csv,2026-09-29T03:58:58.984726+00:00
O005401,2026-03-31,C00473,P019,7,862.74,6039.18,sales.csv,2026-09-29T03:58:58.984726+00:00
O000606,2026-06-23,C00219,P036,8,62.45,499.60,sales.csv,2026-09-29T03:58:58.984726+00:00
O006767,2026-01-09,C00164,P015,10,172.03,1720.30,sales.csv,2026-09-29T03:58:58.984726+00:00
O005778,2026-02-17,C00280,P009,7,175.64,1229.48,sales.csv,2026-09-29T03:58:58.984726+00:00
O008402,2026-01-28,C00450,P023,3,238.94,716.82,sales.csv,2026-09-29T03:58:58.984726+00:00
O004110,2026-03-20,C00223,P038,10,507.85,5078.50,sales.csv,2026-09-29T03:58:58.984726+00:00
O008419,2026-04-12,C00357,P016,1,933.92,933.92,sales.csv,2026-09-29T03:58:58.984726+00:00
O002911,2026-06-09,C00245,P048,5,902.69,4513.45,sales.csv,2026-09-29T03:58:58.984726+00:00
O000948,2026-04-06,C00011,P022,5,408.56,2042.80,sales.csv,2026-09-29T03:58:58.984726+00:00
O004012,2026-03-23,C00180,P002,5,919.33,4596.65,sales.csv,2026-09-29T03:58:58.984726+00:00
O001809,2026-02-05,C00103,P012,7,380.40,2662.80,sales.csv,2026-09-29T03:58:58.984726+00:00
O009472,2026-03-03,C00208,P041,8,980.61,7844.88,sales.csv,2026-09-29T03:58:58.984726+00:00
O007029,2026-04-09,C00315,P031,7,342.02,2394.14,sales.csv,2026-09-29T03:58:58.984726+00:00
O009086,2026-02-21,C00175,P010,6,974.56,5847.36,sales.csv,2026-09-29T03:58:58.984726+00:00
O003815,2026-05-01,C00359,P018,4,149.58,598.32,sales.csv,2026-09-29T03:58:58.984726+00:00
O003033,2026-01-10,C00178,P005,7,785.00,5495.00,sales.csv,2026-09-29T03:58:58.984726+00:00
O007054,2026-01-17,C00368,P026,8,525.55,4204.40,sales.csv,2026-09-29T03:58:58.984726+00:00
O006356,2026-06-08,C00162,P026,2,17.68,35.36,sales.csv,2026-09-29T03:58:58.984726+00:00
O003665,2026-03-17,C00315,P037,2,425.45,850.90,sales.csv,2026-09-29T03:58:58.984726+00:00
O006495,2026-03-10,C00354,P022,3,510.87,1532.61,sales.csv,2026-09-29T03:58:58.984726+00:00
O006649,2026-01-12,C00125,P046,6,58.98,353.88,sales.csv,2026-09-29T03:58:58.984726+00:00
O008087,2026-06-08,C00081,P024,6,115.82,694.92,sales.csv,2026-09-29T03:58:58.984726+00:00
O006087,2026-02-13,C00305,P003,3,245.01,735.03,sales.csv,2026-09-29T03:58:58.984726+00:00
O006899,2026-01-26,C00249,P009,9,185.44,1668.96,sales.csv,2026-09-29T03:58:58.984726+00:00
O005096,2026-01-12,C00017,P030,2,564.85,1129.70,sales.csv,2026-09-29T03:58:58.984726+00:00
O001818,2026-05-25,C00224,P017,8,910.96,7287.68,sales.csv,2026-09-29T03:58:58.984726+00:00
O007191,2026-01-25,C00286,P038,2,980.10,1960.20,sales.csv,2026-09-29T03:58:58.984726+00:00
O008828,2026-01-18,C00332,P029,4,356.07,1424.28,sales.csv,2026-09-29T03:58:58.984726+00:00
O005581,2026-04-18,C00297,P035,4,710.12,2840.48,sales.csv,2026-09-29T03:58:58.984726+00:00
O008609,2026-06-21,C00179,P027,2,92.62,185.24,sales.csv,2026-09-29T03:58:58.984726+00:00
O002633,2026-02-17,C00002,P011,10,286.48,2864.80,sales.csv,2026-09-29T03:58:58.984726+00:00
O005301,2026-01-17,C00013,P024,6,851.75,5110.50,sales.csv,2026-09-29T03:58:58.984726+00:00
O003893,2026-06-12,C00469,P031,5,728.44,3642.20,sales.csv,2026-09-29T03:58:58.984726+00:00
O005107,2026-02-24,C00462,P050,2,47.55,95.10,sales.csv,2026-09-29T03:58:58.984726+00:00
O003603,2026-02-28,C00356,P034,3,491.82,1475.46,sales.csv,2026-09-29T03:58:58.984726+00:00
O009401,2026-02-08,C00373,P027,5,361.20,1806.00,sales.csv,2026-09-29T03:58:58.984726+00:00
O000046,2026-03-21,C00205,P043,6,575.22,3451.32,sales.csv,2026-09-29T03:58:58.984726+00:00
O007314,2026-05-01,C00186,P050,6,579.76,3478.56,sales.csv,2026-09-29T03:58:58.984726+00:00
O001335,2026-05-01,C00093,P013,5,501.14,2505.70,sales.csv,2026-09-29T03:58:58.984726+00:00
O006510,2026-01-10,C00328,P031,5,955.10,4775.50,sales.csv,2026-09-29T03:58:58.984726+00:00
O007858,2026-04-20,C00263,P020,2,704.93,1409.86,sales.csv,2026-09-29T03:58:58.984726+00:00
O002043,2026-04-17,C00449,P046,5,412.49,2062.45,sales.csv,2026-09-29T03:58:58.984726+00:00
O007145,2026-06-29,C00050,P003,2,521.31,1042.62,sales.csv,2026-09-29T03:58:58.984726+00:00
O002693,2026-01-23,C00121,P024,1,267.44,267.44,sales.csv,2026-09-29T03:58:58.984726+00:00
O002332,2026-05-28,C00021,P048,2,378.37,756.74,sales.csv,2026-09-29T03:58:58.984726+00:00
O000112,2026-04-21,C00036,P043,6,817.78,4906.68,sales.csv,2026-09-29T03:58:58.984726+00:00
O001688,2026-02-14,C00324,P004,5,128.52,642.60,sales.csv,2026-09-29T03:58:58.984726+00:00
O006616,2026-01-06,C00478,P027,3,309.76,929.28,sales.csv,2026-09-29T03:58:58.984726+00:00
O008921,2026-05-27,C00338,P025,9,22.70,204.30,sales.csv,2026-09-29T03:58:58.984726+00:00
O006600,2026-02-10,C00104,P001,9,685.17,6166.53,sales.csv,2026-09-29T03:58:58.984726+00:00
O009294,2026-03-14,C00354,P044,1,382.49,382.49,sales.csv,2026-09-29T03:58:58.984726+00:00
O001013,2026-05-10,C00087,P008,6,933.06,5598.36,sales.csv,2026-09-29T03:58:58.984726+00:00
O004338,2026-03-12,C00228,P043,4,833.37,3333.48,sales.csv,2026-09-29T03:58:58.984726+00:00
O002112,2026-01-24,C00262,P036,5,684.32,3421.60,sales.csv,2026-09-29T03:58:58.984726+00:00
O003330,2026-02-24,C00468,P031,7,608.49,4259.43,sales.csv,2026-09-29T03:58:58.984726+00:00
O004749,2026-03-05,C00342,P039,8,996.81,7974.48,sales.csv,2026-09-29T03:58:58.984726+00:00
O007415,2026-04-15,C00405,P022,7,467.54,3272.78,sales.csv,2026-09-29T03:58:58.984726+00:00
O006894,2026-02-26,C00003,P025,9,850.71,7656.39,sales.csv,2026-09-29T03:58:58.984726+00:00
O001867,2026-04-23,C00268,P043,2,157.26,314.52,sales.csv,2026-09-29T03:58:58.984726+00:00
O001921,2026-05-28,C00256,P014,8,352.18,2817.44,sales.csv,2026-09-29T03:58:58.984726+00:00
O003818,2026-05-03,C00088,P050,1,769.31,769.31,sales.csv,2026-09-29T03:58:58.984726+00:00
O002409,2026-04-06,C00197,P032,5,841.23,4206.15,sales.csv,2026-09-29T03:58:58.984726+00:00
O007412,2026-05-29,C00315,P029,10,787.78,7877.80,sales.csv,2026-09-29T03:58:58.984726+00:00
O008992,2026-03-06,C00271,P026,10,433.50,4335.00,sales.csv,2026-09-29T03:58:58.984726+00:00
O006169,2026-06-01,C00114,P025,1,911.72,911.72,sales.csv,2026-09-29T03:58:58.984726+00:00
O003490,2026-04-05,C00075,P020,6,953.51,5721.06,sales.csv,2026-09-29T03:58:58.984726+00:00
O000780,2026-02-04,C00329,P044,3,90.66,271.98,sales.csv,2026-09-29T03:58:58.984726+00:00
O001951,2026-05-22,C00197,P020,6,899.16,5394.96,sales.csv,2026-09-29T03:58:58.984726+00:00
O003223,2026-04-29,C00363,P031,9,728.19,6553.71,sales.csv,2026-09-29T03:58:58.984726+00:00
O005049,2026-03-17,C00284,P010,7,701.31,4909.17,sales.csv,2026-09-29T03:58:58.984726+00:00
O009468,2026-01-23,C00464,P027,6,446.32,2677.92,sales.csv,2026-09-29T03:58:58.984726+00:00
O006168,2026-02-11,C00153,P030,2,114.82,229.64,sales.csv,2026-09-29T03:58:58.984726+00:00
O002262,2026-01-08,C00102,P013,5,229.25,1146.25,sales.csv,2026-09-29T03:58:58.984726+00:00
O003521,2026-05-18,C00252,P019,10,438.45,4384.50,sales.csv,2026-09-29T03:58:58.984726+00:00
O004337,2026-03-25,C00211,P025,9,892.70,8034.30,sales.csv,2026-09-29T03:58:58.984726+00:00
O001928,2026-06-25,C00308,P016,7,313.58,2195.06,sales.csv,2026-09-29T03:58:58.984726+00:00
O007548,2026-05-21,C00296,P025,10,438.07,4380.70,sales.csv,2026-09-29T03:58:58.984726+00:00
O001333,2026-01-21,C00432,P049,3,74.45,223.35,sales.csv,2026-09-29T03:58:58.984726+00:00
O006018,2026-05-05,C00163,P020,4,695.78,2783.12,sales.csv,2026-09-29T03:58:58.984726+00:00
O006135,2026-01-02,C00155,P050,9,634.21,5707.89,sales.csv,2026-09-29T03:58:58.984726+00:00
O004521,2026-03-29,C00153,P016,8,875.39,7003.12,sales.csv,2026-09-29T03:58:58.984726+00:00
O002295,2026-01-31,C00037,P024,1,716.68,716.68,sales.csv,2026-09-29T03:58:58.984726+00:00
O002008,2026-02-13,C00384,P033,5,739.25,3696.25,sales.csv,2026-09-29T03:58:58.984726+00:00
O002152,2026-03-13,C00331,P006,3,927.95,2783.85,sales.csv,2026-09-29T03:58:58.984726+00:00
O000001,2026-06-13,C00058,P002,5,321.98,1609.90,sales.csv,2026-09-29T03:58:58.984726+00:00
O006483,2026-03-03,C00391,P011,7,604.17,4229.19,sales.csv,2026-09-29T03:58:58.984726+00:00
O005330,2026-03-09,C00274,P017,7,628.14,4396.98,sales.csv,2026-09-29T03:58:58.984726+00:00
O006038,2026-02-07,C00243,P013,10,549.03,5490.30,sales.csv,2026-09-29T03:58:58.984726+00:00
O000492,2026-03-23,C00376,P023,7,172.39,1206.73,sales.csv,2026-09-29T03:58:58.984726+00:00
O008330,2026-04-29,C00442,P028,2,136.54,273.08,sales.csv,2026-09-29T03:58:58.984726+00:00
O005341,2026-01-30,C00273,P004,5,521.11,2605.55,sales.csv,2026-09-29T03:58:58.984726+00:00
O002064,2026-05-05,C00263,P038,10,890.54,8905.40,sales.csv,2026-09-29T03:58:58.984726+00:00
O000641,2026-05-22,C00211,P001,1,694.91,694.91,sales.csv,2026-09-29T03:58:58.984726+00:00
O006780,2026-05-30,C00263,P028,7,254.39,1780.73,sales.csv,2026-09-29T03:58:58.984726+00:00
O004900,2026-05-19,C00280,P009,1,659.67,659.67,sales.csv,2026-09-29T03:58:58.984726+00:00
O002337,2026-05-26,C00049,P026,1,315.17,315.17,sales.csv,2026-09-29T03:58:58.984726+00:00
O000083,2026-01-27,C00481,P009,5,152.29,761.45,sales.csv,2026-09-29T03:58:58.984726+00:00
O005069,2026-03-13,C00048,P039,10,528.97,5289.70,sales.csv,2026-09-29T03:58:58.984726+00:00
O005599,2026-04-14,C00142,P005,9,254.67,2292.03,sales.csv,2026-09-29T03:58:58.984726+00:00
O004176,2026-05-13,C00300,P008,8,995.17,7961.36,sales.csv,2026-09-29T03:58:58.984726+00:00
O005159,2026-01-04,C00330,P002,7,749.67,5247.69,sales.csv,2026-09-29T03:58:58.984726+00:00
O007006,2026-03-27,C00126,P009,3,261.07,783.21,sales.csv,2026-09-29T03:58:58.984726+00:00
O001286,2026-04-03,C00185,P036,9,338.79,3049.11,sales.csv,2026-09-29T03:58:58.984726+00:00
O001935,2026-03-22,C00309,P020,2,534.47,1068.94,sales.csv,2026-09-29T03:58:58.984726+00:00
O008231,2026-02-26,C00335,P031,6,753.51,4521.06,sales.csv,2026-09-29T03:58:58.984726+00:00
O002509,2026-03-12,C00356,P048,2,778.09,1556.18,sales.csv,2026-09-29T03:58:58.984726+00:00
O001510,2026-05-15,C00212,P034,4,913.03,3652.12,sales.csv,2026-09-29T03:58:58.984726+00:00
O006488,2026-06-25,C00094,P002,10,124.10,1241.00,sales.csv,2026-09-29T03:58:58.984726+00:00
O009178,2026-02-09,C00496,P017,3,156.12,468.36,sales.csv,2026-09-29T03:58:58.984726+00:00
O000798,2026-01-11,C00473,P004,7,665.02,4655.14,sales.csv,2026-09-29T03:58:58.984726+00:00
O003594,2026-01-07,C00494,P035,3,124.97,374.91,sales.csv,2026-09-29T03:58:58.984726+00:00
O001524,2026-03-24,C00393,P001,2,899.93,1799.86,sales.csv,2026-09-29T03:58:58.984726+00:00
O008775,2026-01-30,C00458,P037,7,32.36,226.52,sales.csv,2026-09-29T03:58:58.984726+00:00
O008962,2026-05-25,C00110,P039,2,559.47,1118.94,sales.csv,2026-09-29T03:58:58.984726+00:00
O003126,2026-02-02,C00206,P045,9,317.45,2857.05,sales.csv,2026-09-29T03:58:58.984726+00:00
O007610,2026-01-23,C00273,P025,7,43.24,302.68,sales.csv,2026-09-29T03:58:58.984726+00:00
O000227,2026-01-01,C00337,P035,8,542.65,4341.20,sales.csv,2026-09-29T03:58:58.984726+00:00
O009251,2026-02-26,C00235,P014,1,361.23,361.23,sales.csv,2026-09-29T03:58:58.984726+00:00
O004501,2026-03-03,C00232,P018,6,443.62,2661.72,sales.csv,2026-09-29T03:58:58.984726+00:00
O001012,2026-02-03,C00109,P047,1,773.92,773.92,sales.csv,2026-09-29T03:58:58.984726+00:00
O002499,2026-04-02,C00499,P031,3,69.77,209.31,sales.csv,2026-09-29T03:58:58.984726+00:00
O009381,2026-04-09,C00455,P003,10,894.45,8944.50,sales.csv,2026-09-29T03:58:58.984726+00:00
O007103,2026-03-14,C00082,P025,7,865.36,6057.52,sales.csv,2026-09-29T03:58:58.984726+00:00
O004782,2026-03-28,C00107,P035,1,866.51,866.51,sales.csv,2026-09-29T03:58:58.984726+00:00
O007978,2026-05-13,C00255,P013,2,330.77,661.54,sales.csv,2026-09-29T03:58:58.984726+00:00
O003563,2026-01-08,C00255,P014,5,530.07,2650.35,sales.csv,2026-09-29T03:58:58.984726+00:00
O003930,2026-02-09,C00281,P006,4,588.85,2355.40,sales.csv,2026-09-29T03:58:58.984726+00:00
O002694,2026-01-05,C00186,P036,8,176.10,1408.80,sales.csv,2026-09-29T03:58:58.984726+00:00
O007917,2026-03-25,C00483,P042,10,939.44,9394.40,sales.csv,2026-09-29T03:58:58.984726+00:00
O009183,2026-06-26,C00211,P047,6,760.41,4562.46,sales.csv,2026-09-29T03:58:58.984726+00:00
O001675,2026-01-11,C00496,P025,4,392.73,1570.92,sales.csv,2026-09-29T03:58:58.984726+00:00
O001190,2026-06-22,C00246,P031,4,775.36,3101.44,sales.csv,2026-09-29T03:58:58.984726+00:00
O008590,2026-02-14,C00299,P016,8,136.91,1095.28,sales.csv,2026-09-29T03:58:58.984726+00:00
O004223,2026-02-27,C00353,P019,1,516.62,516.62,sales.csv,2026-09-29T03:58:58.984726+00:00
O001241,2026-06-30,C00036,P006,9,373.89,3365.01,sales.csv,2026-09-29T03:58:58.984726+00:00
O007136,2026-03-14,C00484,P009,7,895.10,6265.70,sales.csv,2026-09-29T03:58:58.984726+00:00
O004890,2026-01-28,C00399,P030,10,864.28,8642.80,sales.csv,2026-09-29T03:58:58.984726+00:00
O002342,2026-04-15,C00231,P011,5,272.80,1364.00,sales.csv,2026-09-29T03:58:58.984726+00:00
O007085,2026-04-14,C00265,P021,7,370.40,2592.80,sales.csv,2026-09-29T03:58:58.984726+00:00
O002324,2026-01-29,C00067,P035,7,627.85,4394.95,sales.csv,2026-09-29T03:58:58.984726+00:00
O008626,2026-04-13,C00193,P015,6,568.55,3411.30,sales.csv,2026-09-29T03:58:58.984726+00:00
O005166,2026-01-06,C00002,P026,8,601.93,4815.44,sales.csv,2026-09-29T03:58:58.984726+00:00
O000133,2026-03-23,C00487,P049,8,804.01,6432.08,sales.csv,2026-09-29T03:58:58.984726+00:00
O007370,2026-05-30,C00386,P006,10,348.11,3481.10,sales.csv,2026-09-29T03:58:58.984726+00:00
O004250,2026-06-06,C00101,P028,1,597.31,597.31,sales.csv,2026-09-29T03:58:58.984726+00:00
O002255,2026-01-11,C00254,P015,1,838.24,838.24,sales.csv,2026-09-29T03:58:58.984726+00:00
O006148,2026-06-18,C00300,P050,3,476.02,1428.06,sales.csv,2026-09-29T03:58:58.984726+00:00
O001556,2026-06-30,C00412,P019,10,321.89,3218.90,sales.csv,2026-09-29T03:58:58.984726+00:00
O000943,2026-04-16,C00136,P025,8,750.76,6006.08,sales.csv,2026-09-29T03:58:58.984726+00:00
O007416,2026-05-13,C00378,P007,9,813.39,7320.51,sales.csv,2026-09-29T03:58:58.984726+00:00
O003029,2026-04-18,C00134,P013,6,78.84,473.04,sales.csv,2026-09-29T03:58:58.984726+00:00
O001437,2026-01-05,C00150,P042,7,303.99,2127.93,sales.csv,2026-09-29T03:58:58.984726+00:00
O001175,2026-05-04,C00481,P023,1,287.81,287.81,sales.csv,2026-09-29T03:58:58.984726+00:00
O008372,2026-01-02,C00163,P002,10,535.70,5357.00,sales.csv,2026-09-29T03:58:58.984726+00:00
O005903,2026-03-09,C00485,P035,6,16.11,96.66,sales.csv,2026-09-29T03:58:58.984726+00:00
O002414,2026-01-15,C00334,P025,7,965.24,6756.68,sales.csv,2026-09-29T03:58:58.984726+00:00
O005721,2026-02-02,C00345,P026,1,978.96,978.96,sales.csv,2026-09-29T03:58:58.984726+00:00
O008472,2026-05-08,C00250,P050,9,794.92,7154.28,sales.csv,2026-09-29T03:58:58.984726+00:00
O004841,2026-05-31,C00249,P043,8,163.95,1311.60,sales.csv,2026-09-29T03:58:58.984726+00:00
O005695,2026-06-21,C00315,P047,8,764.93,6119.44,sales.csv,2026-09-29T03:58:58.984726+00:00
O006092,2026-03-05,C00106,P012,1,220.90,220.90,sales.csv,2026-09-29T03:58:58.984726+00:00
O005292,2026-03-10,C00433,P044,8,64.71,517.68,sales.csv,2026-09-29T03:58:58.984726+00:00
O002436,2026-04-07,C00064,P018,2,449.46,898.92,sales.csv,2026-09-29T03:58:58.984726+00:00
O003335,2026-06-21,C00380,P038,1,291.57,291.57,sales.csv,2026-09-29T03:58:58.984726+00:00
O009073,2026-05-01,C00151,P044,7,680.93,4766.51,sales.csv,2026-09-29T03:58:58.984726+00:00
O006022,2026-01-13,C00083,P037,3,436.59,1309.77,sales.csv,2026-09-29T03:58:58.984726+00:00
O007049,2026-02-22,C00118,P042,10,695.28,6952.80,sales.csv,2026-09-29T03:58:58.984726+00:00
O005250,2026-02-08,C00052,P044,9,673.71,6063.39,sales.csv,2026-09-29T03:58:58.984726+00:00
O007965,2026-06-11,C00386,P049,9,13.85,124.65,sales.csv,2026-09-29T03:58:58.984726+00:00
O002204,2026-05-07,C00464,P046,10,275.05,2750.50,sales.csv,2026-09-29T03:58:58.984726+00:00
O002740,2026-05-08,C00049,P030,6,223.45,1340.70,sales.csv,2026-09-29T03:58:58.984726+00:00
O001547,2026-03-21,C00478,P003,10,115.13,1151.30,sales.csv,2026-09-29T03:58:58.984726+00:00
O002428,2026-01-25,C00036,P050,7,689.07,4823.49,sales.csv,2026-09-29T03:58:58.984726+00:00
O008667,2026-05-12,C00344,P017,7,655.65,4589.55,sales.csv,2026-09-29T03:58:58.984726+00:00
O004553,2026-06-19,C00137,P006,9,502.26,4520.34,sales.csv,2026-09-29T03:58:58.984726+00:00
O006210,2026-06-12,C00211,P048,2,385.82,771.64,sales.csv,2026-09-29T03:58:58.984726+00:00
O007802,2026-03-09,C00322,P041,2,254.51,509.02,sales.csv,2026-09-29T03:58:58.984726+00:00
O002127,2026-01-21,C00048,P004,7,171.47,1200.29,sales.csv,2026-09-29T03:58:58.984726+00:00
O005209,2026-05-03,C00084,P001,1,233.82,233.82,sales.csv,2026-09-29T03:58:58.984726+00:00
O007792,2026-03-07,C00054,P015,6,355.37,2132.22,sales.csv,2026-09-29T03:58:58.984726+00:00
O009375,2026-01-02,C00155,P048,10,121.13,1211.30,sales.csv,2026-09-29T03:58:58.984726+00:00
O005936,2026-04-29,C00128,P001,7,307.05,2149.35,sales.csv,2026-09-29T03:58:58.984726+00:00
O000334,2026-06-09,C00315,P044,9,35.41,318.69,sales.csv,2026-09-29T03:58:58.984726+00:00
O002543,2026-05-15,C00373,P020,10,642.75,6427.50,sales.csv,2026-09-29T03:58:58.984726+00:00
O003758,2026-01-31,C00203,P013,2,728.12,1456.24,sales.csv,2026-09-29T03:58:58.984726+00:00
O006436,2026-01-29,C00295,P042,3,515.35,1546.05,sales.csv,2026-09-29T03:58:58.984726+00:00
O007510,2026-03-25,C00108,P021,10,126.99,1269.90,sales.csv,2026-09-29T03:58:58.984726+00:00
O009280,2026-02-25,C00292,P008,3,246.89,740.67,sales.csv,2026-09-29T03:58:58.984726+00:00
O006150,2026-04-06,C00042,P038,7,222.21,1555.47,sales.csv,2026-09-29T03:58:58.984726+00:00
O003697,2026-01-08,C00333,P032,2,435.88,871.76,sales.csv,2026-09-29T03:58:58.984726+00:00
O008306,2026-03-05,C00411,P048,7,923.05,6461.35,sales.csv,2026-09-29T03:58:58.984726+00:00
O001513,2026-06-26,C00310,P046,5,560.74,2803.70,sales.csv,2026-09-29T03:58:58.984726+00:00
O001821,2026-03-23,C00237,P045,3,469.43,1408.29,sales.csv,2026-09-29T03:58:58.984726+00:00
O001865,2026-05-02,C00481,P044,6,236.00,1416.00,sales.csv,2026-09-29T03:58:58.984726+00:00
O006275,2026-01-13,C00105,P002,9,825.57,7430.13,sales.csv,2026-09-29T03:58:58.984726+00:00
O001123,2026-05-13,C00421,P050,6,675.11,4050.66,sales.csv,2026-09-29T03:58:58.984726+00:00
O002080,2026-05-09,C00017,P005,6,565.42,3392.52,sales.csv,2026-09-29T03:58:58.984726+00:00
O008504,2026-04-15,C00007,P037,7,908.81,6361.67,sales.csv,2026-09-29T03:58:58.984726+00:00
O000581,2026-03-20,C00371,P002,7,334.52,2341.64,sales.csv,2026-09-29T03:58:58.984726+00:00
O000326,2026-05-23,C00031,P038,9,737.20,6634.80,sales.csv,2026-09-29T03:58:58.984726+00:00
O000647,2026-05-25,C00125,P045,4,394.18,1576.72,sales.csv,2026-09-29T03:58:58.984726+00:00
O004332,2026-04-12,C00069,P014,5,148.60,743.00,sales.csv,2026-09-29T03:58:58.984726+00:00
O005829,2026-03-30,C00424,P045,6,766.91,4601.46,sales.csv,2026-09-29T03:58:58.984726+00:00
O000971,2026-06-23,C00267,P040,7,767.09,5369.63,sales.csv,2026-09-29T03:58:58.984726+00:00
O007102,2026-06-17,C00304,P050,9,214.77,1932.93,sales.csv,2026-09-29T03:58:58.984726+00:00
O001980,2026-04-21,C00439,P014,10,283.54,2835.40,sales.csv,2026-09-29T03:58:58.984726+00:00
O004618,2026-03-27,C00277,P029,2,901.13,1802.26,sales.csv,2026-09-29T03:58:58.984726+00:00
O001956,2026-03-23,C00451,P050,7,45.40,317.80,sales.csv,2026-09-29T03:58:58.984726+00:00
O001028,2026-06-26,C00478,P031,6,308.37,1850.22,sales.csv,2026-09-29T03:58:58.984726+00:00
O001389,2026-05-21,C00475,P048,5,472.87,2364.35,sales.csv,2026-09-29T03:58:58.984726+00:00
O006768,2026-02-17,C00341,P012,1,489.16,489.16,sales.csv,2026-09-29T03:58:58.984726+00:00
O007042,2026-02-03,C00295,P008,5,573.89,2869.45,sales.csv,2026-09-29T03:58:58.984726+00:00
O008856,2026-05-28,C00235,P024,5,227.04,1135.20,sales.csv,2026-09-29T03:58:58.984726+00:00
O008122,2026-06-22,C00343,P019,8,203.29,1626.32,sales.csv,2026-09-29T03:58:58.984726+00:00
O000996,2026-05-05,C00171,P041,3,411.79,1235.37,sales.csv,2026-09-29T03:58:58.984726+00:00
O008032,2026-06-07,C00469,P037,1,297.73,297.73,sales.csv,2026-09-29T03:58:58.984726+00:00
O004356,2026-03-06,C00415,P016,9,805.25,7247.25,sales.csv,2026-09-29T03:58:58.984726+00:00
O008582,2026-01-11,C00453,P010,3,861.67,2585.01,sales.csv,2026-09-29T03:58:58.984726+00:00
O001599,2026-04-09,C00432,P024,7,203.20,1422.40,sales.csv,2026-09-29T03:58:58.984726+00:00
O004277,2026-05-09,C00393,P050,9,610.87,5497.83,sales.csv,2026-09-29T03:58:58.984726+00:00
O002961,2026-03-04,C00298,P033,6,167.82,1006.92,sales.csv,2026-09-29T03:58:58.984726+00:00
O009342,2026-03-07,C00148,P027,5,54.83,274.15,sales.csv,2026-09-29T03:58:58.984726+00:00
O003925,2026-02-08,C00053,P034,3,936.66,2809.98,sales.csv,2026-09-29T03:58:58.984726+00:00
O001082,2026-03-29,C00497,P019,8,175.81,1406.48,sales.csv,2026-09-29T03:58:58.984726+00:00
O001075,2026-04-26,C00235,P043,10,661.86,6618.60,sales.csv,2026-09-29T03:58:58.984726+00:00
O007546,2026-02-26,C00010,P047,2,29.48,58.96,sales.csv,2026-09-29T03:58:58.984726+00:00
O001037,2026-04-02,C00458,P029,10,352.67,3526.70,sales.csv,2026-09-29T03:58:58.984726+00:00
O005411,2026-05-09,C00216,P009,10,948.58,9485.80,sales.csv,2026-09-29T03:58:58.984726+00:00
O002588,2026-04-18,C00381,P022,1,211.12,211.12,sales.csv,2026-09-29T03:58:58.984726+00:00
O003276,2026-01-22,C00215,P008,1,582.14,582.14,sales.csv,2026-09-29T03:58:58.984726+00:00
O007969,2026-04-04,C00171,P002,8,731.24,5849.92,sales.csv,2026-09-29T03:58:58.984726+00:00
O007544,2026-04-15,C00441,P036,1,880.72,880.72,sales.csv,2026-09-29T03:58:58.984726+00:00
O003610,2026-01-20,C00129,P046,9,876.71,7890.39,sales.csv,2026-09-29T03:58:58.984726+00:00
O005265,2026-04-27,C00206,P038,5,947.00,4735.00,sales.csv,2026-09-29T03:58:58.984726+00:00
O002682,2026-02-08,C00399,P042,3,420.76,1262.28,sales.csv,2026-09-29T03:58:58.984726+00:00
O006579,2026-05-02,C00306,P032,10,639.29,6392.90,sales.csv,2026-09-29T03:58:58.984726+00:00
O001419,2026-06-25,C00474,P037,2,148.49,296.98,sales.csv,2026-09-29T03:58:58.984726+00:00
O009035,2026-04-13,C00055,P005,3,544.31,1632.93,sales.csv,2026-09-29T03:58:58.984726+00:00
O006688,2026-03-16,C00407,P025,8,930.32,7442.56,sales.csv,2026-09-29T03:58:58.984726+00:00
O006221,2026-01-29,C00006,P050,9,404.78,3643.02,sales.csv,2026-09-29T03:58:58.984726+00:00
O006733,2026-05-01,C00387,P016,4,87.64,350.56,sales.csv,2026-09-29T03:58:58.984726+00:00
O002073,2026-04-10,C00492,P027,6,620.08,3720.48,sales.csv,2026-09-29T03:58:58.984726+00:00
O001227,2026-06-07,C00357,P044,1,211.68,211.68,sales.csv,2026-09-29T03:58:58.984726+00:00
O007078,2026-01-16,C00140,P016,2,457.87,915.74,sales.csv,2026-09-29T03:58:58.984726+00:00
O001845,2026-01-17,C00155,P043,1,990.00,990.00,sales.csv,2026-09-29T03:58:58.984726+00:00
O002147,2026-02-05,C00259,P041,8,999.34,7994.72,sales.csv,2026-09-29T03:58:58.984726+00:00
O006485,2026-02-12,C00225,P031,4,816.20,3264.80,sales.csv,2026-09-29T03:58:58.984726+00:00
O002160,2026-01-22,C00414,P035,10,420.99,4209.90,sales.csv,2026-09-29T03:58:58.984726+00:00
O002166,2026-03-20,C00488,P027,3,78.21,234.63,sales.csv,2026-09-29T03:58:58.984726+00:00
O007684,2026-03-26,C00224,P026,5,268.69,1343.45,sales.csv,2026-09-29T03:58:58.984726+00:00
O001808,2026-02-14,C00285,P030,10,990.91,9909.10,sales.csv,2026-09-29T03:58:58.984726+00:00
O008627,2026-03-25,C00363,P019,2,686.35,1372.70,sales.csv,2026-09-29T03:58:58.984726+00:00
O007737,2026-03-13,C00075,P009,9,369.00,3321.00,sales.csv,2026-09-29T03:58:58.984726+00:00
O001495,2026-06-05,C00452,P032,4,285.26,1141.04,sales.csv,2026-09-29T03:58:58.984726+00:00
O006709,2026-03-13,C00090,P003,3,168.77,506.31,sales.csv,2026-09-29T03:58:58.984726+00:00
O006156,2026-06-15,C00007,P006,3,214.02,642.06,sales.csv,2026-09-29T03:58:58.984726+00:00
O006685,2026-04-06,C00036,P036,6,822.59,4935.54,sales.csv,2026-09-29T03:58:58.984726+00:00
O006406,2026-03-29,C00084,P026,4,245.41,981.64,sales.csv,2026-09-29T03:58:58.984726+00:00
O004445,2026-05-15,C00095,P009,2,80.57,161.14,sales.csv,2026-09-29T03:58:58.984726+00:00
O006134,2026-05-19,C00406,P008,10,237.36,2373.60,sales.csv,2026-09-29T03:58:58.984726+00:00
O005492,2026-03-07,C00128,P015,9,596.59,5369.31,sales.csv,2026-09-29T03:58:58.984726+00:00
O007012,2026-03-21,C00099,P002,1,38.90,38.90,sales.csv,2026-09-29T03:58:58.984726+00:00
O001799,2026-02-07,C00367,P028,6,507.08,3042.48,sales.csv,2026-09-29T03:58:58.984726+00:00
O000382,2026-02-10,C00187,P024,5,508.79,2543.95,sales.csv,2026-09-29T03:58:58.984726+00:00
O002281,2026-05-07,C00243,P018,10,526.52,5265.20,sales.csv,2026-09-29T03:58:58.984726+00:00
O002485,2026-02-27,C00359,P048,1,235.64,235.64,sales.csv,2026-09-29T03:58:58.984726+00:00
O000471,2026-04-12,C00368,P047,8,690.03,5520.24,sales.csv,2026-09-29T03:58:58.984726+00:00
O002379,2026-03-01,C00258,P038,1,305.88,305.88,sales.csv,2026-09-29T03:58:58.984726+00:00
O008026,2026-02-13,C00452,P049,5,390.37,1951.85,sales.csv,2026-09-29T03:58:58.984726+00:00
O007916,2026-01-03,C00199,P018,4,407.53,1630.12,sales.csv,2026-09-29T03:58:58.984726+00:00
O003038,2026-01-06,C00477,P004,1,258.12,258.12,sales.csv,2026-09-29T03:58:58.984726+00:00
O003077,2026-03-28,C00293,P026,1,807.81,807.81,sales.csv,2026-09-29T03:58:58.984726+00:00
O006069,2026-05-23,C00003,P035,4,738.70,2954.80,sales.csv,2026-09-29T03:58:58.984726+00:00
O002344,2026-06-13,C00356,P044,8,500.58,4004.64,sales.csv,2026-09-29T03:58:58.984726+00:00
O000066,2026-05-05,C00080,P013,5,286.34,1431.70,sales.csv,2026-09-29T03:58:58.984726+00:00
O006800,2026-06-01,C00078,P020,2,445.01,890.02,sales.csv,2026-09-29T03:58:58.984726+00:00
O003975,2026-03-14,C00369,P031,4,351.33,1405.32,sales.csv,2026-09-29T03:58:58.984726+00:00
O005484,2026-05-22,C00213,P048,10,66.53,665.30,sales.csv,2026-09-29T03:58:58.984726+00:00
O004288,2026-05-07,C00286,P050,8,508.60,4068.80,sales.csv,2026-09-29T03:58:58.984726+00:00
O001847,2026-05-31,C00462,P013,3,879.96,2639.88,sales.csv,2026-09-29T03:58:58.984726+00:00
O005136,2026-04-23,C00462,P021,10,469.37,4693.70,sales.csv,2026-09-29T03:58:58.984726+00:00
O008735,2026-05-12,C00079,P005,4,252.91,1011.64,sales.csv,2026-09-29T03:58:58.984726+00:00
O009045,2026-02-04,C00031,P028,3,290.88,872.64,sales.csv,2026-09-29T03:58:58.984726+00:00
O006714,2026-06-08,C00380,P002,2,622.74,1245.48,sales.csv,2026-09-29T03:58:58.984726+00:00
O004323,2026-06-06,C00342,P025,4,692.77,2771.08,sales.csv,2026-09-29T03:58:58.984726+00:00
O000672,2026-04-21,C00230,P036,9,672.66,6053.94,sales.csv,2026-09-29T03:58:58.984726+00:00
O008678,2026-03-04,C00295,P033,1,910.38,910.38,sales.csv,2026-09-29T03:58:58.984726+00:00
O008724,2026-04-20,C00280,P027,2,244.32,488.64,sales.csv,2026-09-29T03:58:58.984726+00:00
O003724,2026-05-14,C00047,P043,6,692.19,4153.14,sales.csv,2026-09-29T03:58:58.984726+00:00
O007137,2026-04-04,C00101,P050,8,819.07,6552.56,sales.csv,2026-09-29T03:58:58.984726+00:00
O008580,2026-04-27,C00371,P045,4,854.06,3416.24,sales.csv,2026-09-29T03:58:58.984726+00:00
O006368,2026-05-17,C00213,P009,4,414.15,1656.60,sales.csv,2026-09-29T03:58:58.984726+00:00
O006452,2026-04-25,C00006,P019,8,840.31,6722.48,sales.csv,2026-09-29T03:58:58.984726+00:00
O006989,2026-02-25,C00070,P048,4,109.58,438.32,sales.csv,2026-09-29T03:58:58.984726+00:00
O000535,2026-02-23,C00354,P046,8,416.55,3332.40,sales.csv,2026-09-29T03:58:58.984726+00:00
O001939,2026-05-29,C00487,P050,9,331.04,2979.36,sales.csv,2026-09-29T03:58:58.984726+00:00
O001035,2026-01-30,C00049,P049,1,13.67,13.67,sales.csv,2026-09-29T03:58:58.984726+00:00
O005708,2026-01-22,C00094,P047,4,837.49,3349.96,sales.csv,2026-09-29T03:58:58.984726+00:00
O002595,2026-06-02,C00378,P001,7,630.39,4412.73,sales.csv,2026-09-29T03:58:58.984726+00:00
O003721,2026-04-04,C00073,P016,8,247.86,1982.88,sales.csv,2026-09-29T03:58:58.984726+00:00
O001309,2026-04-24,C00070,P045,9,233.04,2097.36,sales.csv,2026-09-29T03:58:58.984726+00:00
O006785,2026-06-13,C00321,P024,3,816.04,2448.12,sales.csv,2026-09-29T03:58:58.984726+00:00
O001187,2026-03-13,C00109,P010,3,207.25,621.75,sales.csv,2026-09-29T03:58:58.984726+00:00
O007055,2026-04-24,C00007,P026,4,534.45,2137.80,sales.csv,2026-09-29T03:58:58.984726+00:00
O000945,2026-04-14,C00074,P040,10,893.35,8933.50,sales.csv,2026-09-29T03:58:58.984726+00:00
O005231,2026-05-30,C00384,P034,4,157.41,629.64,sales.csv,2026-09-29T03:58:58.984726+00:00
O004199,2026-02-09,C00475,P007,9,664.01,5976.09,sales.csv,2026-09-29T03:58:58.984726+00:00
O000412,2026-04-06,C00121,P025,2,492.40,984.80,sales.csv,2026-09-29T03:58:58.984726+00:00
O002566,2026-06-05,C00022,P039,8,221.89,1775.12,sales.csv,2026-09-29T03:58:58.984726+00:00
O007855,2026-01-05,C00352,P022,3,76.94,230.82,sales.csv,2026-09-29T03:58:58.984726+00:00
O008347,2026-03-25,C00181,P022,2,898.09,1796.18,sales.csv,2026-09-29T03:58:58.984726+00:00
O001694,2026-01-12,C00304,P012,6,83.86,503.16,sales.csv,2026-09-29T03:58:58.984726+00:00
O009396,2026-01-26,C00386,P049,7,594.50,4161.50,sales.csv,2026-09-29T03:58:58.984726+00:00
O005982,2026-06-24,C00350,P023,2,573.69,1147.38,sales.csv,2026-09-29T03:58:58.984726+00:00
O007670,2026-04-27,C00026,P046,4,207.96,831.84,sales.csv,2026-09-29T03:58:58.984726+00:00
O001486,2026-04-03,C00044,P034,7,953.72,6676.04,sales.csv,2026-09-29T03:58:58.984726+00:00
O009065,2026-02-06,C00312,P018,2,400.83,801.66,sales.csv,2026-09-29T03:58:58.984726+00:00
O007088,2026-02-09,C00455,P030,2,531.57,1063.14,sales.csv,2026-09-29T03:58:58.984726+00:00
O000609,2026-03-18,C00193,P012,9,621.65,5594.85,sales.csv,2026-09-29T03:58:58.984726+00:00
O000938,2026-03-12,C00267,P030,1,919.04,919.04,sales.csv,2026-09-29T03:58:58.984726+00:00
O008063,2026-03-08,C00338,P004,5,231.73,1158.65,sales.csv,2026-09-29T03:58:58.984726+00:00
O007886,2026-04-06,C00287,P037,2,247.19,494.38,sales.csv,2026-09-29T03:58:58.984726+00:00
O003526,2026-01-19,C00393,P044,7,363.89,2547.23,sales.csv,2026-09-29T03:58:58.984726+00:00
O007016,2026-03-08,C00224,P023,10,864.37,8643.70,sales.csv,2026-09-29T03:58:58.984726+00:00
O004192,2026-06-20,C00168,P034,3,876.23,2628.69,sales.csv,2026-09-29T03:58:58.984726+00:00
O003929,2026-05-15,C00214,P042,7,911.40,6379.80,sales.csv,2026-09-29T03:58:58.984726+00:00
O009428,2026-05-09,C00198,P036,1,71.92,71.92,sales.csv,2026-09-29T03:58:58.984726+00:00
O007261,2026-02-14,C00273,P018,7,608.49,4259.43,sales.csv,2026-09-29T03:58:58.984726+00:00
O008750,2026-06-17,C00236,P010,4,99.62,398.48,sales.csv,2026-09-29T03:58:58.984726+00:00
O006532,2026-01-20,C00339,P007,6,808.29,4849.74,sales.csv,2026-09-29T03:58:58.984726+00:00
O008655,2026-02-25,C00032,P009,8,290.17,2321.36,sales.csv,2026-09-29T03:58:58.984726+00:00
O003639,2026-05-29,C00345,P046,10,553.90,5539.00,sales.csv,2026-09-29T03:58:58.984726+00:00
O004870,2026-01-19,C00497,P035,7,341.83,2392.81,sales.csv,2026-09-29T03:58:58.984726+00:00
O007389,2026-04-28,C00214,P050,2,897.79,1795.58,sales.csv,2026-09-29T03:58:58.984726+00:00
O009326,2026-02-08,C00139,P046,6,837.35,5024.10,sales.csv,2026-09-29T03:58:58.984726+00:00
O001985,2026-01-03,C00241,P009,6,909.35,5456.10,sales.csv,2026-09-29T03:58:58.984726+00:00
O006318,2026-04-17,C00204,P005,8,747.05,5976.40,sales.csv,2026-09-29T03:58:58.984726+00:00
O003184,2026-05-27,C00449,P011,9,271.27,2441.43,sales.csv,2026-09-29T03:58:58.984726+00:00
O008138,2026-01-13,C00470,P041,8,275.60,2204.80,sales.csv,2026-09-29T03:58:58.984726+00:00
O004280,2026-04-10,C00413,P013,9,329.04,2961.36,sales.csv,2026-09-29T03:58:58.984726+00:00
O003088,2026-01-13,C00120,P008,1,242.50,242.50,sales.csv,2026-09-29T03:58:58.984726+00:00
O003497,2026-01-07,C00165,P028,7,427.88,2995.16,sales.csv,2026-09-29T03:58:58.984726+00:00
O003659,2026-06-29,C00329,P036,5,992.91,4964.55,sales.csv,2026-09-29T03:58:58.984726+00:00
O009318,2026-06-20,C00486,P035,3,918.21,2754.63,sales.csv,2026-09-29T03:58:58.984726+00:00
O000651,2026-05-08,C00433,P028,6,742.67,4456.02,sales.csv,2026-09-29T03:58:58.984726+00:00
O005197,2026-04-04,C00290,P007,7,140.48,983.36,sales.csv,2026-09-29T03:58:58.984726+00:00
O005612,2026-01-27,C00395,P015,1,730.12,730.12,sales.csv,2026-09-29T03:58:58.984726+00:00
O002078,2026-02-23,C00286,P004,1,471.26,471.26,sales.csv,2026-09-29T03:58:58.984726+00:00
O002130,2026-05-13,C00399,P026,5,766.85,3834.25,sales.csv,2026-09-29T03:58:58.984726+00:00
O004030,2026-05-05,C00128,P001,7,976.87,6838.09,sales.csv,2026-09-29T03:58:58.984726+00:00
O003986,2026-04-21,C00045,P039,5,181.40,907.00,sales.csv,2026-09-29T03:58:58.984726+00:00
O004640,2026-05-17,C00253,P025,9,197.49,1777.41,sales.csv,2026-09-29T03:58:58.984726+00:00
O008562,2026-04-28,C00155,P039,1,477.01,477.01,sales.csv,2026-09-29T03:58:58.984726+00:00
O006792,2026-01-27,C00137,P031,6,288.27,1729.62,sales.csv,2026-09-29T03:58:58.984726+00:00
O007587,2026-03-08,C00239,P002,10,966.82,9668.20,sales.csv,2026-09-29T03:58:58.984726+00:00
O000911,2026-06-07,C00458,P031,1,566.34,566.34,sales.csv,2026-09-29T03:58:58.984726+00:00
O006908,2026-05-22,C00138,P029,10,152.81,1528.10,sales.csv,2026-09-29T03:58:58.984726+00:00
O005628,2026-06-14,C00412,P003,1,149.10,149.10,sales.csv,2026-09-29T03:58:58.984726+00:00
O002873,2026-01-12,C00057,P004,5,99.35,496.75,sales.csv,2026-09-29T03:58:58.984726+00:00
O004512,2026-03-24,C00482,P048,4,132.00,528.00,sales.csv,2026-09-29T03:58:58.984726+00:00
O003303,2026-03-29,C00359,P033,9,975.03,8775.27,sales.csv,2026-09-29T03:58:58.984726+00:00
O007822,2026-04-24,C00206,P044,4,463.60,1854.40,sales.csv,2026-09-29T03:58:58.984726+00:00
O006630,2026-03-24,C00253,P039,1,732.15,732.15,sales.csv,2026-09-29T03:58:58.984726+00:00
O005758,2026-06-01,C00163,P014,1,755.11,755.11,sales.csv,2026-09-29T03:58:58.984726+00:00
O006611,2026-06-14,C00469,P044,2,487.97,975.94,sales.csv,2026-09-29T03:58:58.984726+00:00
O002896,2026-04-01,C00221,P014,3,521.26,1563.78,sales.csv,2026-09-29T03:58:58.984726+00:00
O005896,2026-01-09,C00032,P030,10,227.61,2276.10,sales.csv,2026-09-29T03:58:58.984726+00:00
O005464,2026-02-03,C00024,P009,9,388.97,3500.73,sales.csv,2026-09-29T03:58:58.984726+00:00
O000842,2026-03-25,C00163,P029,5,307.19,1535.95,sales.csv,2026-09-29T03:58:58.984726+00:00
O004699,2026-01-02,C00452,P003,1,205.39,205.39,sales.csv,2026-09-29T03:58:58.984726+00:00
O001237,2026-02-13,C00346,P003,6,314.59,1887.54,sales.csv,2026-09-29T03:58:58.984726+00:00
O007211,2026-04-08,C00152,P002,9,247.36,2226.24,sales.csv,2026-09-29T03:58:58.984726+00:00
O000278,2026-02-03,C00047,P019,6,980.73,5884.38,sales.csv,2026-09-29T03:58:58.984726+00:00
O007836,2026-01-14,C00469,P030,4,478.37,1913.48,sales.csv,2026-09-29T03:58:58.984726+00:00
O009420,2026-01-14,C00116,P030,4,302.99,1211.96,sales.csv,2026-09-29T03:58:58.984726+00:00
O008029,2026-05-13,C00254,P011,10,494.34,4943.40,sales.csv,2026-09-29T03:58:58.984726+00:00
O003379,2026-02-23,C00010,P027,3,361.14,1083.42,sales.csv,2026-09-29T03:58:58.984726+00:00
O005527,2026-03-17,C00262,P043,2,933.22,1866.44,sales.csv,2026-09-29T03:58:58.984726+00:00
O008062,2026-05-09,C00251,P016,6,417.93,2507.58,sales.csv,2026-09-29T03:58:58.984726+00:00
O006172,2026-04-13,C00144,P026,2,898.95,1797.90,sales.csv,2026-09-29T03:58:58.984726+00:00
O003364,2026-02-14,C00044,P035,2,166.22,332.44,sales.csv,2026-09-29T03:58:58.984726+00:00
O005466,2026-04-27,C00368,P011,3,868.58,2605.74,sales.csv,2026-09-29T03:58:58.984726+00:00
O002461,2026-02-13,C00386,P043,2,139.24,278.48,sales.csv,2026-09-29T03:58:58.984726+00:00
O003359,2026-06-22,C00152,P050,1,712.39,712.39,sales.csv,2026-09-29T03:58:58.984726+00:00
O002874,2026-03-09,C00169,P045,10,498.49,4984.90,sales.csv,2026-09-29T03:58:58.984726+00:00
O009366,2026-01-29,C00356,P041,4,363.15,1452.60,sales.csv,2026-09-29T03:58:58.984726+00:00
O008413,2026-03-26,C00357,P026,1,289.78,289.78,sales.csv,2026-09-29T03:58:58.984726+00:00
O007486,2026-02-14,C00019,P041,3,318.01,954.03,sales.csv,2026-09-29T03:58:58.984726+00:00
O006245,2026-01-18,C00206,P049,3,758.43,2275.29,sales.csv,2026-09-29T03:58:58.984726+00:00
O003595,2026-02-28,C00500,P030,2,158.65,317.30,sales.csv,2026-09-29T03:58:58.984726+00:00
O005730,2026-04-13,C00036,P022,9,651.36,5862.24,sales.csv,2026-09-29T03:58:58.984726+00:00
O006816,2026-01-25,C00141,P035,10,556.23,5562.30,sales.csv,2026-09-29T03:58:58.984726+00:00
O001930,2026-03-21,C00238,P032,9,572.64,5153.76,sales.csv,2026-09-29T03:58:58.984726+00:00
O007627,2026-01-31,C00251,P036,10,430.74,4307.40,sales.csv,2026-09-29T03:58:58.984726+00:00
O001453,2026-06-26,C00362,P034,3,564.69,1694.07,sales.csv,2026-09-29T03:58:58.984726+00:00
O001212,2026-04-19,C00069,P017,8,305.75,2446.00,sales.csv,2026-09-29T03:58:58.984726+00:00
O006680,2026-01-27,C00261,P026,9,974.91,8774.19,sales.csv,2026-09-29T03:58:58.984726+00:00
O005595,2026-04-12,C00249,P002,9,6.04,54.36,sales.csv,2026-09-29T03:58:58.984726+00:00
O004233,2026-04-15,C00063,P042,9,957.01,8613.09,sales.csv,2026-09-29T03:58:58.984726+00:00
O003582,2026-04-19,C00192,P043,3,760.38,2281.14,sales.csv,2026-09-29T03:58:58.984726+00:00
O005224,2026-01-01,C00350,P004,6,938.48,5630.88,sales.csv,2026-09-29T03:58:58.984726+00:00
O006735,2026-06-28,C00043,P024,8,384.26,3074.08,sales.csv,2026-09-29T03:58:58.984726+00:00
O008999,2026-04-14,C00133,P029,5,603.34,3016.70,sales.csv,2026-09-29T03:58:58.984726+00:00
O007818,2026-05-20,C00222,P045,10,234.43,2344.30,sales.csv,2026-09-29T03:58:58.984726+00:00
O005363,2026-03-20,C00038,P013,10,320.35,3203.50,sales.csv,2026-09-29T03:58:58.984726+00:00
O001271,2026-02-23,C00195,P038,2,427.55,855.10,sales.csv,2026-09-29T03:58:58.984726+00:00
O004228,2026-04-29,C00077,P046,3,49.23,147.69,sales.csv,2026-09-29T03:58:58.984726+00:00
O002753,2026-02-27,C00199,P030,2,458.35,916.70,sales.csv,2026-09-29T03:58:58.984726+00:00
O005315,2026-06-18,C00350,P014,4,195.45,781.80,sales.csv,2026-09-29T03:58:58.984726+00:00
O003570,2026-01-17,C00058,P031,8,545.04,4360.32,sales.csv,2026-09-29T03:58:58.984726+00:00
O003875,2026-06-11,C00077,P026,6,19.28,115.68,sales.csv,2026-09-29T03:58:58.984726+00:00
O009380,2026-05-30,C00119,P015,7,729.74,5108.18,sales.csv,2026-09-29T03:58:58.984726+00:00
O006527,2026-06-19,C00107,P010,7,573.15,4012.05,sales.csv,2026-09-29T03:58:58.984726+00:00
O002894,2026-01-08,C00244,P043,9,594.28,5348.52,sales.csv,2026-09-29T03:58:58.984726+00:00
O000518,2026-05-25,C00154,P031,1,483.81,483.81,sales.csv,2026-09-29T03:58:58.984726+00:00
O007953,2026-02-11,C00119,P013,4,69.00,276.00,sales.csv,2026-09-29T03:58:58.984726+00:00
O001416,2026-04-12,C00334,P037,4,736.53,2946.12,sales.csv,2026-09-29T03:58:58.984726+00:00
O002179,2026-05-18,C00488,P028,9,593.10,5337.90,sales.csv,2026-09-29T03:58:58.984726+00:00
O005063,2026-01-19,C00402,P030,6,440.89,2645.34,sales.csv,2026-09-29T03:58:58.984726+00:00
O007713,2026-01-11,C00224,P033,9,450.37,4053.33,sales.csv,2026-09-29T03:58:58.984726+00:00
O003949,2026-01-28,C00381,P014,4,996.83,3987.32,sales.csv,2026-09-29T03:58:58.984726+00:00
O004094,2026-04-22,C00199,P021,2,184.14,368.28,sales.csv,2026-09-29T03:58:58.984726+00:00
O002947,2026-02-26,C00017,P031,6,327.01,1962.06,sales.csv,2026-09-29T03:58:58.984726+00:00
O009049,2026-06-30,C00199,P041,2,749.05,1498.10,sales.csv,2026-09-29T03:58:58.984726+00:00
O006403,2026-01-24,C00103,P044,3,511.91,1535.73,sales.csv,2026-09-29T03:58:58.984726+00:00
O005867,2026-01-13,C00012,P039,10,676.08,6760.80,sales.csv,2026-09-29T03:58:58.984726+00:00
O005596,2026-05-22,C00401,P039,8,403.38,3227.04,sales.csv,2026-09-29T03:58:58.984726+00:00
O000162,2026-03-21,C00056,P038,1,409.88,409.88,sales.csv,2026-09-29T03:58:58.984726+00:00
O007757,2026-04-04,C00378,P003,3,113.05,339.15,sales.csv,2026-09-29T03:58:58.984726+00:00
O007958,2026-03-30,C00336,P009,4,447.98,1791.92,sales.csv,2026-09-29T03:58:58.984726+00:00
O003859,2026-06-03,C00212,P033,5,287.07,1435.35,sales.csv,2026-09-29T03:58:58.984726+00:00
O007381,2026-05-07,C00107,P030,2,257.37,514.74,sales.csv,2026-09-29T03:58:58.984726+00:00
O007897,2026-02-19,C00350,P040,2,6.58,13.16,sales.csv,2026-09-29T03:58:58.984726+00:00
O006352,2026-06-16,C00469,P047,5,9.81,49.05,sales.csv,2026-09-29T03:58:58.984726+00:00
O001055,2026-05-06,C00165,P016,6,365.58,2193.48,sales.csv,2026-09-29T03:58:58.984726+00:00
O009333,2026-04-30,C00352,P027,9,690.37,6213.33,sales.csv,2026-09-29T03:58:58.984726+00:00
O000860,2026-04-29,C00026,P011,10,568.74,5687.40,sales.csv,2026-09-29T03:58:58.984726+00:00
O001777,2026-02-11,C00365,P035,5,239.91,1199.55,sales.csv,2026-09-29T03:58:58.984726+00:00
O006597,2026-04-28,C00186,P040,6,150.00,900.00,sales.csv,2026-09-29T03:58:58.984726+00:00
O001043,2026-06-23,C00225,P012,10,498.74,4987.40,sales.csv,2026-09-29T03:58:58.984726+00:00
O000407,2026-05-04,C00448,P024,9,135.46,1219.14,sales.csv,2026-09-29T03:58:58.984726+00:00
O000078,2026-01-26,C00038,P035,4,664.07,2656.28,sales.csv,2026-09-29T03:58:58.984726+00:00
O003918,2026-01-05,C00064,P004,6,725.27,4351.62,sales.csv,2026-09-29T03:58:58.984726+00:00
O001500,2026-02-07,C00029,P042,6,49.13,294.78,sales.csv,2026-09-29T03:58:58.984726+00:00
O009334,2026-06-19,C00371,P006,6,444.61,2667.66,sales.csv,2026-09-29T03:58:58.984726+00:00
O004494,2026-02-04,C00454,P004,2,408.93,817.86,sales.csv,2026-09-29T03:58:58.984726+00:00
O000788,2026-05-22,C00308,P039,10,374.45,3744.50,sales.csv,2026-09-29T03:58:58.984726+00:00
O003148,2026-05-18,C00410,P013,1,641.11,641.11,sales.csv,2026-09-29T03:58:58.984726+00:00
O009191,2026-05-05,C00188,P037,4,474.01,1896.04,sales.csv,2026-09-29T03:58:58.984726+00:00
O004886,2026-01-29,C00182,P028,1,648.96,648.96,sales.csv,2026-09-29T03:58:58.984726+00:00
O004508,2026-02-02,C00219,P050,1,56.25,56.25,sales.csv,2026-09-29T03:58:58.984726+00:00
O005327,2026-04-01,C00331,P036,4,732.74,2930.96,sales.csv,2026-09-29T03:58:58.984726+00:00
O005244,2026-03-30,C00005,P020,10,495.04,4950.40,sales.csv,2026-09-29T03:58:58.984726+00:00
O004503,2026-06-28,C00382,P047,5,171.46,857.30,sales.csv,2026-09-29T03:58:58.984726+00:00
O007521,2026-01-22,C00434,P017,10,578.12,5781.20,sales.csv,2026-09-29T03:58:58.984726+00:00
O009400,2026-04-14,C00223,P019,8,365.50,2924.00,sales.csv,2026-09-29T03:58:58.984726+00:00
O005963,2026-02-12,C00362,P008,1,620.37,620.37,sales.csv,2026-09-29T03:58:58.984726+00:00
O006883,2026-06-04,C00145,P033,10,784.65,7846.50,sales.csv,2026-09-29T03:58:58.984726+00:00
O003775,2026-02-13,C00371,P021,6,51.37,308.22,sales.csv,2026-09-29T03:58:58.984726+00:00
O009227,2026-06-22,C00310,P031,4,455.51,1822.04,sales.csv,2026-09-29T03:58:58.984726+00:00
O002597,2026-04-20,C00127,P040,3,956.84,2870.52,sales.csv,2026-09-29T03:58:58.984726+00:00
O001337,2026-04-24,C00127,P048,1,262.06,262.06,sales.csv,2026-09-29T03:58:58.984726+00:00
O006782,2026-05-30,C00487,P023,4,574.13,2296.52,sales.csv,2026-09-29T03:58:58.984726+00:00
O001312,2026-03-30,C00247,P035,4,118.38,473.52,sales.csv,2026-09-29T03:58:58.984726+00:00
O002990,2026-04-28,C00142,P001,3,469.90,1409.70,sales.csv,2026-09-29T03:58:58.984726+00:00
O008459,2026-03-21,C00136,P024,10,360.26,3602.60,sales.csv,2026-09-29T03:58:58.984726+00:00
O008168,2026-04-30,C00232,P007,3,472.10,1416.30,sales.csv,2026-09-29T03:58:58.984726+00:00
O006016,2026-06-16,C00247,P035,4,631.65,2526.60,sales.csv,2026-09-29T03:58:58.984726+00:00
O008406,2026-04-28,C00222,P044,2,171.26,342.52,sales.csv,2026-09-29T03:58:58.984726+00:00
O002982,2026-05-02,C00246,P019,5,875.95,4379.75,sales.csv,2026-09-29T03:58:58.984726+00:00
O007426,2026-04-11,C00272,P011,1,150.19,150.19,sales.csv,2026-09-29T03:58:58.984726+00:00
O007988,2026-06-30,C00336,P049,1,108.83,108.83,sales.csv,2026-09-29T03:58:58.984726+00:00
O004864,2026-06-19,C00322,P017,2,716.32,1432.64,sales.csv,2026-09-29T03:58:58.984726+00:00
O009138,2026-02-22,C00110,P005,10,803.59,8035.90,sales.csv,2026-09-29T03:58:58.984726+00:00
O006039,2026-01-22,C00490,P021,10,590.00,5900.00,sales.csv,2026-09-29T03:58:58.984726+00:00
O005015,2026-02-03,C00464,P014,9,851.26,7661.34,sales.csv,2026-09-29T03:58:58.984726+00:00
O003788,2026-05-19,C00437,P015,7,164.87,1154.09,sales.csv,2026-09-29T03:58:58.984726+00:00
O005884,2026-02-26,C00263,P029,10,379.77,3797.70,sales.csv,2026-09-29T03:58:58.984726+00:00
O006817,2026-05-04,C00491,P036,1,729.67,729.67,sales.csv,2026-09-29T03:58:58.984726+00:00
O006558,2026-03-24,C00168,P049,6,647.88,3887.28,sales.csv,2026-09-29T03:58:58.984726+00:00
O002122,2026-03-31,C00154,P019,10,882.37,8823.70,sales.csv,2026-09-29T03:58:58.984726+00:00
O005670,2026-02-21,C00123,P042,9,788.57,7097.13,sales.csv,2026-09-29T03:58:58.984726+00:00
O000633,2026-02-13,C00376,P023,3,184.44,553.32,sales.csv,2026-09-29T03:58:58.984726+00:00
O002939,2026-05-23,C00341,P011,5,639.09,3195.45,sales.csv,2026-09-29T03:58:58.984726+00:00
O009239,2026-01-07,C00397,P024,4,581.23,2324.92,sales.csv,2026-09-29T03:58:58.984726+00:00
O000968,2026-01-03,C00115,P017,10,401.37,4013.70,sales.csv,2026-09-29T03:58:58.984726+00:00
O001189,2026-02-28,C00213,P022,2,632.13,1264.26,sales.csv,2026-09-29T03:58:58.984726+00:00
O004350,2026-04-23,C00464,P009,1,308.26,308.26,sales.csv,2026-09-29T03:58:58.984726+00:00
O007269,2026-02-05,C00172,P036,6,145.09,870.54,sales.csv,2026-09-29T03:58:58.984726+00:00
O003227,2026-04-23,C00446,P008,1,556.98,556.98,sales.csv,2026-09-29T03:58:58.984726+00:00
O005213,2026-03-13,C00250,P018,4,959.32,3837.28,sales.csv,2026-09-29T03:58:58.984726+00:00
O000136,2026-03-12,C00393,P050,9,636.17,5725.53,sales.csv,2026-09-29T03:58:58.984726+00:00
O009137,2026-04-01,C00363,P030,5,356.49,1782.45,sales.csv,2026-09-29T03:58:58.984726+00:00
O008030,2026-04-03,C00244,P008,6,533.28,3199.68,sales.csv,2026-09-29T03:58:58.984726+00:00
O006637,2026-06-24,C00056,P012,2,828.84,1657.68,sales.csv,2026-09-29T03:58:58.984726+00:00
O002760,2026-02-07,C00328,P014,6,745.75,4474.50,sales.csv,2026-09-29T03:58:58.984726+00:00
O000522,2026-02-28,C00370,P004,10,630.73,6307.30,sales.csv,2026-09-29T03:58:58.984726+00:00
O007705,2026-04-11,C00253,P001,9,336.34,3027.06,sales.csv,2026-09-29T03:58:58.984726+00:00
O000314,2026-06-25,C00056,P032,8,97.32,778.56,sales.csv,2026-09-29T03:58:58.984726+00:00
O008501,2026-05-28,C00284,P004,5,340.06,1700.30,sales.csv,2026-09-29T03:58:58.984726+00:00
O007007,2026-06-25,C00249,P008,9,467.26,4205.34,sales.csv,2026-09-29T03:58:58.984726+00:00
O002443,2026-03-28,C00190,P044,6,414.17,2485.02,sales.csv,2026-09-29T03:58:58.984726+00:00
O008679,2026-01-31,C00124,P047,9,654.78,5893.02,sales.csv,2026-09-29T03:58:58.984726+00:00
O007047,2026-02-05,C00192,P008,9,382.82,3445.38,sales.csv,2026-09-29T03:58:58.984726+00:00
O006313,2026-05-30,C00038,P009,6,763.15,4578.90,sales.csv,2026-09-29T03:58:58.984726+00:00
O003235,2026-04-29,C00108,P022,3,216.27,648.81,sales.csv,2026-09-29T03:58:58.984726+00:00
O006251,2026-04-29,C00047,P030,1,700.78,700.78,sales.csv,2026-09-29T03:58:58.984726+00:00
O001938,2026-05-09,C00478,P008,9,871.60,7844.40,sales.csv,2026-09-29T03:58:58.984726+00:00
O006658,2026-06-08,C00309,P044,4,678.08,2712.32,sales.csv,2026-09-29T03:58:58.984726+00:00
O001677,2026-01-22,C00454,P041,8,964.80,7718.40,sales.csv,2026-09-29T03:58:58.984726+00:00
O009452,2026-05-16,C00137,P023,8,858.62,6868.96,sales.csv,2026-09-29T03:58:58.984726+00:00
O000723,2026-06-21,C00442,P032,9,838.69,7548.21,sales.csv,2026-09-29T03:58:58.984726+00:00
O003104,2026-02-08,C00196,P049,2,102.33,204.66,sales.csv,2026-09-29T03:58:58.984726+00:00
O006267,2026-01-02,C00198,P041,7,841.03,5887.21,sales.csv,2026-09-29T03:58:58.984726+00:00
O000590,2026-05-18,C00202,P034,3,955.01,2865.03,sales.csv,2026-09-29T03:58:58.984726+00:00
O003402,2026-05-18,C00273,P026,4,530.48,2121.92,sales.csv,2026-09-29T03:58:58.984726+00:00
O008135,2026-04-19,C00156,P023,7,60.55,423.85,sales.csv,2026-09-29T03:58:58.984726+00:00
O007880,2026-03-24,C00368,P044,4,799.52,3198.08,sales.csv,2026-09-29T03:58:58.984726+00:00
O003779,2026-05-20,C00038,P002,8,750.06,6000.48,sales.csv,2026-09-29T03:58:58.984726+00:00
O002438,2026-06-22,C00390,P007,1,81.02,81.02,sales.csv,2026-09-29T03:58:58.984726+00:00
O001835,2026-04-28,C00470,P005,2,173.00,346.00,sales.csv,2026-09-29T03:58:58.984726+00:00
O004282,2026-02-11,C00075,P022,3,685.30,2055.90,sales.csv,2026-09-29T03:58:58.984726+00:00
O001441,2026-01-06,C00021,P016,9,400.67,3606.03,sales.csv,2026-09-29T03:58:58.984726+00:00
O004090,2026-03-07,C00476,P032,8,722.74,5781.92,sales.csv,2026-09-29T03:58:58.984726+00:00
O008997,2026-06-09,C00149,P025,7,1.90,13.30,sales.csv,2026-09-29T03:58:58.984726+00:00
O005685,2026-06-04,C00295,P017,7,825.58,5779.06,sales.csv,2026-09-29T03:58:58.984726+00:00
O005945,2026-02-17,C00127,P002,2,929.29,1858.58,sales.csv,2026-09-29T03:58:58.984726+00:00
O000087,2026-03-06,C00464,P004,2,832.36,1664.72,sales.csv,2026-09-29T03:58:58.984726+00:00
O006820,2026-04-12,C00402,P013,10,391.39,3913.90,sales.csv,2026-09-29T03:58:58.984726+00:00
O004383,2026-03-13,C00001,P028,6,468.79,2812.74,sales.csv,2026-09-29T03:58:58.984726+00:00
O004011,2026-01-11,C00348,P032,1,656.35,656.35,sales.csv,2026-09-29T03:58:58.984726+00:00
O008976,2026-04-22,C00493,P037,5,335.15,1675.75,sales.csv,2026-09-29T03:58:58.984726+00:00
O003650,2026-03-24,C00380,P026,6,226.51,1359.06,sales.csv,2026-09-29T03:58:58.984726+00:00
O002670,2026-05-20,C00152,P007,9,545.32,4907.88,sales.csv,2026-09-29T03:58:58.984726+00:00
O002969,2026-02-22,C00265,P010,9,971.48,8743.32,sales.csv,2026-09-29T03:58:58.984726+00:00
O007027,2026-03-13,C00162,P023,4,327.24,1308.96,sales.csv,2026-09-29T03:58:58.984726+00:00
O003170,2026-03-16,C00343,P032,8,826.78,6614.24,sales.csv,2026-09-29T03:58:58.984726+00:00
O001616,2026-01-14,C00463,P022,9,15.13,136.17,sales.csv,2026-09-29T03:58:58.984726+00:00
O006214,2026-03-31,C00450,P027,5,543.76,2718.80,sales.csv,2026-09-29T03:58:58.984726+00:00
O001259,2026-02-21,C00121,P048,4,348.87,1395.48,sales.csv,2026-09-29T03:58:58.984726+00:00
O001787,2026-03-26,C00332,P046,5,622.16,3110.80,sales.csv,2026-09-29T03:58:58.984726+00:00
O007179,2026-02-28,C00026,P017,4,831.15,3324.60,sales.csv,2026-09-29T03:58:58.984726+00:00
O002007,2026-03-31,C00048,P014,5,237.78,1188.90,sales.csv,2026-09-29T03:58:58.984726+00:00
O007498,2026-02-28,C00488,P016,5,274.53,1372.65,sales.csv,2026-09-29T03:58:58.984726+00:00
O006068,2026-05-25,C00143,P029,7,317.75,2224.25,sales.csv,2026-09-29T03:58:58.984726+00:00
O003196,2026-06-26,C00127,P003,5,983.92,4919.60,sales.csv,2026-09-29T03:58:58.984726+00:00
O006002,2026-02-01,C00164,P031,4,724.26,2897.04,sales.csv,2026-09-29T03:58:58.984726+00:00
O007887,2026-04-12,C00279,P010,10,513.83,5138.30,sales.csv,2026-09-29T03:58:58.984726+00:00
O008378,2026-06-15,C00228,P041,5,309.03,1545.15,sales.csv,2026-09-29T03:58:58.984726+00:00
O008414,2026-02-24,C00267,P044,8,981.63,7853.04,sales.csv,2026-09-29T03:58:58.984726+00:00
O008601,2026-01-02,C00060,P040,3,947.39,2842.17,sales.csv,2026-09-29T03:58:58.984726+00:00
O001242,2026-05-24,C00469,P038,6,456.44,2738.64,sales.csv,2026-09-29T03:58:58.984726+00:00
O003888,2026-06-06,C00063,P039,3,695.20,2085.60,sales.csv,2026-09-29T03:58:58.984726+00:00
O002237,2026-06-08,C00052,P022,1,596.16,596.16,sales.csv,2026-09-29T03:58:58.984726+00:00
O004076,2026-05-12,C00117,P021,6,314.80,1888.80,sales.csv,2026-09-29T03:58:58.984726+00:00
O003378,2026-06-23,C00146,P018,1,534.70,534.70,sales.csv,2026-09-29T03:58:58.984726+00:00
O005534,2026-04-10,C00091,P037,9,653.51,5881.59,sales.csv,2026-09-29T03:58:58.984726+00:00
O003231,2026-06-23,C00139,P034,6,807.22,4843.32,sales.csv,2026-09-29T03:58:58.984726+00:00
O005952,2026-01-13,C00042,P006,5,43.51,217.55,sales.csv,2026-09-29T03:58:58.984726+00:00
O000289,2026-02-26,C00332,P005,8,919.91,7359.28,sales.csv,2026-09-29T03:58:58.984726+00:00
O000700,2026-06-18,C00341,P023,3,849.03,2547.09,sales.csv,2026-09-29T03:58:58.984726+00:00
O003383,2026-05-31,C00216,P041,10,431.90,4319.00,sales.csv,2026-09-29T03:58:58.984726+00:00
O000245,2026-03-03,C00293,P025,4,539.41,2157.64,sales.csv,2026-09-29T03:58:58.984726+00:00
O004684,2026-06-28,C00303,P034,8,736.95,5895.60,sales.csv,2026-09-29T03:58:58.984726+00:00
O001494,2026-04-28,C00255,P032,9,8.53,76.77,sales.csv,2026-09-29T03:58:58.984726+00:00
O000615,2026-01-24,C00275,P047,4,68.55,274.20,sales.csv,2026-09-29T03:58:58.984726+00:00
O003911,2026-02-22,C00074,P019,1,38.77,38.77,sales.csv,2026-09-29T03:58:58.984726+00:00
O004652,2026-02-16,C00479,P034,7,604.83,4233.81,sales.csv,2026-09-29T03:58:58.984726+00:00
O000009,2026-02-09,C00111,P049,6,134.96,809.76,sales.csv,2026-09-29T03:58:58.984726+00:00
O000755,2026-02-02,C00360,P009,4,192.68,770.72,sales.csv,2026-09-29T03:58:58.984726+00:00
O009124,2026-04-08,C00469,P025,1,698.66,698.66,sales.csv,2026-09-29T03:58:58.984726+00:00
O002454,2026-03-31,C00220,P031,2,963.43,1926.86,sales.csv,2026-09-29T03:58:58.984726+00:00
O005889,2026-03-21,C00082,P015,6,596.63,3579.78,sales.csv,2026-09-29T03:58:58.984726+00:00
O000571,2026-06-29,C00282,P031,9,871.44,7842.96,sales.csv,2026-09-29T03:58:58.984726+00:00
O001695,2026-01-31,C00141,P010,7,221.26,1548.82,sales.csv,2026-09-29T03:58:58.984726+00:00
O008555,2026-03-31,C00399,P047,4,578.77,2315.08,sales.csv,2026-09-29T03:58:58.984726+00:00
O007441,2026-03-11,C00036,P039,3,423.93,1271.79,sales.csv,2026-09-29T03:58:58.984726+00:00
O005285,2026-06-24,C00463,P002,1,701.13,701.13,sales.csv,2026-09-29T03:58:58.984726+00:00
O005998,2026-03-01,C00159,P036,2,123.51,247.02,sales.csv,2026-09-29T03:58:58.984726+00:00
O004921,2026-05-27,C00386,P035,1,717.57,717.57,sales.csv,2026-09-29T03:58:58.984726+00:00
O006874,2026-01-14,C00211,P039,7,868.55,6079.85,sales.csv,2026-09-29T03:58:58.984726+00:00
O008659,2026-02-09,C00170,P022,6,381.57,2289.42,sales.csv,2026-09-29T03:58:58.984726+00:00
O006610,2026-04-14,C00094,P038,4,862.40,3449.60,sales.csv,2026-09-29T03:58:58.984726+00:00
O001743,2026-04-14,C00095,P024,8,923.61,7388.88,sales.csv,2026-09-29T03:58:58.984726+00:00
O003640,2026-04-11,C00368,P048,1,456.21,456.21,sales.csv,2026-09-29T03:58:58.984726+00:00
O007235,2026-02-14,C00464,P025,7,183.04,1281.28,sales.csv,2026-09-29T03:58:58.984726+00:00
O004852,2026-05-23,C00384,P019,2,539.55,1079.10,sales.csv,2026-09-29T03:58:58.984726+00:00
O003057,2026-06-09,C00249,P018,2,267.80,535.60,sales.csv,2026-09-29T03:58:58.984726+00:00
O003796,2026-06-14,C00158,P014,7,186.24,1303.68,sales.csv,2026-09-29T03:58:58.984726+00:00
O005537,2026-04-13,C00145,P026,5,977.95,4889.75,sales.csv,2026-09-29T03:58:58.984726+00:00
O008248,2026-04-27,C00111,P037,5,561.42,2807.10,sales.csv,2026-09-29T03:58:58.984726+00:00
O007262,2026-02-12,C00376,P001,1,601.15,601.15,sales.csv,2026-09-29T03:58:58.984726+00:00
O008995,2026-04-26,C00033,P001,9,716.52,6448.68,sales.csv,2026-09-29T03:58:58.984726+00:00
O008489,2026-06-12,C00438,P005,10,207.50,2075.00,sales.csv,2026-09-29T03:58:58.984726+00:00
O006715,2026-04-26,C00315,P005,6,197.24,1183.44,sales.csv,2026-09-29T03:58:58.984726+00:00
O008226,2026-06-12,C00299,P034,10,357.02,3570.20,sales.csv,2026-09-29T03:58:58.984726+00:00
O007730,2026-03-23,C00037,P050,6,841.59,5049.54,sales.csv,2026-09-29T03:58:58.984726+00:00
O005255,2026-06-03,C00293,P044,7,346.59,2426.13,sales.csv,2026-09-29T03:58:58.984726+00:00
O007244,2026-04-06,C00113,P017,6,950.68,5704.08,sales.csv,2026-09-29T03:58:58.984726+00:00
O008251,2026-05-24,C00422,P023,9,493.98,4445.82,sales.csv,2026-09-29T03:58:58.984726+00:00
O008159,2026-02-27,C00010,P032,5,140.40,702.00,sales.csv,2026-09-29T03:58:58.984726+00:00
O003741,2026-02-22,C00293,P041,10,21.43,214.30,sales.csv,2026-09-29T03:58:58.984726+00:00
O005149,2026-06-26,C00460,P038,2,4.93,9.86,sales.csv,2026-09-29T03:58:58.984726+00:00
O007505,2026-02-22,C00175,P002,10,456.33,4563.30,sales.csv,2026-09-29T03:58:58.984726+00:00
O005035,2026-05-31,C00162,P044,2,46.70,93.40,sales.csv,2026-09-29T03:58:58.984726+00:00
O001626,2026-01-29,C00310,P012,10,969.57,9695.70,sales.csv,2026-09-29T03:58:58.984726+00:00
O004230,2026-01-28,C00230,P009,3,948.34,2845.02,sales.csv,2026-09-29T03:58:58.984726+00:00
O002437,2026-01-08,C00300,P016,8,636.95,5095.60,sales.csv,2026-09-29T03:58:58.984726+00:00
O008207,2026-03-22,C00243,P009,3,600.94,1802.82,sales.csv,2026-09-29T03:58:58.984726+00:00
O002864,2026-05-01,C00049,P027,5,361.02,1805.10,sales.csv,2026-09-29T03:58:58.984726+00:00
O007400,2026-02-16,C00383,P010,10,149.91,1499.10,sales.csv,2026-09-29T03:58:58.984726+00:00
O005768,2026-01-31,C00404,P007,7,356.19,2493.33,sales.csv,2026-09-29T03:58:58.984726+00:00
O007898,2026-04-15,C00186,P029,4,428.65,1714.60,sales.csv,2026-09-29T03:58:58.984726+00:00
O003964,2026-03-13,C00214,P042,1,390.89,390.89,sales.csv,2026-09-29T03:58:58.984726+00:00
O001430,2026-03-08,C00281,P031,10,957.72,9577.20,sales.csv,2026-09-29T03:58:58.984726+00:00
O005368,2026-03-01,C00041,P039,3,173.82,521.46,sales.csv,2026-09-29T03:58:58.984726+00:00
O002236,2026-04-27,C00197,P030,7,813.92,5697.44,sales.csv,2026-09-29T03:58:58.984726+00:00
O001503,2026-04-17,C00092,P011,5,801.96,4009.80,sales.csv,2026-09-29T03:58:58.984726+00:00
O003963,2026-02-18,C00498,P028,6,100.74,604.44,sales.csv,2026-09-29T03:58:58.984726+00:00
O006683,2026-06-19,C00156,P042,3,298.23,894.69,sales.csv,2026-09-29T03:58:58.984726+00:00
O004470,2026-06-06,C00426,P045,1,884.00,884.00,sales.csv,2026-09-29T03:58:58.984726+00:00
O007902,2026-01-13,C00465,P049,2,198.31,396.62,sales.csv,2026-09-29T03:58:58.984726+00:00
O009161,2026-04-16,C00441,P049,6,528.19,3169.14,sales.csv,2026-09-29T03:58:58.984726+00:00
O009149,2026-01-14,C00486,P046,3,152.52,457.56,sales.csv,2026-09-29T03:58:58.984726+00:00
O006544,2026-05-14,C00026,P025,2,959.51,1919.02,sales.csv,2026-09-29T03:58:58.984726+00:00
O008420,2026-05-26,C00005,P042,1,617.38,617.38,sales.csv,2026-09-29T03:58:58.984726+00:00
O000805,2026-06-28,C00224,P047,4,76.89,307.56,sales.csv,2026-09-29T03:58:58.984726+00:00
O003648,2026-04-28,C00358,P041,5,211.49,1057.45,sales.csv,2026-09-29T03:58:58.984726+00:00
O003257,2026-04-09,C00362,P031,6,409.63,2457.78,sales.csv,2026-09-29T03:58:58.984726+00:00
O000351,2026-02-05,C00392,P017,5,431.07,2155.35,sales.csv,2026-09-29T03:58:58.984726+00:00
O002076,2026-02-21,C00081,P039,8,133.25,1066.00,sales.csv,2026-09-29T03:58:58.984726+00:00
O002787,2026-02-15,C00235,P028,6,232.86,1397.16,sales.csv,2026-09-29T03:58:58.984726+00:00
O002649,2026-06-12,C00310,P036,4,580.58,2322.32,sales.csv,2026-09-29T03:58:58.984726+00:00
O004002,2026-02-06,C00469,P005,5,317.97,1589.85,sales.csv,2026-09-29T03:58:58.984726+00:00
O002637,2026-03-10,C00283,P008,3,294.50,883.50,sales.csv,2026-09-29T03:58:58.984726+00:00
O000703,2026-01-26,C00133,P015,9,979.91,8819.19,sales.csv,2026-09-29T03:58:58.984726+00:00
O006010,2026-04-09,C00010,P010,5,384.67,1923.35,sales.csv,2026-09-29T03:58:58.984726+00:00
O001493,2026-01-01,C00319,P049,5,17.00,85.00,sales.csv,2026-09-29T03:58:58.984726+00:00
O008611,2026-06-30,C00068,P045,4,82.39,329.56,sales.csv,2026-09-29T03:58:58.984726+00:00
O000473,2026-02-02,C00498,P021,2,590.79,1181.58,sales.csv,2026-09-29T03:58:58.984726+00:00
O003410,2026-05-27,C00375,P027,1,427.01,427.01,sales.csv,2026-09-29T03:58:58.984726+00:00
O006915,2026-05-23,C00021,P039,8,688.06,5504.48,sales.csv,2026-09-29T03:58:58.984726+00:00
O007256,2026-06-18,C00425,P042,5,395.22,1976.10,sales.csv,2026-09-29T03:58:58.984726+00:00
O009012,2026-05-31,C00174,P031,4,680.81,2723.24,sales.csv,2026-09-29T03:58:58.984726+00:00
O002094,2026-05-10,C00088,P006,5,489.15,2445.75,sales.csv,2026-09-29T03:58:58.984726+00:00
O000799,2026-03-15,C00322,P046,9,545.51,4909.59,sales.csv,2026-09-29T03:58:58.984726+00:00
O004961,2026-04-13,C00069,P049,6,804.82,4828.92,sales.csv,2026-09-29T03:58:58.984726+00:00
O000191,2026-04-03,C00092,P020,1,929.01,929.01,sales.csv,2026-09-29T03:58:58.984726+00:00
O000361,2026-05-31,C00206,P034,2,519.73,1039.46,sales.csv,2026-09-29T03:58:58.984726+00:00
O006283,2026-06-14,C00332,P030,5,117.41,587.05,sales.csv,2026-09-29T03:58:58.984726+00:00
O001108,2026-03-09,C00067,P011,10,335.25,3352.50,sales.csv,2026-09-29T03:58:58.984726+00:00
O001260,2026-02-22,C00118,P013,4,811.80,3247.20,sales.csv,2026-09-29T03:58:58.984726+00:00
O003922,2026-01-09,C00330,P019,6,742.36,4454.16,sales.csv,2026-09-29T03:58:58.984726+00:00
O008336,2026-05-11,C00239,P015,3,146.00,438.00,sales.csv,2026-09-29T03:58:58.984726+00:00
O008144,2026-05-07,C00353,P036,8,142.90,1143.20,sales.csv,2026-09-29T03:58:58.984726+00:00
O008844,2026-05-17,C00415,P031,6,532.34,3194.04,sales.csv,2026-09-29T03:58:58.984726+00:00
O007939,2026-03-31,C00380,P027,1,569.68,569.68,sales.csv,2026-09-29T03:58:58.984726+00:00
O003106,2026-05-21,C00376,P027,9,961.81,8656.29,sales.csv,2026-09-29T03:58:58.984726+00:00
O004139,2026-01-20,C00035,P050,2,353.64,707.28,sales.csv,2026-09-29T03:58:58.984726+00:00
O001612,2026-05-15,C00440,P049,5,610.40,3052.00,sales.csv,2026-09-29T03:58:58.984726+00:00
O003286,2026-06-12,C00383,P001,5,359.82,1799.10,sales.csv,2026-09-29T03:58:58.984726+00:00
O006514,2026-04-18,C00071,P024,10,4.17,41.70,sales.csv,2026-09-29T03:58:58.984726+00:00
O008377,2026-03-25,C00258,P036,4,598.72,2394.88,sales.csv,2026-09-29T03:58:58.984726+00:00
O006941,2026-01-12,C00043,P026,6,189.61,1137.66,sales.csv,2026-09-29T03:58:58.984726+00:00
O009015,2026-05-19,C00048,P024,9,72.82,655.38,sales.csv,2026-09-29T03:58:58.984726+00:00
O001752,2026-01-18,C00288,P046,4,182.41,729.64,sales.csv,2026-09-29T03:58:58.984726+00:00
O003774,2026-05-13,C00274,P002,10,945.35,9453.50,sales.csv,2026-09-29T03:58:58.984726+00:00
O002301,2026-06-17,C00007,P031,9,998.66,8987.94,sales.csv,2026-09-29T03:58:58.984726+00:00
O007154,2026-03-04,C00497,P046,9,542.54,4882.86,sales.csv,2026-09-29T03:58:58.984726+00:00
O006447,2026-04-14,C00081,P011,10,899.92,8999.20,sales.csv,2026-09-29T03:58:58.984726+00:00
O009162,2026-01-04,C00002,P044,8,495.96,3967.68,sales.csv,2026-09-29T03:58:58.984726+00:00
O007583,2026-03-04,C00269,P022,7,480.01,3360.07,sales.csv,2026-09-29T03:58:58.984726+00:00
O001417,2026-06-07,C00377,P034,4,318.60,1274.40,sales.csv,2026-09-29T03:58:58.984726+00:00
O003590,2026-03-28,C00457,P012,5,447.93,2239.65,sales.csv,2026-09-29T03:58:58.984726+00:00
O008151,2026-01-10,C00341,P037,10,722.63,7226.30,sales.csv,2026-09-29T03:58:58.984726+00:00
O006029,2026-02-23,C00373,P036,7,624.75,4373.25,sales.csv,2026-09-29T03:58:58.984726+00:00
O005840,2026-06-18,C00286,P006,10,144.57,1445.70,sales.csv,2026-09-29T03:58:58.984726+00:00
O008942,2026-05-28,C00348,P035,7,324.24,2269.68,sales.csv,2026-09-29T03:58:58.984726+00:00
O008011,2026-03-02,C00117,P046,3,741.69,2225.07,sales.csv,2026-09-29T03:58:58.984726+00:00
O002668,2026-03-04,C00029,P035,5,823.45,4117.25,sales.csv,2026-09-29T03:58:58.984726+00:00
O005520,2026-03-27,C00340,P017,10,675.19,6751.90,sales.csv,2026-09-29T03:58:58.984726+00:00
O000643,2026-06-28,C00346,P028,3,141.26,423.78,sales.csv,2026-09-29T03:58:58.984726+00:00
O006833,2026-03-26,C00113,P039,2,44.07,88.14,sales.csv,2026-09-29T03:58:58.984726+00:00
O001764,2026-03-12,C00058,P045,3,651.54,1954.62,sales.csv,2026-09-29T03:58:58.984726+00:00
O007565,2026-03-22,C00357,P003,9,806.11,7254.99,sales.csv,2026-09-29T03:58:58.984726+00:00
O005424,2026-05-26,C00028,P002,3,967.38,2902.14,sales.csv,2026-09-29T03:58:58.984726+00:00
O004259,2026-02-26,C00488,P029,4,521.32,2085.28,sales.csv,2026-09-29T03:58:58.984726+00:00
O005274,2026-04-13,C00306,P010,6,487.55,2925.30,sales.csv,2026-09-29T03:58:58.984726+00:00
O005931,2026-04-02,C00132,P037,3,23.53,70.59,sales.csv,2026-09-29T03:58:58.984726+00:00
O003705,2026-01-06,C00451,P039,1,731.23,731.23,sales.csv,2026-09-29T03:58:58.984726+00:00
O008777,2026-03-02,C00220,P032,9,736.04,6624.36,sales.csv,2026-09-29T03:58:58.984726+00:00
O003372,2026-06-17,C00381,P006,7,153.60,1075.20,sales.csv,2026-09-29T03:58:58.984726+00:00
O002375,2026-06-11,C00357,P025,3,436.22,1308.66,sales.csv,2026-09-29T03:58:58.984726+00:00
O003885,2026-03-02,C00266,P032,4,546.71,2186.84,sales.csv,2026-09-29T03:58:58.984726+00:00
O003439,2026-04-03,C00366,P019,5,939.26,4696.30,sales.csv,2026-09-29T03:58:58.984726+00:00
O009038,2026-03-23,C00252,P044,2,221.22,442.44,sales.csv,2026-09-29T03:58:58.984726+00:00
O006872,2026-03-31,C00146,P004,2,931.59,1863.18,sales.csv,2026-09-29T03:58:58.984726+00:00
O008586,2026-05-13,C00446,P031,9,134.66,1211.94,sales.csv,2026-09-29T03:58:58.984726+00:00
O002599,2026-03-09,C00359,P016,7,261.06,1827.42,sales.csv,2026-09-29T03:58:58.984726+00:00
O001231,2026-06-05,C00020,P047,7,526.13,3682.91,sales.csv,2026-09-29T03:58:58.984726+00:00
O000448,2026-04-24,C00180,P029,1,953.65,953.65,sales.csv,2026-09-29T03:58:58.984726+00:00
O007318,2026-03-08,C00100,P006,9,928.00,8352.00,sales.csv,2026-09-29T03:58:58.984726+00:00
O001978,2026-02-27,C00366,P014,4,349.91,1399.64,sales.csv,2026-09-29T03:58:58.984726+00:00
O009036,2026-02-03,C00370,P003,4,79.04,316.16,sales.csv,2026-09-29T03:58:58.984726+00:00
O004311,2026-01-11,C00160,P027,2,863.31,1726.62,sales.csv,2026-09-29T03:58:58.984726+00:00
O005656,2026-03-22,C00052,P026,2,659.44,1318.88,sales.csv,2026-09-29T03:58:58.984726+00:00
O008416,2026-05-12,C00188,P047,9,806.79,7261.11,sales.csv,2026-09-29T03:58:58.984726+00:00
O003141,2026-05-13,C00143,P037,10,413.04,4130.40,sales.csv,2026-09-29T03:58:58.984726+00:00
O005845,2026-06-05,C00493,P047,3,259.71,779.13,sales.csv,2026-09-29T03:58:58.984726+00:00
O003663,2026-02-07,C00367,P022,9,464.73,4182.57,sales.csv,2026-09-29T03:58:58.984726+00:00
O007203,2026-05-26,C00359,P045,4,587.60,2350.40,sales.csv,2026-09-29T03:58:58.984726+00:00
O008031,2026-03-20,C00115,P034,1,206.37,206.37,sales.csv,2026-09-29T03:58:58.984726+00:00
O006958,2026-01-04,C00084,P018,3,484.55,1453.65,sales.csv,2026-09-29T03:58:58.984726+00:00
O007623,2026-02-06,C00182,P033,6,257.37,1544.22,sales.csv,2026-09-29T03:58:58.984726+00:00
O006052,2026-01-28,C00217,P011,1,387.04,387.04,sales.csv,2026-09-29T03:58:58.984726+00:00
O007074,2026-06-26,C00459,P046,1,709.95,709.95,sales.csv,2026-09-29T03:58:58.984726+00:00
O002338,2026-02-10,C00141,P041,9,383.58,3452.22,sales.csv,2026-09-29T03:58:58.984726+00:00
O001445,2026-06-10,C00132,P025,1,728.37,728.37,sales.csv,2026-09-29T03:58:58.984726+00:00
O008558,2026-04-24,C00405,P028,7,972.97,6810.79,sales.csv,2026-09-29T03:58:58.984726+00:00
O006668,2026-04-23,C00450,P029,10,586.11,5861.10,sales.csv,2026-09-29T03:58:58.984726+00:00
O004441,2026-01-11,C00283,P046,1,820.22,820.22,sales.csv,2026-09-29T03:58:58.984726+00:00
O005272,2026-01-03,C00294,P022,10,402.53,4025.30,sales.csv,2026-09-29T03:58:58.984726+00:00
O004377,2026-01-24,C00413,P017,10,704.71,7047.10,sales.csv,2026-09-29T03:58:58.984726+00:00
O005454,2026-02-22,C00450,P001,4,29.79,119.16,sales.csv,2026-09-29T03:58:58.984726+00:00
O009233,2026-04-11,C00414,P017,6,680.27,4081.62,sales.csv,2026-09-29T03:58:58.984726+00:00
O006249,2026-05-06,C00062,P036,3,549.77,1649.31,sales.csv,2026-09-29T03:58:58.984726+00:00
O008085,2026-06-15,C00419,P044,5,447.80,2239.00,sales.csv,2026-09-29T03:58:58.984726+00:00
O005438,2026-02-23,C00336,P007,1,395.86,395.86,sales.csv,2026-09-29T03:58:58.984726+00:00
O001862,2026-04-09,C00146,P030,10,965.91,9659.10,sales.csv,2026-09-29T03:58:58.984726+00:00
O000286,2026-06-22,C00135,P038,7,837.95,5865.65,sales.csv,2026-09-29T03:58:58.984726+00:00
O005014,2026-04-08,C00364,P017,3,352.01,1056.03,sales.csv,2026-09-29T03:58:58.984726+00:00
O005048,2026-02-19,C00221,P027,9,266.16,2395.44,sales.csv,2026-09-29T03:58:58.984726+00:00
O008794,2026-03-20,C00198,P002,4,492.58,1970.32,sales.csv,2026-09-29T03:58:58.984726+00:00
O004624,2026-04-21,C00320,P039,9,379.54,3415.86,sales.csv,2026-09-29T03:58:58.984726+00:00
O008158,2026-03-22,C00081,P040,5,811.62,4058.10,sales.csv,2026-09-29T03:58:58.984726+00:00
O008363,2026-01-01,C00131,P024,5,332.24,1661.20,sales.csv,2026-09-29T03:58:58.984726+00:00
O001530,2026-04-16,C00476,P048,1,683.98,683.98,sales.csv,2026-09-29T03:58:58.984726+00:00
O006012,2026-04-19,C00396,P030,8,186.26,1490.08,sales.csv,2026-09-29T03:58:58.984726+00:00
O006823,2026-02-12,C00199,P045,5,452.50,2262.50,sales.csv,2026-09-29T03:58:58.984726+00:00
O000874,2026-02-10,C00052,P016,4,350.34,1401.36,sales.csv,2026-09-29T03:58:58.984726+00:00
O009172,2026-06-18,C00495,P026,1,359.04,359.04,sales.csv,2026-09-29T03:58:58.984726+00:00
O000393,2026-01-05,C00186,P020,3,281.74,845.22,sales.csv,2026-09-29T03:58:58.984726+00:00
O008077,2026-01-06,C00325,P037,9,491.61,4424.49,sales.csv,2026-09-29T03:58:58.984726+00:00
O007741,2026-05-14,C00393,P017,7,859.39,6015.73,sales.csv,2026-09-29T03:58:58.984726+00:00
O002967,2026-06-26,C00170,P004,2,971.55,1943.10,sales.csv,2026-09-29T03:58:58.984726+00:00
O002067,2026-01-17,C00138,P042,7,621.41,4349.87,sales.csv,2026-09-29T03:58:58.984726+00:00
O003738,2026-05-11,C00190,P044,1,282.14,282.14,sales.csv,2026-09-29T03:58:58.984726+00:00
O003736,2026-04-01,C00494,P035,1,897.74,897.74,sales.csv,2026-09-29T03:58:58.984726+00:00
O006205,2026-03-10,C00090,P006,7,952.73,6669.11,sales.csv,2026-09-29T03:58:58.984726+00:00
O009446,2026-02-22,C00096,P032,10,907.80,9078.00,sales.csv,2026-09-29T03:58:58.984726+00:00
O008389,2026-06-30,C00389,P038,8,155.31,1242.48,sales.csv,2026-09-29T03:58:58.984726+00:00
O004893,2026-06-13,C00145,P040,7,503.96,3527.72,sales.csv,2026-09-29T03:58:58.984726+00:00
O002950,2026-03-21,C00089,P037,7,890.87,6236.09,sales.csv,2026-09-29T03:58:58.984726+00:00
O001050,2026-04-21,C00339,P047,4,632.67,2530.68,sales.csv,2026-09-29T03:58:58.984726+00:00
O001098,2026-06-15,C00288,P025,4,670.67,2682.68,sales.csv,2026-09-29T03:58:58.984726+00:00
O008811,2026-03-01,C00274,P024,1,762.43,762.43,sales.csv,2026-09-29T03:58:58.984726+00:00
O001852,2026-01-04,C00271,P014,4,370.43,1481.72,sales.csv,2026-09-29T03:58:58.984726+00:00
O007942,2026-05-13,C00068,P027,9,625.37,5628.33,sales.csv,2026-09-29T03:58:58.984726+00:00
O002659,2026-06-15,C00497,P026,2,950.36,1900.72,sales.csv,2026-09-29T03:58:58.984726+00:00
O007955,2026-03-06,C00144,P025,1,526.77,526.77,sales.csv,2026-09-29T03:58:58.984726+00:00
O001168,2026-05-20,C00458,P035,8,858.09,6864.72,sales.csv,2026-09-29T03:58:58.984726+00:00
O002315,2026-04-11,C00033,P035,7,247.85,1734.95,sales.csv,2026-09-29T03:58:58.984726+00:00
O001544,2026-03-25,C00074,P050,2,677.52,1355.04,sales.csv,2026-09-29T03:58:58.984726+00:00
O008943,2026-02-06,C00287,P038,6,950.16,5700.96,sales.csv,2026-09-29T03:58:58.984726+00:00
O005350,2026-03-22,C00375,P018,8,60.02,480.16,sales.csv,2026-09-29T03:58:58.984726+00:00
O008650,2026-06-12,C00361,P024,8,319.13,2553.04,sales.csv,2026-09-29T03:58:58.984726+00:00
O006712,2026-02-23,C00372,P029,7,726.78,5087.46,sales.csv,2026-09-29T03:58:58.984726+00:00
O003662,2026-06-03,C00469,P043,7,346.20,2423.40,sales.csv,2026-09-29T03:58:58.984726+00:00
O004938,2026-02-23,C00216,P021,4,539.43,2157.72,sales.csv,2026-09-29T03:58:58.984726+00:00
O007731,2026-04-22,C00160,P008,10,529.61,5296.10,sales.csv,2026-09-29T03:58:58.984726+00:00
O000147,2026-02-26,C00140,P028,8,39.04,312.32,sales.csv,2026-09-29T03:58:58.984726+00:00
O003230,2026-01-03,C00152,P008,7,386.64,2706.48,sales.csv,2026-09-29T03:58:58.984726+00:00
O008473,2026-06-22,C00160,P014,4,847.94,3391.76,sales.csv,2026-09-29T03:58:58.984726+00:00
O006218,2026-04-06,C00419,P034,10,749.75,7497.50,sales.csv,2026-09-29T03:58:58.984726+00:00
O003837,2026-04-15,C00363,P022,3,454.82,1364.46,sales.csv,2026-09-29T03:58:58.984726+00:00
O006192,2026-02-14,C00154,P045,3,54.97,164.91,sales.csv,2026-09-29T03:58:58.984726+00:00
O002051,2026-06-07,C00185,P045,7,397.69,2783.83,sales.csv,2026-09-29T03:58:58.984726+00:00
O006942,2026-04-24,C00213,P006,4,549.21,2196.84,sales.csv,2026-09-29T03:58:58.984726+00:00
O007513,2026-01-02,C00020,P049,10,772.62,7726.20,sales.csv,2026-09-29T03:58:58.984726+00:00
O004517,2026-06-14,C00463,P010,10,277.37,2773.70,sales.csv,2026-09-29T03:58:58.984726+00:00
O006066,2026-04-28,C00094,P017,5,494.79,2473.95,sales.csv,2026-09-29T03:58:58.984726+00:00
O006383,2026-03-21,C00164,P020,2,708.23,1416.46,sales.csv,2026-09-29T03:58:58.984726+00:00
O000504,2026-01-28,C00221,P009,5,954.55,4772.75,sales.csv,2026-09-29T03:58:58.984726+00:00
O000652,2026-01-25,C00459,P034,1,302.15,302.15,sales.csv,2026-09-29T03:58:58.984726+00:00
O006299,2026-03-10,C00292,P029,7,924.02,6468.14,sales.csv,2026-09-29T03:58:58.984726+00:00
O007060,2026-02-02,C00199,P017,9,267.78,2410.02,sales.csv,2026-09-29T03:58:58.984726+00:00
O006074,2026-02-02,C00237,P045,3,994.67,2984.01,sales.csv,2026-09-29T03:58:58.984726+00:00
O006967,2026-03-17,C00488,P011,10,182.97,1829.70,sales.csv,2026-09-29T03:58:58.984726+00:00
O002106,2026-05-16,C00313,P010,7,585.82,4100.74,sales.csv,2026-09-29T03:58:58.984726+00:00
O006888,2026-02-07,C00437,P012,8,837.43,6699.44,sales.csv,2026-09-29T03:58:58.984726+00:00
O004794,2026-02-28,C00497,P030,2,186.96,373.92,sales.csv,2026-09-29T03:58:58.984726+00:00
O003478,2026-02-16,C00250,P001,6,668.87,4013.22,sales.csv,2026-09-29T03:58:58.984726+00:00
O008351,2026-04-20,C00450,P012,4,905.50,3622.00,sales.csv,2026-09-29T03:58:58.984726+00:00
O005087,2026-01-24,C00070,P027,2,511.50,1023.00,sales.csv,2026-09-29T03:58:58.984726+00:00
O005704,2026-01-04,C00475,P022,10,694.52,6945.20,sales.csv,2026-09-29T03:58:58.984726+00:00
O008730,2026-02-11,C00317,P034,10,67.50,675.00,sales.csv,2026-09-29T03:58:58.984726+00:00
O001014,2026-06-16,C00406,P003,7,840.28,5881.96,sales.csv,2026-09-29T03:58:58.984726+00:00
O001953,2026-01-03,C00466,P026,5,395.38,1976.90,sales.csv,2026-09-29T03:58:58.984726+00:00
O001526,2026-01-08,C00427,P012,4,434.21,1736.84,sales.csv,2026-09-29T03:58:58.984726+00:00
O005389,2026-02-26,C00241,P013,1,772.83,772.83,sales.csv,2026-09-29T03:58:58.984726+00:00
O006430,2026-05-31,C00023,P038,2,217.14,434.28,sales.csv,2026-09-29T03:58:58.984726+00:00
O000600,2026-02-25,C00387,P050,1,184.67,184.67,sales.csv,2026-09-29T03:58:58.984726+00:00
O002022,2026-03-03,C00495,P050,7,117.90,825.30,sales.csv,2026-09-29T03:58:58.984726+00:00
O007096,2026-05-02,C00446,P003,6,37.81,226.86,sales.csv,2026-09-29T03:58:58.984726+00:00
O005192,2026-05-21,C00004,P012,4,566.50,2266.00,sales.csv,2026-09-29T03:58:58.984726+00:00
O004998,2026-05-10,C00147,P033,2,558.03,1116.06,sales.csv,2026-09-29T03:58:58.984726+00:00
O001750,2026-04-04,C00239,P040,1,480.16,480.16,sales.csv,2026-09-29T03:58:58.984726+00:00
O006891,2026-04-04,C00014,P017,7,11.47,80.29,sales.csv,2026-09-29T03:58:58.984726+00:00
O006120,2026-04-25,C00415,P050,4,35.66,142.64,sales.csv,2026-09-29T03:58:58.984726+00:00
O006566,2026-01-18,C00395,P033,10,802.66,8026.60,sales.csv,2026-09-29T03:58:58.984726+00:00
O004780,2026-06-09,C00383,P047,4,49.52,198.08,sales.csv,2026-09-29T03:58:58.984726+00:00
O002346,2026-01-10,C00006,P017,2,930.43,1860.86,sales.csv,2026-09-29T03:58:58.984726+00:00
O008223,2026-03-15,C00011,P004,5,578.78,2893.90,sales.csv,2026-09-29T03:58:58.984726+00:00
O005948,2026-02-06,C00052,P046,9,505.69,4551.21,sales.csv,2026-09-29T03:58:58.984726+00:00
O004646,2026-01-14,C00357,P018,1,870.75,870.75,sales.csv,2026-09-29T03:58:58.984726+00:00
O005727,2026-05-16,C00168,P035,2,659.35,1318.70,sales.csv,2026-09-29T03:58:58.984726+00:00
O005693,2026-02-13,C00334,P019,7,363.98,2547.86,sales.csv,2026-09-29T03:58:58.984726+00:00
O008070,2026-06-26,C00178,P012,9,615.47,5539.23,sales.csv,2026-09-29T03:58:58.984726+00:00
O001065,2026-03-26,C00287,P050,10,787.36,7873.60,sales.csv,2026-09-29T03:58:58.984726+00:00
O007995,2026-03-06,C00142,P011,1,302.21,302.21,sales.csv,2026-09-29T03:58:58.984726+00:00
O000220,2026-05-13,C00334,P029,5,238.88,1194.40,sales.csv,2026-09-29T03:58:58.984726+00:00
O007209,2026-03-29,C00319,P031,8,610.29,4882.32,sales.csv,2026-09-29T03:58:58.984726+00:00
O004073,2026-03-28,C00047,P045,8,449.80,3598.40,sales.csv,2026-09-29T03:58:58.984726+00:00
O008255,2026-01-21,C00474,P016,5,756.63,3783.15,sales.csv,2026-09-29T03:58:58.984726+00:00
O009193,2026-01-23,C00249,P017,10,96.64,966.40,sales.csv,2026-09-29T03:58:58.984726+00:00
O000146,2026-05-20,C00410,P039,4,640.93,2563.72,sales.csv,2026-09-29T03:58:58.984726+00:00
O004211,2026-05-19,C00220,P032,2,915.07,1830.14,sales.csv,2026-09-29T03:58:58.984726+00:00
O001100,2026-04-10,C00214,P044,6,724.68,4348.08,sales.csv,2026-09-29T03:58:58.984726+00:00
O001319,2026-02-18,C00211,P036,7,518.40,3628.80,sales.csv,2026-09-29T03:58:58.984726+00:00
O005027,2026-05-04,C00367,P025,2,15.68,31.36,sales.csv,2026-09-29T03:58:58.984726+00:00
O003853,2026-03-15,C00375,P044,10,81.30,813.00,sales.csv,2026-09-29T03:58:58.984726+00:00
O002779,2026-01-10,C00112,P048,4,551.73,2206.92,sales.csv,2026-09-29T03:58:58.984726+00:00
O002822,2026-01-20,C00254,P024,4,513.22,2052.88,sales.csv,2026-09-29T03:58:58.984726+00:00
O001687,2026-06-08,C00024,P016,3,19.82,59.46,sales.csv,2026-09-29T03:58:58.984726+00:00
O004362,2026-04-19,C00129,P045,5,769.33,3846.65,sales.csv,2026-09-29T03:58:58.984726+00:00
O001006,2026-01-27,C00197,P033,10,402.23,4022.30,sales.csv,2026-09-29T03:58:58.984726+00:00
O009253,2026-02-15,C00416,P046,5,39.42,197.10,sales.csv,2026-09-29T03:58:58.984726+00:00
O001890,2026-06-22,C00252,P043,9,899.33,8093.97,sales.csv,2026-09-29T03:58:58.984726+00:00
O002790,2026-03-14,C00360,P040,2,115.84,231.68,sales.csv,2026-09-29T03:58:58.984726+00:00
O008867,2026-04-15,C00341,P026,7,955.22,6686.54,sales.csv,2026-09-29T03:58:58.984726+00:00
O001426,2026-01-14,C00125,P040,3,378.07,1134.21,sales.csv,2026-09-29T03:58:58.984726+00:00
O008210,2026-02-26,C00110,P029,5,339.52,1697.60,sales.csv,2026-09-29T03:58:58.984726+00:00
O005130,2026-06-25,C00010,P010,6,387.57,2325.42,sales.csv,2026-09-29T03:58:58.984726+00:00
O004415,2026-06-28,C00326,P006,9,194.75,1752.75,sales.csv,2026-09-29T03:58:58.984726+00:00
O003395,2026-05-06,C00121,P025,9,173.61,1562.49,sales.csv,2026-09-29T03:58:58.984726+00:00
O001967,2026-06-25,C00211,P021,8,628.00,5024.00,sales.csv,2026-09-29T03:58:58.984726+00:00
O001138,2026-05-09,C00055,P019,5,796.03,3980.15,sales.csv,2026-09-29T03:58:58.984726+00:00
O001338,2026-04-28,C00377,P050,2,684.06,1368.12,sales.csv,2026-09-29T03:58:58.984726+00:00
O003569,2026-03-31,C00460,P015,2,551.34,1102.68,sales.csv,2026-09-29T03:58:58.984726+00:00
O001164,2026-03-09,C00376,P041,2,954.45,1908.90,sales.csv,2026-09-29T03:58:58.984726+00:00
O003398,2026-02-15,C00443,P011,7,721.98,5053.86,sales.csv,2026-09-29T03:58:58.984726+00:00
O007019,2026-03-08,C00053,P032,9,265.37,2388.33,sales.csv,2026-09-29T03:58:58.984726+00:00
O005597,2026-06-25,C00349,P032,5,733.88,3669.40,sales.csv,2026-09-29T03:58:58.984726+00:00
O001607,2026-06-04,C00004,P037,8,959.02,7672.16,sales.csv,2026-09-29T03:58:58.984726+00:00
O006698,2026-06-01,C00131,P036,4,910.63,3642.52,sales.csv,2026-09-29T03:58:58.984726+00:00
O009469,2026-05-11,C00012,P027,3,329.39,988.17,sales.csv,2026-09-29T03:58:58.984726+00:00
O007523,2026-03-08,C00408,P046,8,135.51,1084.08,sales.csv,2026-09-29T03:58:58.984726+00:00
O003551,2026-04-08,C00412,P027,7,132.15,925.05,sales.csv,2026-09-29T03:58:58.984726+00:00
O000125,2026-06-06,C00436,P050,2,597.92,1195.84,sales.csv,2026-09-29T03:58:58.984726+00:00
O001409,2026-01-13,C00345,P047,7,585.07,4095.49,sales.csv,2026-09-29T03:58:58.984726+00:00
O006992,2026-04-07,C00149,P029,5,322.20,1611.00,sales.csv,2026-09-29T03:58:58.984726+00:00
O005667,2026-03-27,C00119,P032,9,701.33,6311.97,sales.csv,2026-09-29T03:58:58.984726+00:00
O006736,2026-05-29,C00425,P013,3,469.71,1409.13,sales.csv,2026-09-29T03:58:58.984726+00:00
O005950,2026-06-28,C00104,P007,10,586.52,5865.20,sales.csv,2026-09-29T03:58:58.984726+00:00
O006341,2026-01-03,C00169,P040,3,73.89,221.67,sales.csv,2026-09-29T03:58:58.984726+00:00
O005281,2026-03-05,C00406,P011,7,153.49,1074.43,sales.csv,2026-09-29T03:58:58.984726+00:00
O001154,2026-03-14,C00318,P005,4,417.52,1670.08,sales.csv,2026-09-29T03:58:58.984726+00:00
O002288,2026-01-11,C00239,P033,10,441.89,4418.90,sales.csv,2026-09-29T03:58:58.984726+00:00
O002223,2026-06-10,C00321,P007,1,630.10,630.10,sales.csv,2026-09-29T03:58:58.984726+00:00
O007557,2026-03-04,C00120,P007,9,95.29,857.61,sales.csv,2026-09-29T03:58:58.984726+00:00
O008757,2026-04-19,C00205,P030,1,18.91,18.91,sales.csv,2026-09-29T03:58:58.984726+00:00
O004245,2026-01-10,C00395,P001,6,933.40,5600.40,sales.csv,2026-09-29T03:58:58.984726+00:00
O005185,2026-03-21,C00086,P026,1,303.70,303.70,sales.csv,2026-09-29T03:58:58.984726+00:00
O005750,2026-05-18,C00447,P041,5,537.86,2689.30,sales.csv,2026-09-29T03:58:58.984726+00:00
O002011,2026-01-20,C00127,P050,8,888.23,7105.84,sales.csv,2026-09-29T03:58:58.984726+00:00
O001640,2026-05-17,C00327,P023,7,801.17,5608.19,sales.csv,2026-09-29T03:58:58.984726+00:00
O007174,2026-05-14,C00059,P047,1,406.95,406.95,sales.csv,2026-09-29T03:58:58.984726+00:00
O008709,2026-01-24,C00403,P011,5,375.51,1877.55,sales.csv,2026-09-29T03:58:58.984726+00:00
O000110,2026-03-07,C00023,P046,7,3.21,22.47,sales.csv,2026-09-29T03:58:58.984726+00:00
O005993,2026-04-19,C00308,P005,1,415.70,415.70,sales.csv,2026-09-29T03:58:58.984726+00:00
O003252,2026-06-07,C00076,P010,3,624.20,1872.60,sales.csv,2026-09-29T03:58:58.984726+00:00
O002627,2026-01-06,C00086,P039,5,914.18,4570.90,sales.csv,2026-09-29T03:58:58.984726+00:00
O006345,2026-05-24,C00464,P040,7,164.97,1154.79,sales.csv,2026-09-29T03:58:58.984726+00:00
O007923,2026-01-01,C00155,P035,5,700.04,3500.20,sales.csv,2026-09-29T03:58:58.984726+00:00
O002983,2026-01-26,C00492,P038,8,482.47,3859.76,sales.csv,2026-09-29T03:58:58.984726+00:00
O004658,2026-02-12,C00134,P006,6,245.58,1473.48,sales.csv,2026-09-29T03:58:58.984726+00:00
O001783,2026-05-19,C00500,P011,9,396.26,3566.34,sales.csv,2026-09-29T03:58:58.984726+00:00
O009196,2026-04-21,C00403,P032,3,252.64,757.92,sales.csv,2026-09-29T03:58:58.984726+00:00
O006031,2026-02-02,C00112,P034,7,947.38,6631.66,sales.csv,2026-09-29T03:58:58.984726+00:00
O001527,2026-03-28,C00473,P044,8,622.93,4983.44,sales.csv,2026-09-29T03:58:58.984726+00:00
O008677,2026-01-16,C00044,P009,1,296.42,296.42,sales.csv,2026-09-29T03:58:58.984726+00:00
O008888,2026-05-28,C00180,P001,1,255.05,255.05,sales.csv,2026-09-29T03:58:58.984726+00:00
O006272,2026-03-26,C00001,P013,8,61.79,494.32,sales.csv,2026-09-29T03:58:58.984726+00:00
O004008,2026-06-28,C00306,P020,6,509.22,3055.32,sales.csv,2026-09-29T03:58:58.984726+00:00
O004527,2026-01-17,C00412,P019,5,753.46,3767.30,sales.csv,2026-09-29T03:58:58.984726+00:00
O007312,2026-06-23,C00075,P036,3,947.80,2843.40,sales.csv,2026-09-29T03:58:58.984726+00:00
O005822,2026-06-20,C00374,P002,10,356.98,3569.80,sales.csv,2026-09-29T03:58:58.984726+00:00
O003865,2026-06-22,C00046,P021,10,474.79,4747.90,sales.csv,2026-09-29T03:58:58.984726+00:00
O000189,2026-05-31,C00390,P034,10,371.93,3719.30,sales.csv,2026-09-29T03:58:58.984726+00:00
O001853,2026-02-13,C00462,P049,9,6.67,60.03,sales.csv,2026-09-29T03:58:58.984726+00:00
O001042,2026-01-27,C00214,P038,8,746.72,5973.76,sales.csv,2026-09-29T03:58:58.984726+00:00
O001067,2026-04-26,C00059,P007,4,3.87,15.48,sales.csv,2026-09-29T03:58:58.984726+00:00
O001557,2026-02-13,C00037,P020,10,444.99,4449.90,sales.csv,2026-09-29T03:58:58.984726+00:00
O006302,2026-04-07,C00163,P009,5,56.08,280.40,sales.csv,2026-09-29T03:58:58.984726+00:00
O004792,2026-06-20,C00292,P039,6,169.03,1014.18,sales.csv,2026-09-29T03:58:58.984726+00:00
O007131,2026-03-31,C00396,P026,7,597.71,4183.97,sales.csv,2026-09-29T03:58:58.984726+00:00
O004329,2026-02-02,C00296,P012,10,158.25,1582.50,sales.csv,2026-09-29T03:58:58.984726+00:00
O002882,2026-06-15,C00377,P014,2,99.49,198.98,sales.csv,2026-09-29T03:58:58.984726+00:00
O002218,2026-03-13,C00471,P027,9,589.33,5303.97,sales.csv,2026-09-29T03:58:58.984726+00:00
O009060,2026-01-03,C00303,P044,6,658.32,3949.92,sales.csv,2026-09-29T03:58:58.984726+00:00
O009256,2026-06-11,C00298,P028,4,265.88,1063.52,sales.csv,2026-09-29T03:58:58.984726+00:00
O002382,2026-01-21,C00031,P009,6,654.69,3928.14,sales.csv,2026-09-29T03:58:58.984726+00:00
O006394,2026-03-02,C00176,P047,7,174.21,1219.47,sales.csv,2026-09-29T03:58:58.984726+00:00
O009405,2026-06-16,C00168,P034,2,896.35,1792.70,sales.csv,2026-09-29T03:58:58.984726+00:00
O006567,2026-05-01,C00478,P019,1,189.37,189.37,sales.csv,2026-09-29T03:58:58.984726+00:00
O001927,2026-03-10,C00422,P019,3,337.12,1011.36,sales.csv,2026-09-29T03:58:58.984726+00:00
O007017,2026-06-10,C00258,P025,7,803.95,5627.65,sales.csv,2026-09-29T03:58:58.984726+00:00
O006969,2026-04-29,C00278,P050,3,157.26,471.78,sales.csv,2026-09-29T03:58:58.984726+00:00
O002830,2026-01-02,C00082,P034,5,160.37,801.85,sales.csv,2026-09-29T03:58:58.984726+00:00
O004708,2026-06-08,C00367,P032,3,655.81,1967.43,sales.csv,2026-09-29T03:58:58.984726+00:00
O008520,2026-01-09,C00172,P025,7,712.39,4986.73,sales.csv,2026-09-29T03:58:58.984726+00:00
O000186,2026-03-20,C00129,P015,2,946.40,1892.80,sales.csv,2026-09-29T03:58:58.984726+00:00
O001730,2026-04-16,C00439,P034,8,284.69,2277.52,sales.csv,2026-09-29T03:58:58.984726+00:00
O000791,2026-04-11,C00152,P042,1,314.70,314.70,sales.csv,2026-09-29T03:58:58.984726+00:00
O004197,2026-06-01,C00154,P017,2,194.94,389.88,sales.csv,2026-09-29T03:58:58.984726+00:00
O007727,2026-01-31,C00430,P048,2,809.84,1619.68,sales.csv,2026-09-29T03:58:58.984726+00:00
O002904,2026-01-14,C00459,P003,10,349.88,3498.80,sales.csv,2026-09-29T03:58:58.984726+00:00
O003201,2026-01-25,C00377,P038,7,255.65,1789.55,sales.csv,2026-09-29T03:58:58.984726+00:00
O005252,2026-05-07,C00486,P039,10,129.56,1295.60,sales.csv,2026-09-29T03:58:58.984726+00:00
O008623,2026-05-19,C00389,P004,7,546.51,3825.57,sales.csv,2026-09-29T03:58:58.984726+00:00
O007615,2026-02-02,C00002,P013,6,794.91,4769.46,sales.csv,2026-09-29T03:58:58.984726+00:00
O007446,2026-05-27,C00307,P017,6,339.43,2036.58,sales.csv,2026-09-29T03:58:58.984726+00:00
O003027,2026-06-28,C00457,P008,10,618.32,6183.20,sales.csv,2026-09-29T03:58:58.984726+00:00
O003545,2026-01-24,C00497,P012,9,758.99,6830.91,sales.csv,2026-09-29T03:58:58.984726+00:00
O002128,2026-05-02,C00110,P029,2,485.04,970.08,sales.csv,2026-09-29T03:58:58.984726+00:00
O008215,2026-04-14,C00494,P020,2,6.64,13.28,sales.csv,2026-09-29T03:58:58.984726+00:00
O007874,2026-01-13,C00337,P020,2,657.67,1315.34,sales.csv,2026-09-29T03:58:58.984726+00:00
O009393,2026-06-12,C00230,P034,3,859.36,2578.08,sales.csv,2026-09-29T03:58:58.984726+00:00
O000004,2026-01-08,C00048,P014,4,663.37,2653.48,sales.csv,2026-09-29T03:58:58.984726+00:00
O004741,2026-03-10,C00214,P008,8,950.99,7607.92,sales.csv,2026-09-29T03:58:58.984726+00:00
O006131,2026-04-06,C00355,P048,5,173.08,865.40,sales.csv,2026-09-29T03:58:58.984726+00:00
O006799,2026-02-21,C00450,P046,7,648.30,4538.10,sales.csv,2026-09-29T03:58:58.984726+00:00
O001411,2026-04-21,C00149,P026,3,174.26,522.78,sales.csv,2026-09-29T03:58:58.984726+00:00
O009020,2026-06-21,C00417,P048,10,292.78,2927.80,sales.csv,2026-09-29T03:58:58.984726+00:00
O005959,2026-01-26,C00298,P042,5,834.79,4173.95,sales.csv,2026-09-29T03:58:58.984726+00:00
O006493,2026-05-15,C00077,P039,1,882.67,882.67,sales.csv,2026-09-29T03:58:58.984726+00:00
O008909,2026-02-28,C00368,P031,1,10.05,10.05,sales.csv,2026-09-29T03:58:58.984726+00:00
O004172,2026-01-16,C00013,P033,4,827.63,3310.52,sales.csv,2026-09-29T03:58:58.984726+00:00
O002192,2026-06-27,C00069,P042,1,798.94,798.94,sales.csv,2026-09-29T03:58:58.984726+00:00
O003745,2026-02-28,C00191,P026,1,205.37,205.37,sales.csv,2026-09-29T03:58:58.984726+00:00
O005978,2026-02-01,C00201,P038,1,504.90,504.90,sales.csv,2026-09-29T03:58:58.984726+00:00
O001301,2026-02-12,C00204,P007,2,84.61,169.22,sales.csv,2026-09-29T03:58:58.984726+00:00
O003249,2026-05-28,C00396,P038,10,364.38,3643.80,sales.csv,2026-09-29T03:58:58.984726+00:00
O008052,2026-06-15,C00391,P021,10,547.90,5479.00,sales.csv,2026-09-29T03:58:58.984726+00:00
O006704,2026-06-15,C00300,P025,3,153.79,461.37,sales.csv,2026-09-29T03:58:58.984726+00:00
O009391,2026-05-08,C00301,P003,3,4.19,12.57,sales.csv,2026-09-29T03:58:58.984726+00:00
O002841,2026-04-25,C00217,P039,5,418.79,2093.95,sales.csv,2026-09-29T03:58:58.984726+00:00
O007125,2026-02-19,C00152,P044,5,641.75,3208.75,sales.csv,2026-09-29T03:58:58.984726+00:00
O008593,2026-04-21,C00041,P030,3,655.09,1965.27,sales.csv,2026-09-29T03:58:58.984726+00:00
O009075,2026-04-10,C00067,P039,8,509.67,4077.36,sales.csv,2026-09-29T03:58:58.984726+00:00
O001182,2026-04-07,C00188,P038,2,678.20,1356.40,sales.csv,2026-09-29T03:58:58.984726+00:00
O005230,2026-03-18,C00194,P039,1,209.56,209.56,sales.csv,2026-09-29T03:58:58.984726+00:00
O003458,2026-05-18,C00447,P006,1,586.41,586.41,sales.csv,2026-09-29T03:58:58.984726+00:00
O003671,2026-05-04,C00430,P029,7,730.18,5111.26,sales.csv,2026-09-29T03:58:58.984726+00:00
O005976,2026-02-13,C00334,P017,5,255.48,1277.40,sales.csv,2026-09-29T03:58:58.984726+00:00
O002381,2026-03-02,C00378,P028,4,813.33,3253.32,sales.csv,2026-09-29T03:58:58.984726+00:00
O009039,2026-01-29,C00061,P036,7,64.00,448.00,sales.csv,2026-09-29T03:58:58.984726+00:00
O008119,2026-02-11,C00195,P031,3,687.82,2063.46,sales.csv,2026-09-29T03:58:58.984726+00:00
O001124,2026-05-11,C00229,P032,1,389.54,389.54,sales.csv,2026-09-29T03:58:58.984726+00:00
O000181,2026-05-02,C00331,P046,8,588.43,4707.44,sales.csv,2026-09-29T03:58:58.984726+00:00
O003425,2026-06-05,C00332,P035,1,575.77,575.77,sales.csv,2026-09-29T03:58:58.984726+00:00
O002486,2026-05-05,C00373,P026,5,865.09,4325.45,sales.csv,2026-09-29T03:58:58.984726+00:00
O006146,2026-04-14,C00404,P012,1,970.48,970.48,sales.csv,2026-09-29T03:58:58.984726+00:00
O007347,2026-02-07,C00123,P028,9,662.89,5966.01,sales.csv,2026-09-29T03:58:58.984726+00:00
O008920,2026-06-25,C00347,P008,8,552.76,4422.08,sales.csv,2026-09-29T03:58:58.984726+00:00
O000562,2026-03-05,C00004,P017,7,309.70,2167.90,sales.csv,2026-09-29T03:58:58.984726+00:00
O001933,2026-06-18,C00282,P012,1,947.96,947.96,sales.csv,2026-09-29T03:58:58.984726+00:00
O005429,2026-05-23,C00482,P028,2,752.91,1505.82,sales.csv,2026-09-29T03:58:58.984726+00:00
O001511,2026-02-23,C00314,P004,2,749.90,1499.80,sales.csv,2026-09-29T03:58:58.984726+00:00
O009455,2026-05-02,C00010,P046,3,461.51,1384.53,sales.csv,2026-09-29T03:58:58.984726+00:00
O003540,2026-02-11,C00218,P018,4,285.73,1142.92,sales.csv,2026-09-29T03:58:58.984726+00:00
O006468,2026-04-12,C00223,P048,5,942.75,4713.75,sales.csv,2026-09-29T03:58:58.984726+00:00
O008296,2026-04-22,C00141,P001,4,194.12,776.48,sales.csv,2026-09-29T03:58:58.984726+00:00
O007340,2026-02-24,C00382,P020,6,73.46,440.76,sales.csv,2026-09-29T03:58:58.984726+00:00
O004883,2026-06-21,C00477,P031,1,351.13,351.13,sales.csv,2026-09-29T03:58:58.984726+00:00
O005956,2026-01-12,C00400,P048,2,827.20,1654.40,sales.csv,2026-09-29T03:58:58.984726+00:00
O007948,2026-04-24,C00036,P043,2,73.31,146.62,sales.csv,2026-09-29T03:58:58.984726+00:00
O000921,2026-03-20,C00402,P026,8,642.06,5136.48,sales.csv,2026-09-29T03:58:58.984726+00:00
O008849,2026-05-24,C00067,P047,2,688.71,1377.42,sales.csv,2026-09-29T03:58:58.984726+00:00
O008696,2026-05-12,C00187,P019,2,733.89,1467.78,sales.csv,2026-09-29T03:58:58.984726+00:00
O006471,2026-02-19,C00452,P021,10,649.67,6496.70,sales.csv,2026-09-29T03:58:58.984726+00:00
O008176,2026-06-12,C00315,P003,10,730.90,7309.00,sales.csv,2026-09-29T03:58:58.984726+00:00
O006207,2026-01-05,C00428,P003,10,289.84,2898.40,sales.csv,2026-09-29T03:58:58.984726+00:00
O001775,2026-04-06,C00498,P019,1,195.43,195.43,sales.csv,2026-09-29T03:58:58.984726+00:00
O001578,2026-06-27,C00303,P028,7,744.45,5211.15,sales.csv,2026-09-29T03:58:58.984726+00:00
O000132,2026-04-29,C00342,P034,9,781.47,7033.23,sales.csv,2026-09-29T03:58:58.984726+00:00
O008072,2026-02-20,C00128,P033,2,291.08,582.16,sales.csv,2026-09-29T03:58:58.984726+00:00
O009034,2026-04-25,C00131,P035,1,510.42,510.42,sales.csv,2026-09-29T03:58:58.984726+00:00
O004477,2026-05-15,C00239,P047,2,714.52,1429.04,sales.csv,2026-09-29T03:58:58.984726+00:00
O005353,2026-01-23,C00220,P047,5,95.39,476.95,sales.csv,2026-09-29T03:58:58.984726+00:00
O004161,2026-03-19,C00203,P016,3,22.46,67.38,sales.csv,2026-09-29T03:58:58.984726+00:00
O002701,2026-05-03,C00429,P039,3,40.56,121.68,sales.csv,2026-09-29T03:58:58.984726+00:00
O000098,2026-04-16,C00013,P012,6,540.64,3243.84,sales.csv,2026-09-29T03:58:58.984726+00:00
O006550,2026-05-26,C00397,P025,4,890.02,3560.08,sales.csv,2026-09-29T03:58:58.984726+00:00
O009491,2026-01-26,C00026,P039,4,250.51,1002.04,sales.csv,2026-09-29T03:58:58.984726+00:00
O008903,2026-02-23,C00100,P009,8,570.47,4563.76,sales.csv,2026-09-29T03:58:58.984726+00:00
O000149,2026-02-12,C00431,P030,3,816.60,2449.80,sales.csv,2026-09-29T03:58:58.984726+00:00
O008164,2026-02-07,C00173,P010,8,430.00,3440.00,sales.csv,2026-09-29T03:58:58.984726+00:00
O008899,2026-05-03,C00189,P008,3,450.05,1350.15,sales.csv,2026-09-29T03:58:58.984726+00:00
O000068,2026-03-22,C00030,P004,10,625.93,6259.30,sales.csv,2026-09-29T03:58:58.984726+00:00
O006015,2026-04-29,C00063,P024,7,346.47,2425.29,sales.csv,2026-09-29T03:58:58.984726+00:00
O005371,2026-06-09,C00244,P042,9,551.96,4967.64,sales.csv,2026-09-29T03:58:58.984726+00:00
O000901,2026-01-03,C00136,P014,4,909.55,3638.20,sales.csv,2026-09-29T03:58:58.984726+00:00
O005504,2026-06-24,C00230,P032,5,818.77,4093.85,sales.csv,2026-09-29T03:58:58.984726+00:00
O009267,2026-06-01,C00452,P030,8,742.58,5940.64,sales.csv,2026-09-29T03:58:58.984726+00:00
O006413,2026-06-23,C00457,P044,3,840.61,2521.83,sales.csv,2026-09-29T03:58:58.984726+00:00
O006865,2026-06-28,C00039,P050,10,280.34,2803.40,sales.csv,2026-09-29T03:58:58.984726+00:00
O004537,2026-01-06,C00396,P033,5,747.43,3737.15,sales.csv,2026-09-29T03:58:58.984726+00:00
O002475,2026-04-04,C00409,P044,3,682.24,2046.72,sales.csv,2026-09-29T03:58:58.984726+00:00
O003666,2026-02-27,C00227,P003,4,719.25,2877.00,sales.csv,2026-09-29T03:58:58.984726+00:00
O006625,2026-03-08,C00037,P041,8,552.44,4419.52,sales.csv,2026-09-29T03:58:58.984726+00:00
O007784,2026-01-29,C00178,P014,6,779.22,4675.32,sales.csv,2026-09-29T03:58:58.984726+00:00
O008069,2026-03-12,C00164,P014,10,241.15,2411.50,sales.csv,2026-09-29T03:58:58.984726+00:00
O008415,2026-05-19,C00452,P034,6,191.75,1150.50,sales.csv,2026-09-29T03:58:58.984726+00:00
O002233,2026-06-23,C00029,P036,1,387.55,387.55,sales.csv,2026-09-29T03:58:58.984726+00:00
O004385,2026-01-25,C00322,P037,1,875.64,875.64,sales.csv,2026-09-29T03:58:58.984726+00:00
O004575,2026-06-03,C00145,P026,3,77.26,231.78,sales.csv,2026-09-29T03:58:58.984726+00:00
O008150,2026-03-17,C00303,P003,9,976.66,8789.94,sales.csv,2026-09-29T03:58:58.984726+00:00
O003627,2026-05-14,C00053,P006,10,786.18,7861.80,sales.csv,2026-09-29T03:58:58.984726+00:00
O004775,2026-01-30,C00311,P050,2,152.95,305.90,sales.csv,2026-09-29T03:58:58.984726+00:00
O007243,2026-02-23,C00186,P042,5,332.81,1664.05,sales.csv,2026-09-29T03:58:58.984726+00:00
O000886,2026-02-07,C00301,P046,3,146.38,439.14,sales.csv,2026-09-29T03:58:58.984726+00:00
O007164,2026-03-19,C00342,P048,7,23.89,167.23,sales.csv,2026-09-29T03:58:58.984726+00:00
O007634,2026-05-27,C00047,P036,1,960.89,960.89,sales.csv,2026-09-29T03:58:58.984726+00:00
O005470,2026-01-27,C00426,P031,8,421.89,3375.12,sales.csv,2026-09-29T03:58:58.984726+00:00
O000020,2026-02-13,C00274,P047,4,215.17,860.68,sales.csv,2026-09-29T03:58:58.984726+00:00
O005874,2026-02-08,C00499,P002,4,834.51,3338.04,sales.csv,2026-09-29T03:58:58.984726+00:00
O004179,2026-01-18,C00496,P010,7,433.73,3036.11,sales.csv,2026-09-29T03:58:58.984726+00:00
O000321,2026-03-28,C00424,P030,7,546.24,3823.68,sales.csv,2026-09-29T03:58:58.984726+00:00
O003684,2026-04-25,C00287,P042,1,456.61,456.61,sales.csv,2026-09-29T03:58:58.984726+00:00
O005378,2026-05-31,C00036,P023,1,458.57,458.57,sales.csv,2026-09-29T03:58:58.984726+00:00
O009061,2026-01-09,C00212,P009,8,344.77,2758.16,sales.csv,2026-09-29T03:58:58.984726+00:00
O001239,2026-04-13,C00181,P043,7,532.43,3727.01,sales.csv,2026-09-29T03:58:58.984726+00:00
O006950,2026-06-22,C00095,P016,3,329.37,988.11,sales.csv,2026-09-29T03:58:58.984726+00:00
O002748,2026-01-22,C00350,P027,9,590.94,5318.46,sales.csv,2026-09-29T03:58:58.984726+00:00
O005732,2026-04-23,C00041,P014,6,669.01,4014.06,sales.csv,2026-09-29T03:58:58.984726+00:00
O008083,2026-05-08,C00028,P038,5,832.06,4160.30,sales.csv,2026-09-29T03:58:58.984726+00:00
O006484,2026-04-07,C00317,P038,3,339.54,1018.62,sales.csv,2026-09-29T03:58:58.984726+00:00
O000631,2026-03-04,C00256,P036,6,338.28,2029.68,sales.csv,2026-09-29T03:58:58.984726+00:00
O003086,2026-03-08,C00445,P032,3,299.08,897.24,sales.csv,2026-09-29T03:58:58.984726+00:00
O009114,2026-05-14,C00487,P035,3,257.14,771.42,sales.csv,2026-09-29T03:58:58.984726+00:00
O007327,2026-04-20,C00073,P044,10,110.28,1102.80,sales.csv,2026-09-29T03:58:58.984726+00:00
O000731,2026-04-19,C00096,P032,9,909.89,8189.01,sales.csv,2026-09-29T03:58:58.984726+00:00
O003416,2026-02-21,C00166,P009,5,85.95,429.75,sales.csv,2026-09-29T03:58:58.984726+00:00
O006502,2026-05-07,C00231,P030,8,287.18,2297.44,sales.csv,2026-09-29T03:58:58.984726+00:00
O001617,2026-05-01,C00233,P033,8,753.30,6026.40,sales.csv,2026-09-29T03:58:58.984726+00:00
O000918,2026-01-23,C00151,P043,10,630.57,6305.70,sales.csv,2026-09-29T03:58:58.984726+00:00
O001307,2026-01-08,C00018,P043,6,427.24,2563.44,sales.csv,2026-09-29T03:58:58.984726+00:00
O007618,2026-05-04,C00331,P015,6,108.59,651.54,sales.csv,2026-09-29T03:58:58.984726+00:00
O004035,2026-02-12,C00072,P009,10,738.63,7386.30,sales.csv,2026-09-29T03:58:58.984726+00:00
O000163,2026-05-28,C00347,P025,7,938.18,6567.26,sales.csv,2026-09-29T03:58:58.984726+00:00
O008652,2026-06-16,C00067,P029,8,845.51,6764.08,sales.csv,2026-09-29T03:58:58.984726+00:00
O002739,2026-02-06,C00393,P020,9,115.25,1037.25,sales.csv,2026-09-29T03:58:58.984726+00:00
O002058,2026-02-09,C00379,P045,8,636.76,5094.08,sales.csv,2026-09-29T03:58:58.984726+00:00
O003722,2026-04-14,C00022,P023,1,630.70,630.70,sales.csv,2026-09-29T03:58:58.984726+00:00
O005817,2026-04-15,C00028,P010,4,996.59,3986.36,sales.csv,2026-09-29T03:58:58.984726+00:00
O009290,2026-05-18,C00349,P042,5,579.50,2897.50,sales.csv,2026-09-29T03:58:58.984726+00:00
O006708,2026-01-01,C00072,P021,7,316.24,2213.68,sales.csv,2026-09-29T03:58:58.984726+00:00
O009364,2026-02-09,C00252,P010,8,521.75,4174.00,sales.csv,2026-09-29T03:58:58.984726+00:00
O008405,2026-01-02,C00469,P033,4,357.90,1431.60,sales.csv,2026-09-29T03:58:58.984726+00:00
O006788,2026-04-14,C00190,P022,10,87.94,879.40,sales.csv,2026-09-29T03:58:58.984726+00:00
O004268,2026-03-04,C00485,P031,1,131.36,131.36,sales.csv,2026-09-29T03:58:58.984726+00:00
O003889,2026-03-14,C00175,P047,6,903.44,5420.64,sales.csv,2026-09-29T03:58:58.984726+00:00
O001645,2026-03-28,C00347,P045,3,411.60,1234.80,sales.csv,2026-09-29T03:58:58.984726+00:00
O004793,2026-06-27,C00299,P032,1,128.36,128.36,sales.csv,2026-09-29T03:58:58.984726+00:00
O000619,2026-05-03,C00107,P022,5,21.09,105.45,sales.csv,2026-09-29T03:58:58.984726+00:00
O009228,2026-05-09,C00194,P031,10,385.49,3854.90,sales.csv,2026-09-29T03:58:58.984726+00:00
O005837,2026-04-29,C00195,P004,1,656.62,656.62,sales.csv,2026-09-29T03:58:58.984726+00:00
O004812,2026-03-31,C00191,P019,7,227.07,1589.49,sales.csv,2026-09-29T03:58:58.984726+00:00
O008670,2026-05-20,C00309,P022,6,701.78,4210.68,sales.csv,2026-09-29T03:58:58.984726+00:00
O000716,2026-04-14,C00323,P012,3,840.48,2521.44,sales.csv,2026-09-29T03:58:58.984726+00:00
O003000,2026-01-18,C00024,P002,3,304.69,914.07,sales.csv,2026-09-29T03:58:58.984726+00:00
O000516,2026-04-11,C00316,P048,5,779.20,3896.00,sales.csv,2026-09-29T03:58:58.984726+00:00
O006755,2026-01-19,C00191,P017,3,927.32,2781.96,sales.csv,2026-09-29T03:58:58.984726+00:00
O005218,2026-01-10,C00325,P014,1,364.06,364.06,sales.csv,2026-09-29T03:58:58.984726+00:00
O001533,2026-03-26,C00410,P023,2,196.69,393.38,sales.csv,2026-09-29T03:58:58.984726+00:00
O008729,2026-06-01,C00440,P020,9,46.04,414.36,sales.csv,2026-09-29T03:58:58.984726+00:00
O008218,2026-06-15,C00285,P003,6,641.82,3850.92,sales.csv,2026-09-29T03:58:58.984726+00:00
O000205,2026-03-03,C00089,P036,2,206.17,412.34,sales.csv,2026-09-29T03:58:58.984726+00:00
O003530,2026-04-13,C00295,P019,1,818.48,818.48,sales.csv,2026-09-29T03:58:58.984726+00:00
O002570,2026-04-08,C00088,P024,2,443.96,887.92,sales.csv,2026-09-29T03:58:58.984726+00:00
O008133,2026-04-17,C00231,P024,2,736.55,1473.10,sales.csv,2026-09-29T03:58:58.984726+00:00
O008902,2026-04-13,C00371,P050,7,788.06,5516.42,sales.csv,2026-09-29T03:58:58.984726+00:00
O004889,2026-02-27,C00171,P047,7,465.05,3255.35,sales.csv,2026-09-29T03:58:58.984726+00:00
O005354,2026-01-20,C00290,P050,6,433.46,2600.76,sales.csv,2026-09-29T03:58:58.984726+00:00
O004599,2026-05-17,C00056,P010,8,972.13,7777.04,sales.csv,2026-09-29T03:58:58.984726+00:00
O001420,2026-06-21,C00212,P028,6,457.53,2745.18,sales.csv,2026-09-29T03:58:58.984726+00:00
O007439,2026-02-25,C00310,P041,3,191.70,575.10,sales.csv,2026-09-29T03:58:58.984726+00:00
O004828,2026-06-30,C00101,P002,1,741.72,741.72,sales.csv,2026-09-29T03:58:58.984726+00:00
O008542,2026-02-15,C00007,P024,1,195.76,195.76,sales.csv,2026-09-29T03:58:58.984726+00:00
O006465,2026-04-30,C00299,P004,6,948.23,5689.38,sales.csv,2026-09-29T03:58:58.984726+00:00
O004807,2026-06-29,C00364,P019,1,328.28,328.28,sales.csv,2026-09-29T03:58:58.984726+00:00
O009324,2026-05-13,C00184,P029,8,787.43,6299.44,sales.csv,2026-09-29T03:58:58.984726+00:00
O008169,2026-01-21,C00338,P024,9,740.06,6660.54,sales.csv,2026-09-29T03:58:58.984726+00:00
O001038,2026-01-24,C00191,P022,3,150.20,450.60,sales.csv,2026-09-29T03:58:58.984726+00:00
O000759,2026-01-24,C00207,P033,5,911.56,4557.80,sales.csv,2026-09-29T03:58:58.984726+00:00
O002370,2026-02-26,C00034,P043,5,852.89,4264.45,sales.csv,2026-09-29T03:58:58.984726+00:00
O006417,2026-04-18,C00449,P032,7,536.00,3752.00,sales.csv,2026-09-29T03:58:58.984726+00:00
O004355,2026-01-17,C00291,P007,4,371.68,1486.72,sales.csv,2026-09-29T03:58:58.984726+00:00
O003265,2026-04-08,C00192,P012,1,257.68,257.68,sales.csv,2026-09-29T03:58:58.984726+00:00
O008282,2026-05-03,C00066,P013,4,97.43,389.72,sales.csv,2026-09-29T03:58:58.984726+00:00
O000296,2026-03-13,C00017,P045,6,285.77,1714.62,sales.csv,2026-09-29T03:58:58.984726+00:00
O005639,2026-02-01,C00312,P001,6,310.21,1861.26,sales.csv,2026-09-29T03:58:58.984726+00:00
O001282,2026-03-18,C00129,P036,10,63.53,635.30,sales.csv,2026-09-29T03:58:58.984726+00:00
O002984,2026-06-20,C00141,P026,7,915.42,6407.94,sales.csv,2026-09-29T03:58:58.984726+00:00
O006718,2026-02-24,C00126,P050,6,83.13,498.78,sales.csv,2026-09-29T03:58:58.984726+00:00
O004078,2026-03-27,C00266,P044,7,366.06,2562.42,sales.csv,2026-09-29T03:58:58.984726+00:00
O005552,2026-01-01,C00032,P001,6,258.82,1552.92,sales.csv,2026-09-29T03:58:58.984726+00:00
O008826,2026-02-03,C00244,P022,3,657.00,1971.00,sales.csv,2026-09-29T03:58:58.984726+00:00
O000092,2026-01-10,C00428,P024,10,725.20,7252.00,sales.csv,2026-09-29T03:58:58.984726+00:00
O005579,2026-04-24,C00490,P027,2,604.77,1209.54,sales.csv,2026-09-29T03:58:58.984726+00:00
O005745,2026-01-02,C00176,P016,5,233.11,1165.55,sales.csv,2026-09-29T03:58:58.984726+00:00
O007820,2026-06-30,C00080,P008,6,758.99,4553.94,sales.csv,2026-09-29T03:58:58.984726+00:00
O008225,2026-06-03,C00154,P036,7,834.06,5838.42,sales.csv,2026-09-29T03:58:58.984726+00:00
O000903,2026-01-01,C00025,P025,8,961.21,7689.68,sales.csv,2026-09-29T03:58:58.984726+00:00
O003349,2026-01-14,C00156,P028,5,973.63,4868.15,sales.csv,2026-09-29T03:58:58.984726+00:00
O007532,2026-03-13,C00166,P049,1,847.34,847.34,sales.csv,2026-09-29T03:58:58.984726+00:00
O003050,2026-06-05,C00204,P031,2,861.60,1723.20,sales.csv,2026-09-29T03:58:58.984726+00:00
O002722,2026-03-10,C00044,P037,10,59.81,598.10,sales.csv,2026-09-29T03:58:58.984726+00:00
O002430,2026-02-15,C00192,P012,3,260.54,781.62,sales.csv,2026-09-29T03:58:58.984726+00:00
O006136,2026-05-07,C00022,P028,8,832.05,6656.40,sales.csv,2026-09-29T03:58:58.984726+00:00
O007433,2026-06-26,C00309,P004,4,625.19,2500.76,sales.csv,2026-09-29T03:58:58.984726+00:00
O007688,2026-04-24,C00373,P025,6,558.80,3352.80,sales.csv,2026-09-29T03:58:58.984726+00:00
O006456,2026-02-20,C00349,P001,2,579.31,1158.62,sales.csv,2026-09-29T03:58:58.984726+00:00
O006078,2026-01-16,C00065,P028,7,594.18,4159.26,sales.csv,2026-09-29T03:58:58.984726+00:00
O008796,2026-04-13,C00384,P048,1,437.26,437.26,sales.csv,2026-09-29T03:58:58.984726+00:00
O000949,2026-03-13,C00432,P032,2,299.78,599.56,sales.csv,2026-09-29T03:58:58.984726+00:00
O001531,2026-03-18,C00290,P047,6,728.68,4372.08,sales.csv,2026-09-29T03:58:58.984726+00:00
O001838,2026-03-29,C00089,P046,5,38.69,193.45,sales.csv,2026-09-29T03:58:58.984726+00:00
O003712,2026-02-09,C00308,P024,10,232.90,2329.00,sales.csv,2026-09-29T03:58:58.984726+00:00
O002728,2026-05-09,C00052,P033,3,32.04,96.12,sales.csv,2026-09-29T03:58:58.984726+00:00
O005258,2026-04-04,C00342,P004,6,697.81,4186.86,sales.csv,2026-09-29T03:58:58.984726+00:00
O004255,2026-03-01,C00473,P021,10,293.15,2931.50,sales.csv,2026-09-29T03:58:58.984726+00:00
O008186,2026-06-28,C00079,P025,7,828.45,5799.15,sales.csv,2026-09-29T03:58:58.984726+00:00
O009372,2026-06-19,C00110,P014,6,863.48,5180.88,sales.csv,2026-09-29T03:58:58.984726+00:00
O004539,2026-01-28,C00095,P050,4,386.91,1547.64,sales.csv,2026-09-29T03:58:58.984726+00:00
O002996,2026-05-04,C00193,P031,10,864.72,8647.20,sales.csv,2026-09-29T03:58:58.984726+00:00
O006745,2026-03-04,C00044,P020,4,764.22,3056.88,sales.csv,2026-09-29T03:58:58.984726+00:00
O007649,2026-06-07,C00282,P020,6,420.12,2520.72,sales.csv,2026-09-29T03:58:58.984726+00:00
O003821,2026-06-21,C00291,P023,6,112.42,674.52,sales.csv,2026-09-29T03:58:58.984726+00:00
O000601,2026-05-09,C00149,P015,10,418.99,4189.90,sales.csv,2026-09-29T03:58:58.984726+00:00
O009310,2026-02-12,C00467,P016,6,524.69,3148.14,sales.csv,2026-09-29T03:58:58.984726+00:00
O006547,2026-05-28,C00307,P035,5,514.03,2570.15,sales.csv,2026-09-29T03:58:58.984726+00:00
O007892,2026-01-01,C00072,P012,2,556.01,1112.02,sales.csv,2026-09-29T03:58:58.984726+00:00
O001833,2026-06-07,C00354,P034,9,934.94,8414.46,sales.csv,2026-09-29T03:58:58.984726+00:00
O006661,2026-01-27,C00498,P005,5,84.74,423.70,sales.csv,2026-09-29T03:58:58.984726+00:00
O001813,2026-03-18,C00490,P041,8,163.76,1310.08,sales.csv,2026-09-29T03:58:58.984726+00:00
O002274,2026-02-08,C00168,P016,1,826.04,826.04,sales.csv,2026-09-29T03:58:58.984726+00:00
O004631,2026-05-22,C00323,P005,2,372.67,745.34,sales.csv,2026-09-29T03:58:58.984726+00:00
O003375,2026-05-27,C00243,P014,7,361.16,2528.12,sales.csv,2026-09-29T03:58:58.984726+00:00
O000934,2026-02-02,C00022,P028,2,896.38,1792.76,sales.csv,2026-09-29T03:58:58.984726+00:00
O001285,2026-01-25,C00231,P048,6,341.48,2048.88,sales.csv,2026-09-29T03:58:58.984726+00:00
O002276,2026-05-06,C00108,P047,2,617.91,1235.82,sales.csv,2026-09-29T03:58:58.984726+00:00
O001465,2026-05-02,C00071,P011,4,297.58,1190.32,sales.csv,2026-09-29T03:58:58.984726+00:00
O001920,2026-01-05,C00322,P046,9,245.50,2209.50,sales.csv,2026-09-29T03:58:58.984726+00:00
O007793,2026-06-15,C00495,P047,8,406.03,3248.24,sales.csv,2026-09-29T03:58:58.984726+00:00
O008865,2026-05-21,C00497,P011,3,533.38,1600.14,sales.csv,2026-09-29T03:58:58.984726+00:00
O002347,2026-02-04,C00168,P043,8,636.38,5091.04,sales.csv,2026-09-29T03:58:58.984726+00:00
O002646,2026-03-13,C00091,P017,1,705.36,705.36,sales.csv,2026-09-29T03:58:58.984726+00:00
O006935,2026-06-04,C00494,P028,10,836.75,8367.50,sales.csv,2026-09-29T03:58:58.984726+00:00
O003145,2026-01-28,C00474,P015,5,185.81,929.05,sales.csv,2026-09-29T03:58:58.984726+00:00
O001517,2026-02-16,C00453,P040,4,929.75,3719.00,sales.csv,2026-09-29T03:58:58.984726+00:00
O008607,2026-03-13,C00431,P034,5,387.14,1935.70,sales.csv,2026-09-29T03:58:58.984726+00:00
O005441,2026-01-08,C00017,P036,6,932.60,5595.60,sales.csv,2026-09-29T03:58:58.984726+00:00
O000767,2026-01-26,C00321,P030,1,163.84,163.84,sales.csv,2026-09-29T03:58:58.984726+00:00
O001855,2026-05-02,C00188,P045,10,243.64,2436.40,sales.csv,2026-09-29T03:58:58.984726+00:00
O007231,2026-02-11,C00117,P013,7,793.62,5555.34,sales.csv,2026-09-29T03:58:58.984726+00:00
O000242,2026-06-18,C00251,P010,8,706.92,5655.36,sales.csv,2026-09-29T03:58:58.984726+00:00
O007632,2026-06-08,C00092,P014,9,270.39,2433.51,sales.csv,2026-09-29T03:58:58.984726+00:00
O007877,2026-03-18,C00336,P022,7,337.46,2362.22,sales.csv,2026-09-29T03:58:58.984726+00:00
O000530,2026-06-19,C00245,P034,7,412.24,2885.68,sales.csv,2026-09-29T03:58:58.984726+00:00
O005782,2026-04-29,C00069,P001,5,994.47,4972.35,sales.csv,2026-09-29T03:58:58.984726+00:00
O001514,2026-06-05,C00435,P021,5,689.64,3448.20,sales.csv,2026-09-29T03:58:58.984726+00:00
O008533,2026-02-13,C00021,P031,8,851.47,6811.76,sales.csv,2026-09-29T03:58:58.984726+00:00
O002875,2026-03-11,C00358,P011,3,765.74,2297.22,sales.csv,2026-09-29T03:58:58.984726+00:00
O005268,2026-04-11,C00198,P047,10,660.01,6600.10,sales.csv,2026-09-29T03:58:58.984726+00:00
O007708,2026-04-08,C00353,P043,3,778.25,2334.75,sales.csv,2026-09-29T03:58:58.984726+00:00
O003202,2026-06-05,C00440,P020,6,558.25,3349.50,sales.csv,2026-09-29T03:58:58.984726+00:00
O000176,2026-05-07,C00436,P021,3,640.04,1920.12,sales.csv,2026-09-29T03:58:58.984726+00:00
O003571,2026-05-18,C00226,P009,10,835.73,8357.30,sales.csv,2026-09-29T03:58:58.984726+00:00
O001673,2026-05-17,C00437,P022,2,603.45,1206.90,sales.csv,2026-09-29T03:58:58.984726+00:00
O000368,2026-06-10,C00253,P030,10,996.98,9969.80,sales.csv,2026-09-29T03:58:58.984726+00:00
O007463,2026-06-30,C00471,P012,5,174.80,874.00,sales.csv,2026-09-29T03:58:58.984726+00:00
O004198,2026-05-23,C00115,P015,4,609.62,2438.48,sales.csv,2026-09-29T03:58:58.984726+00:00
O003829,2026-02-12,C00027,P042,4,919.17,3676.68,sales.csv,2026-09-29T03:58:58.984726+00:00
O008156,2026-05-15,C00113,P050,1,37.04,37.04,sales.csv,2026-09-29T03:58:58.984726+00:00
O002317,2026-06-13,C00459,P020,2,225.68,451.36,sales.csv,2026-09-29T03:58:58.984726+00:00
O005555,2026-06-11,C00024,P021,3,355.09,1065.27,sales.csv,2026-09-29T03:58:58.984726+00:00
O003429,2026-02-01,C00054,P010,5,994.44,4972.20,sales.csv,2026-09-29T03:58:58.984726+00:00
O005683,2026-05-31,C00478,P005,5,295.23,1476.15,sales.csv,2026-09-29T03:58:58.984726+00:00
O009089,2026-06-03,C00200,P005,8,236.60,1892.80,sales.csv,2026-09-29T03:58:58.984726+00:00
O003953,2026-03-06,C00112,P033,1,407.19,407.19,sales.csv,2026-09-29T03:58:58.984726+00:00
O009126,2026-03-24,C00362,P045,9,586.55,5278.95,sales.csv,2026-09-29T03:58:58.984726+00:00
O003449,2026-06-15,C00087,P034,8,230.88,1847.04,sales.csv,2026-09-29T03:58:58.984726+00:00
O006268,2026-03-11,C00340,P015,2,451.54,903.08,sales.csv,2026-09-29T03:58:58.984726+00:00
O004181,2026-02-06,C00391,P013,2,809.54,1619.08,sales.csv,2026-09-29T03:58:58.984726+00:00
O002610,2026-01-11,C00001,P004,6,278.84,1673.04,sales.csv,2026-09-29T03:58:58.984726+00:00
O007776,2026-03-23,C00299,P003,8,25.56,204.48,sales.csv,2026-09-29T03:58:58.984726+00:00
O004707,2026-05-15,C00316,P025,7,769.65,5387.55,sales.csv,2026-09-29T03:58:58.984726+00:00
O001902,2026-03-25,C00020,P030,7,745.55,5218.85,sales.csv,2026-09-29T03:58:58.984726+00:00
O008563,2026-05-14,C00153,P040,7,677.60,4743.20,sales.csv,2026-09-29T03:58:58.984726+00:00
O000589,2026-06-17,C00441,P023,2,234.92,469.84,sales.csv,2026-09-29T03:58:58.984726+00:00
O002020,2026-01-15,C00381,P005,9,790.43,7113.87,sales.csv,2026-09-29T03:58:58.984726+00:00
O006832,2026-06-24,C00456,P036,4,287.32,1149.28,sales.csv,2026-09-29T03:58:58.984726+00:00
O006442,2026-06-27,C00147,P022,4,674.44,2697.76,sales.csv,2026-09-29T03:58:58.984726+00:00
O001179,2026-01-11,C00333,P021,2,923.40,1846.80,sales.csv,2026-09-29T03:58:58.984726+00:00
O005742,2026-03-03,C00242,P032,3,599.91,1799.73,sales.csv,2026-09-29T03:58:58.984726+00:00
O003592,2026-01-25,C00343,P022,9,345.54,3109.86,sales.csv,2026-09-29T03:58:58.984726+00:00
O001376,2026-01-11,C00376,P005,5,103.15,515.75,sales.csv,2026-09-29T03:58:58.984726+00:00
O009492,2026-03-14,C00201,P050,6,949.18,5695.08,sales.csv,2026-09-29T03:58:58.984726+00:00
O003258,2026-05-14,C00163,P034,2,794.48,1588.96,sales.csv,2026-09-29T03:58:58.984726+00:00
O003336,2026-06-05,C00092,P050,4,484.82,1939.28,sales.csv,2026-09-29T03:58:58.984726+00:00
O003991,2026-02-05,C00418,P014,7,108.14,756.98,sales.csv,2026-09-29T03:58:58.984726+00:00
O006371,2026-05-01,C00323,P003,9,469.29,4223.61,sales.csv,2026-09-29T03:58:58.984726+00:00
O004488,2026-05-21,C00066,P039,9,18.19,163.71,sales.csv,2026-09-29T03:58:58.984726+00:00
O004193,2026-06-24,C00428,P046,10,682.63,6826.30,sales.csv,2026-09-29T03:58:58.984726+00:00
O009317,2026-01-06,C00150,P009,4,103.74,414.96,sales.csv,2026-09-29T03:58:58.984726+00:00
O002410,2026-05-31,C00037,P027,1,164.15,164.15,sales.csv,2026-09-29T03:58:58.984726+00:00
O000193,2026-05-22,C00150,P045,3,837.06,2511.18,sales.csv,2026-09-29T03:58:58.984726+00:00
O004977,2026-03-09,C00486,P033,3,407.01,1221.03,sales.csv,2026-09-29T03:58:58.984726+00:00
O008598,2026-04-29,C00482,P031,6,385.29,2311.74,sales.csv,2026-09-29T03:58:58.984726+00:00
O001289,2026-05-28,C00333,P042,9,229.77,2067.93,sales.csv,2026-09-29T03:58:58.984726+00:00
O008059,2026-06-30,C00498,P041,1,567.65,567.65,sales.csv,2026-09-29T03:58:58.984726+00:00
O001462,2026-06-25,C00014,P023,2,902.96,1805.92,sales.csv,2026-09-29T03:58:58.984726+00:00
O002422,2026-04-19,C00085,P028,5,907.80,4539.00,sales.csv,2026-09-29T03:58:58.984726+00:00
O003363,2026-01-10,C00273,P048,7,326.88,2288.16,sales.csv,2026-09-29T03:58:58.984726+00:00
O005997,2026-03-04,C00119,P043,10,433.53,4335.30,sales.csv,2026-09-29T03:58:58.984726+00:00
O006123,2026-03-11,C00032,P013,3,925.25,2775.75,sales.csv,2026-09-29T03:58:58.984726+00:00
O001814,2026-06-17,C00341,P019,7,236.10,1652.70,sales.csv,2026-09-29T03:58:58.984726+00:00
O003523,2026-01-24,C00499,P036,2,697.99,1395.98,sales.csv,2026-09-29T03:58:58.984726+00:00
O008143,2026-01-05,C00347,P013,2,497.14,994.28,sales.csv,2026-09-29T03:58:58.984726+00:00
O000841,2026-03-16,C00134,P021,7,919.45,6436.15,sales.csv,2026-09-29T03:58:58.984726+00:00
O003840,2026-03-23,C00442,P033,2,31.15,62.30,sales.csv,2026-09-29T03:58:58.984726+00:00
O008949,2026-06-23,C00213,P015,10,792.30,7923.00,sales.csv,2026-09-29T03:58:58.984726+00:00
O001276,2026-04-13,C00144,P029,3,749.95,2249.85,sales.csv,2026-09-29T03:58:58.984726+00:00
O000906,2026-05-03,C00404,P037,4,214.19,856.76,sales.csv,2026-09-29T03:58:58.984726+00:00
O007755,2026-05-16,C00421,P023,7,583.54,4084.78,sales.csv,2026-09-29T03:58:58.984726+00:00
O009434,2026-04-22,C00182,P013,5,332.86,1664.30,sales.csv,2026-09-29T03:58:58.984726+00:00
O006482,2026-01-11,C00096,P036,3,423.26,1269.78,sales.csv,2026-09-29T03:58:58.984726+00:00
O001210,2026-02-28,C00481,P031,7,460.43,3223.01,sales.csv,2026-09-29T03:58:58.984726+00:00
O002885,2026-01-27,C00175,P014,10,999.24,9992.40,sales.csv,2026-09-29T03:58:58.984726+00:00
O003809,2026-02-08,C00491,P014,5,87.53,437.65,sales.csv,2026-09-29T03:58:58.984726+00:00
O004049,2026-04-06,C00031,P033,1,148.78,148.78,sales.csv,2026-09-29T03:58:58.984726+00:00
O003251,2026-01-01,C00402,P015,4,120.71,482.84,sales.csv,2026-09-29T03:58:58.984726+00:00
O003351,2026-04-06,C00400,P031,6,702.26,4213.56,sales.csv,2026-09-29T03:58:58.984726+00:00
O000816,2026-02-12,C00189,P011,5,135.87,679.35,sales.csv,2026-09-29T03:58:58.984726+00:00
O001647,2026-01-04,C00211,P007,9,137.19,1234.71,sales.csv,2026-09-29T03:58:58.984726+00:00
O005774,2026-05-02,C00231,P001,5,124.59,622.95,sales.csv,2026-09-29T03:58:58.984726+00:00
O000383,2026-04-15,C00397,P022,10,69.63,696.30,sales.csv,2026-09-29T03:58:58.984726+00:00
O009322,2026-03-02,C00466,P004,6,390.70,2344.20,sales.csv,2026-09-29T03:58:58.984726+00:00
O006145,2026-03-24,C00359,P028,8,177.91,1423.28,sales.csv,2026-09-29T03:58:58.984726+00:00
O009225,2026-05-18,C00445,P042,9,551.63,4964.67,sales.csv,2026-09-29T03:58:58.984726+00:00
O007399,2026-02-28,C00354,P006,6,756.83,4540.98,sales.csv,2026-09-29T03:58:58.984726+00:00
O000502,2026-01-13,C00145,P032,10,858.55,8585.50,sales.csv,2026-09-29T03:58:58.984726+00:00
O005475,2026-02-07,C00174,P033,2,236.77,473.54,sales.csv,2026-09-29T03:58:58.984726+00:00
O000165,2026-06-28,C00396,P020,10,159.66,1596.60,sales.csv,2026-09-29T03:58:58.984726+00:00
O006809,2026-06-05,C00386,P049,9,862.50,7762.50,sales.csv,2026-09-29T03:58:58.984726+00:00
O005787,2026-06-14,C00039,P004,10,633.71,6337.10,sales.csv,2026-09-29T03:58:58.984726+00:00
O003896,2026-06-01,C00313,P016,4,641.40,2565.60,sales.csv,2026-09-29T03:58:58.984726+00:00
O000876,2026-05-28,C00434,P025,6,228.68,1372.08,sales.csv,2026-09-29T03:58:58.984726+00:00
O000017,2026-04-27,C00326,P024,3,486.20,1458.60,sales.csv,2026-09-29T03:58:58.984726+00:00
O003288,2026-05-26,C00429,P045,2,743.11,1486.22,sales.csv,2026-09-29T03:58:58.984726+00:00
O005649,2026-02-02,C00338,P012,2,90.11,180.22,sales.csv,2026-09-29T03:58:58.984726+00:00
O002653,2026-02-07,C00462,P031,2,651.06,1302.12,sales.csv,2026-09-29T03:58:58.984726+00:00
O005430,2026-06-06,C00112,P005,5,926.12,4630.60,sales.csv,2026-09-29T03:58:58.984726+00:00
O008163,2026-01-26,C00268,P039,7,206.47,1445.29,sales.csv,2026-09-29T03:58:58.984726+00:00
O003765,2026-02-23,C00372,P021,1,746.53,746.53,sales.csv,2026-09-29T03:58:58.984726+00:00
O008531,2026-01-31,C00242,P001,9,949.87,8548.83,sales.csv,2026-09-29T03:58:58.984726+00:00
O005571,2026-02-27,C00179,P012,8,967.22,7737.76,sales.csv,2026-09-29T03:58:58.984726+00:00
O000452,2026-02-06,C00435,P039,8,46.61,372.88,sales.csv,2026-09-29T03:58:58.984726+00:00
O008742,2026-01-30,C00455,P033,8,381.84,3054.72,sales.csv,2026-09-29T03:58:58.984726+00:00
O001171,2026-01-24,C00204,P024,9,14.88,133.92,sales.csv,2026-09-29T03:58:58.984726+00:00
O008518,2026-04-23,C00014,P001,6,257.73,1546.38,sales.csv,2026-09-29T03:58:58.984726+00:00
O009462,2026-03-15,C00174,P013,8,145.48,1163.84,sales.csv,2026-09-29T03:58:58.984726+00:00
O000491,2026-03-29,C00311,P010,6,942.57,5655.42,sales.csv,2026-09-29T03:58:58.984726+00:00
O000549,2026-03-15,C00331,P004,2,855.98,1711.96,sales.csv,2026-09-29T03:58:58.984726+00:00
O003968,2026-01-04,C00058,P006,4,597.69,2390.76,sales.csv,2026-09-29T03:58:58.984726+00:00
O001994,2026-05-09,C00253,P022,8,173.90,1391.20,sales.csv,2026-09-29T03:58:58.984726+00:00
O005219,2026-06-28,C00077,P015,3,172.15,516.45,sales.csv,2026-09-29T03:58:58.984726+00:00
O006963,2026-05-15,C00199,P015,1,367.39,367.39,sales.csv,2026-09-29T03:58:58.984726+00:00
O004168,2026-03-17,C00182,P033,9,626.35,5637.15,sales.csv,2026-09-29T03:58:58.984726+00:00
O003001,2026-01-25,C00341,P007,8,891.40,7131.20,sales.csv,2026-09-29T03:58:58.984726+00:00
O003649,2026-02-23,C00286,P050,9,850.72,7656.48,sales.csv,2026-09-29T03:58:58.984726+00:00
O002260,2026-05-23,C00059,P010,5,578.25,2891.25,sales.csv,2026-09-29T03:58:58.984726+00:00
O007206,2026-05-18,C00496,P039,1,608.91,608.91,sales.csv,2026-09-29T03:58:58.984726+00:00
O001597,2026-04-08,C00223,P035,4,869.33,3477.32,sales.csv,2026-09-29T03:58:58.984726+00:00
O003936,2026-06-12,C00344,P026,1,669.79,669.79,sales.csv,2026-09-29T03:58:58.984726+00:00
O004888,2026-03-14,C00346,P045,9,732.62,6593.58,sales.csv,2026-09-29T03:58:58.984726+00:00
O000942,2026-01-26,C00403,P019,9,451.71,4065.39,sales.csv,2026-09-29T03:58:58.984726+00:00
O005634,2026-04-13,C00420,P024,3,395.37,1186.11,sales.csv,2026-09-29T03:58:58.984726+00:00
O001223,2026-03-30,C00397,P046,7,965.40,6757.80,sales.csv,2026-09-29T03:58:58.984726+00:00
O004909,2026-02-11,C00421,P014,7,142.50,997.50,sales.csv,2026-09-29T03:58:58.984726+00:00
O000428,2026-05-10,C00284,P002,7,617.21,4320.47,sales.csv,2026-09-29T03:58:58.984726+00:00
O003977,2026-06-26,C00230,P001,1,739.21,739.21,sales.csv,2026-09-29T03:58:58.984726+00:00
O004823,2026-01-22,C00101,P033,1,536.54,536.54,sales.csv,2026-09-29T03:58:58.984726+00:00
O002119,2026-03-18,C00294,P048,1,594.94,594.94,sales.csv,2026-09-29T03:58:58.984726+00:00
O002191,2026-04-28,C00492,P039,6,21.80,130.80,sales.csv,2026-09-29T03:58:58.984726+00:00
O007646,2026-03-20,C00152,P001,8,578.96,4631.68,sales.csv,2026-09-29T03:58:58.984726+00:00
O003715,2026-01-10,C00479,P035,2,409.50,819.00,sales.csv,2026-09-29T03:58:58.984726+00:00
O008681,2026-05-20,C00115,P016,6,557.13,3342.78,sales.csv,2026-09-29T03:58:58.984726+00:00
O002705,2026-05-16,C00358,P020,8,540.39,4323.12,sales.csv,2026-09-29T03:58:58.984726+00:00
O009076,2026-01-22,C00062,P049,7,508.17,3557.19,sales.csv,2026-09-29T03:58:58.984726+00:00
O004603,2026-02-19,C00134,P034,7,225.94,1581.58,sales.csv,2026-09-29T03:58:58.984726+00:00
O001446,2026-03-13,C00116,P010,6,515.91,3095.46,sales.csv,2026-09-29T03:58:58.984726+00:00
O005729,2026-02-04,C00154,P014,8,271.77,2174.16,sales.csv,2026-09-29T03:58:58.984726+00:00
O007966,2026-03-07,C00086,P024,6,408.65,2451.90,sales.csv,2026-09-29T03:58:58.984726+00:00
O004787,2026-03-28,C00441,P001,10,872.52,8725.20,sales.csv,2026-09-29T03:58:58.984726+00:00
O003984,2026-03-30,C00393,P019,3,882.66,2647.98,sales.csv,2026-09-29T03:58:58.984726+00:00
O005583,2026-06-22,C00009,P046,3,920.46,2761.38,sales.csv,2026-09-29T03:58:58.984726+00:00
O006913,2026-02-03,C00473,P001,7,380.14,2660.98,sales.csv,2026-09-29T03:58:58.984726+00:00
O007558,2026-06-22,C00494,P010,4,292.43,1169.72,sales.csv,2026-09-29T03:58:58.984726+00:00
O008328,2026-04-27,C00007,P014,9,558.96,5030.64,sales.csv,2026-09-29T03:58:58.984726+00:00
O003464,2026-03-19,C00032,P014,4,320.73,1282.92,sales.csv,2026-09-29T03:58:58.984726+00:00
O007342,2026-04-26,C00390,P026,1,312.61,312.61,sales.csv,2026-09-29T03:58:58.984726+00:00
O007868,2026-01-28,C00498,P035,4,610.52,2442.08,sales.csv,2026-09-29T03:58:58.984726+00:00
O001954,2026-01-24,C00480,P049,4,390.83,1563.32,sales.csv,2026-09-29T03:58:58.984726+00:00
O001221,2026-05-23,C00248,P012,6,733.81,4402.86,sales.csv,2026-09-29T03:58:58.984726+00:00
O006993,2026-04-24,C00007,P048,2,807.01,1614.02,sales.csv,2026-09-29T03:58:58.984726+00:00
O003362,2026-01-10,C00306,P008,6,960.32,5761.92,sales.csv,2026-09-29T03:58:58.984726+00:00
O003028,2026-03-09,C00335,P002,1,444.08,444.08,sales.csv,2026-09-29T03:58:58.984726+00:00
O008994,2026-04-02,C00200,P003,4,662.13,2648.52,sales.csv,2026-09-29T03:58:58.984726+00:00
O000297,2026-04-24,C00228,P016,6,131.22,787.32,sales.csv,2026-09-29T03:58:58.984726+00:00
O007960,2026-06-03,C00157,P006,3,664.02,1992.06,sales.csv,2026-09-29T03:58:58.984726+00:00
O000040,2026-04-03,C00450,P020,4,76.92,307.68,sales.csv,2026-09-29T03:58:58.984726+00:00
O007704,2026-03-26,C00374,P015,3,862.80,2588.40,sales.csv,2026-09-29T03:58:58.984726+00:00
O002503,2026-03-19,C00353,P039,3,856.63,2569.89,sales.csv,2026-09-29T03:58:58.984726+00:00
O000783,2026-02-08,C00471,P027,10,900.89,9008.90,sales.csv,2026-09-29T03:58:58.984726+00:00
O004485,2026-05-15,C00457,P001,1,243.25,243.25,sales.csv,2026-09-29T03:58:58.984726+00:00
O002092,2026-02-05,C00063,P013,8,545.93,4367.44,sales.csv,2026-09-29T03:58:58.984726+00:00
O006141,2026-04-30,C00367,P035,5,568.92,2844.60,sales.csv,2026-09-29T03:58:58.984726+00:00
O005098,2026-05-04,C00132,P045,2,661.83,1323.66,sales.csv,2026-09-29T03:58:58.984726+00:00
O001010,2026-05-06,C00184,P049,4,217.11,868.44,sales.csv,2026-09-29T03:58:58.984726+00:00
O007313,2026-03-02,C00055,P016,5,174.68,873.40,sales.csv,2026-09-29T03:58:58.984726+00:00
O008791,2026-02-15,C00279,P008,5,933.36,4666.80,sales.csv,2026-09-29T03:58:58.984726+00:00
O003306,2026-05-13,C00338,P041,3,623.86,1871.58,sales.csv,2026-09-29T03:58:58.984726+00:00
O004633,2026-04-28,C00493,P049,1,912.31,912.31,sales.csv,2026-09-29T03:58:58.984726+00:00
O003019,2026-06-10,C00193,P005,10,103.42,1034.20,sales.csv,2026-09-29T03:58:58.984726+00:00
O002629,2026-06-27,C00098,P048,7,649.84,4548.88,sales.csv,2026-09-29T03:58:58.984726+00:00
O001016,2026-06-02,C00025,P043,2,857.64,1715.28,sales.csv,2026-09-29T03:58:58.984726+00:00
O006711,2026-06-07,C00302,P035,1,95.85,95.85,sales.csv,2026-09-29T03:58:58.984726+00:00
O008516,2026-02-07,C00458,P026,2,928.26,1856.52,sales.csv,2026-09-29T03:58:58.984726+00:00
O008468,2026-06-27,C00181,P016,1,337.42,337.42,sales.csv,2026-09-29T03:58:58.984726+00:00
O005283,2026-01-15,C00232,P037,7,289.37,2025.59,sales.csv,2026-09-29T03:58:58.984726+00:00
O007641,2026-02-09,C00242,P013,5,119.85,599.25,sales.csv,2026-09-29T03:58:58.984726+00:00
O007679,2026-05-22,C00015,P012,3,344.60,1033.80,sales.csv,2026-09-29T03:58:58.984726+00:00
O003811,2026-05-02,C00174,P046,3,380.76,1142.28,sales.csv,2026-09-29T03:58:58.984726+00:00
O001584,2026-06-02,C00395,P025,6,648.88,3893.28,sales.csv,2026-09-29T03:58:58.984726+00:00
O003014,2026-04-15,C00291,P035,2,447.57,895.14,sales.csv,2026-09-29T03:58:58.984726+00:00
O002743,2026-04-28,C00133,P031,5,580.39,2901.95,sales.csv,2026-09-29T03:58:58.984726+00:00
O005905,2026-03-25,C00115,P050,5,410.01,2050.05,sales.csv,2026-09-29T03:58:58.984726+00:00
O002849,2026-06-18,C00191,P024,3,413.15,1239.45,sales.csv,2026-09-29T03:58:58.984726+00:00
O006153,2026-04-01,C00374,P043,7,221.20,1548.40,sales.csv,2026-09-29T03:58:58.984726+00:00
O005436,2026-02-04,C00018,P016,4,407.35,1629.40,sales.csv,2026-09-29T03:58:58.984726+00:00
O005861,2026-02-05,C00351,P032,4,599.66,2398.64,sales.csv,2026-09-29T03:58:58.984726+00:00
O000212,2026-01-16,C00085,P020,10,982.67,9826.70,sales.csv,2026-09-29T03:58:58.984726+00:00
O009021,2026-05-28,C00211,P035,8,107.80,862.40,sales.csv,2026-09-29T03:58:58.984726+00:00
O005117,2026-05-09,C00100,P036,5,232.83,1164.15,sales.csv,2026-09-29T03:58:58.984726+00:00
O008795,2026-01-20,C00046,P034,10,219.08,2190.80,sales.csv,2026-09-29T03:58:58.984726+00:00
O007477,2026-03-14,C00053,P020,8,461.78,3694.24,sales.csv,2026-09-29T03:58:58.984726+00:00
O006208,2026-05-03,C00274,P005,5,881.75,4408.75,sales.csv,2026-09-29T03:58:58.984726+00:00
O002116,2026-04-19,C00259,P008,1,489.87,489.87,sales.csv,2026-09-29T03:58:58.984726+00:00
O001349,2026-02-10,C00256,P006,10,444.57,4445.70,sales.csv,2026-09-29T03:58:58.984726+00:00
O003007,2026-03-24,C00056,P045,8,495.96,3967.68,sales.csv,2026-09-29T03:58:58.984726+00:00
O004169,2026-01-11,C00479,P031,2,463.00,926.00,sales.csv,2026-09-29T03:58:58.984726+00:00
O005319,2026-05-02,C00354,P045,4,465.04,1860.16,sales.csv,2026-09-29T03:58:58.984726+00:00
O005111,2026-02-24,C00498,P047,6,574.89,3449.34,sales.csv,2026-09-29T03:58:58.984726+00:00
O005525,2026-02-10,C00033,P042,2,232.70,465.40,sales.csv,2026-09-29T03:58:58.984726+00:00
O006602,2026-05-14,C00448,P026,9,363.35,3270.15,sales.csv,2026-09-29T03:58:58.984726+00:00
O008711,2026-02-21,C00396,P028,4,380.53,1522.12,sales.csv,2026-09-29T03:58:58.984726+00:00
O009433,2026-01-10,C00189,P027,2,335.70,671.40,sales.csv,2026-09-29T03:58:58.984726+00:00
O004808,2026-01-16,C00064,P002,10,477.03,4770.30,sales.csv,2026-09-29T03:58:58.984726+00:00
O001177,2026-03-01,C00022,P043,4,679.80,2719.20,sales.csv,2026-09-29T03:58:58.984726+00:00
O007230,2026-06-14,C00308,P023,3,238.44,715.32,sales.csv,2026-09-29T03:58:58.984726+00:00
O006401,2026-06-29,C00315,P006,9,948.50,8536.50,sales.csv,2026-09-29T03:58:58.984726+00:00
O004500,2026-06-05,C00309,P033,3,97.33,291.99,sales.csv,2026-09-29T03:58:58.984726+00:00
O001310,2026-06-01,C00306,P030,10,571.13,5711.30,sales.csv,2026-09-29T03:58:58.984726+00:00
O003909,2026-05-10,C00145,P016,7,555.42,3887.94,sales.csv,2026-09-29T03:58:58.984726+00:00
O007385,2026-04-08,C00493,P005,5,390.44,1952.20,sales.csv,2026-09-29T03:58:58.984726+00:00
O003155,2026-02-10,C00260,P022,5,595.36,2976.80,sales.csv,2026-09-29T03:58:58.984726+00:00
O008382,2026-01-28,C00045,P008,6,209.61,1257.66,sales.csv,2026-09-29T03:58:58.984726+00:00
O000905,2026-04-07,C00180,P035,7,133.94,937.58,sales.csv,2026-09-29T03:58:58.984726+00:00
O003681,2026-04-30,C00138,P037,1,604.24,604.24,sales.csv,2026-09-29T03:58:58.984726+00:00
O006311,2026-01-10,C00196,P026,8,793.09,6344.72,sales.csv,2026-09-29T03:58:58.984726+00:00
O009187,2026-02-20,C00472,P007,4,538.54,2154.16,sales.csv,2026-09-29T03:58:58.984726+00:00
O003602,2026-05-15,C00025,P035,6,708.07,4248.42,sales.csv,2026-09-29T03:58:58.984726+00:00
O002719,2026-03-14,C00084,P035,2,86.61,173.22,sales.csv,2026-09-29T03:58:58.984726+00:00
O004408,2026-02-04,C00028,P034,3,707.51,2122.53,sales.csv,2026-09-29T03:58:58.984726+00:00
O002161,2026-04-13,C00302,P003,8,31.49,251.92,sales.csv,2026-09-29T03:58:58.984726+00:00
O000263,2026-06-24,C00124,P032,10,188.58,1885.80,sales.csv,2026-09-29T03:58:58.984726+00:00
O000973,2026-06-15,C00305,P039,5,392.21,1961.05,sales.csv,2026-09-29T03:58:58.984726+00:00
O000575,2026-02-21,C00294,P035,3,216.66,649.98,sales.csv,2026-09-29T03:58:58.984726+00:00
O002525,2026-05-18,C00262,P014,2,869.50,1739.00,sales.csv,2026-09-29T03:58:58.984726+00:00
O002026,2026-06-04,C00068,P023,2,482.63,965.26,sales.csv,2026-09-29T03:58:58.984726+00:00
O003361,2026-01-05,C00229,P021,5,834.59,4172.95,sales.csv,2026-09-29T03:58:58.984726+00:00
O005559,2026-06-18,C00399,P037,10,82.85,828.50,sales.csv,2026-09-29T03:58:58.984726+00:00
O001484,2026-01-24,C00129,P021,3,942.58,2827.74,sales.csv,2026-09-29T03:58:58.984726+00:00
O003790,2026-04-17,C00236,P047,8,582.81,4662.48,sales.csv,2026-09-29T03:58:58.984726+00:00
O005277,2026-03-12,C00070,P016,6,941.31,5647.86,sales.csv,2026-09-29T03:58:58.984726+00:00
O006276,2026-05-19,C00017,P034,2,596.40,1192.80,sales.csv,2026-09-29T03:58:58.984726+00:00
O003172,2026-03-17,C00050,P015,2,990.54,1981.08,sales.csv,2026-09-29T03:58:58.984726+00:00
O000827,2026-05-22,C00234,P001,6,264.02,1584.12,sales.csv,2026-09-29T03:58:58.984726+00:00
O008250,2026-05-07,C00368,P047,3,258.00,774.00,sales.csv,2026-09-29T03:58:58.984726+00:00
O006056,2026-01-27,C00428,P028,10,11.30,113.00,sales.csv,2026-09-29T03:58:58.984726+00:00
O003477,2026-05-24,C00258,P020,8,147.10,1176.80,sales.csv,2026-09-29T03:58:58.984726+00:00
O000560,2026-05-12,C00168,P006,7,878.20,6147.40,sales.csv,2026-09-29T03:58:58.984726+00:00
O009022,2026-05-09,C00222,P043,8,101.66,813.28,sales.csv,2026-09-29T03:58:58.984726+00:00
O003739,2026-01-26,C00235,P012,4,934.77,3739.08,sales.csv,2026-09-29T03:58:58.984726+00:00
O004148,2026-03-05,C00083,P041,10,989.95,9899.50,sales.csv,2026-09-29T03:58:58.984726+00:00
O006920,2026-02-02,C00403,P049,9,998.39,8985.51,sales.csv,2026-09-29T03:58:58.984726+00:00
O006450,2026-01-04,C00121,P027,2,551.50,1103.00,sales.csv,2026-09-29T03:58:58.984726+00:00
O003882,2026-04-22,C00486,P011,8,873.66,6989.28,sales.csv,2026-09-29T03:58:58.984726+00:00
O000260,2026-04-06,C00221,P010,4,697.21,2788.84,sales.csv,2026-09-29T03:58:58.984726+00:00
O002277,2026-06-19,C00315,P005,3,667.65,2002.95,sales.csv,2026-09-29T03:58:58.984726+00:00
O005236,2026-04-04,C00208,P036,6,548.46,3290.76,sales.csv,2026-09-29T03:58:58.984726+00:00
O007681,2026-03-09,C00231,P026,10,448.04,4480.40,sales.csv,2026-09-29T03:58:58.984726+00:00
O006674,2026-04-20,C00489,P020,1,88.02,88.02,sales.csv,2026-09-29T03:58:58.984726+00:00
O005813,2026-03-22,C00446,P046,5,975.49,4877.45,sales.csv,2026-09-29T03:58:58.984726+00:00
O004071,2026-05-24,C00473,P044,10,786.56,7865.60,sales.csv,2026-09-29T03:58:58.984726+00:00
O000898,2026-05-08,C00073,P022,2,312.94,625.88,sales.csv,2026-09-29T03:58:58.984726+00:00
O008966,2026-01-06,C00383,P029,4,978.64,3914.56,sales.csv,2026-09-29T03:58:58.984726+00:00
O000166,2026-05-25,C00401,P003,6,699.27,4195.62,sales.csv,2026-09-29T03:58:58.984726+00:00
O007611,2026-03-20,C00249,P020,8,320.33,2562.64,sales.csv,2026-09-29T03:58:58.984726+00:00
O005856,2026-03-03,C00304,P008,10,7.32,73.20,sales.csv,2026-09-29T03:58:58.984726+00:00
O000792,2026-05-07,C00198,P008,4,655.81,2623.24,sales.csv,2026-09-29T03:58:58.984726+00:00
O009309,2026-04-08,C00101,P015,1,787.95,787.95,sales.csv,2026-09-29T03:58:58.984726+00:00
O008653,2026-01-10,C00029,P017,6,280.13,1680.78,sales.csv,2026-09-29T03:58:58.984726+00:00
O007769,2026-01-18,C00079,P037,5,392.82,1964.10,sales.csv,2026-09-29T03:58:58.984726+00:00
O003852,2026-05-07,C00310,P046,3,616.00,1848.00,sales.csv,2026-09-29T03:58:58.984726+00:00
O008897,2026-01-23,C00222,P033,6,193.20,1159.20,sales.csv,2026-09-29T03:58:58.984726+00:00
O000174,2026-04-26,C00125,P049,8,747.91,5983.28,sales.csv,2026-09-29T03:58:58.984726+00:00
O001644,2026-06-22,C00302,P050,4,682.51,2730.04,sales.csv,2026-09-29T03:58:58.984726+00:00
O008469,2026-04-05,C00190,P021,6,762.04,4572.24,sales.csv,2026-09-29T03:58:58.984726+00:00
O006638,2026-06-20,C00309,P002,6,968.60,5811.60,sales.csv,2026-09-29T03:58:58.984726+00:00
O004994,2026-05-20,C00258,P010,5,819.05,4095.25,sales.csv,2026-09-29T03:58:58.984726+00:00
O001909,2026-04-04,C00497,P028,4,652.36,2609.44,sales.csv,2026-09-29T03:58:58.984726+00:00
O003927,2026-03-28,C00042,P027,6,985.15,5910.90,sales.csv,2026-09-29T03:58:58.984726+00:00
O009057,2026-01-27,C00132,P003,9,310.44,2793.96,sales.csv,2026-09-29T03:58:58.984726+00:00
O008260,2026-02-02,C00061,P046,2,510.32,1020.64,sales.csv,2026-09-29T03:58:58.984726+00:00
O003190,2026-05-18,C00102,P011,9,519.42,4674.78,sales.csv,2026-09-29T03:58:58.984726+00:00
O008933,2026-06-23,C00345,P034,4,889.30,3557.20,sales.csv,2026-09-29T03:58:58.984726+00:00
O002540,2026-01-23,C00186,P022,5,192.79,963.95,sales.csv,2026-09-29T03:58:58.984726+00:00
O007284,2026-05-22,C00367,P044,6,457.86,2747.16,sales.csv,2026-09-29T03:58:58.984726+00:00
O006830,2026-03-16,C00291,P030,2,814.19,1628.38,sales.csv,2026-09-29T03:58:58.984726+00:00
O007440,2026-03-24,C00398,P022,2,575.02,1150.04,sales.csv,2026-09-29T03:58:58.984726+00:00
O005573,2026-03-25,C00363,P049,1,533.23,533.23,sales.csv,2026-09-29T03:58:58.984726+00:00
O007900,2026-04-07,C00294,P014,6,161.06,966.36,sales.csv,2026-09-29T03:58:58.984726+00:00
O000327,2026-03-26,C00344,P008,7,464.46,3251.22,sales.csv,2026-09-29T03:58:58.984726+00:00
O004821,2026-01-28,C00076,P038,1,944.44,944.44,sales.csv,2026-09-29T03:58:58.984726+00:00
O002257,2026-02-24,C00123,P031,6,971.03,5826.18,sales.csv,2026-09-29T03:58:58.984726+00:00
O007723,2026-03-12,C00276,P046,8,363.32,2906.56,sales.csv,2026-09-29T03:58:58.984726+00:00
O003795,2026-04-29,C00281,P049,7,492.27,3445.89,sales.csv,2026-09-29T03:58:58.984726+00:00
O003683,2026-01-17,C00489,P011,1,734.94,734.94,sales.csv,2026-09-29T03:58:58.984726+00:00
O007333,2026-02-05,C00290,P033,8,639.74,5117.92,sales.csv,2026-09-29T03:58:58.984726+00:00
O004010,2026-05-31,C00471,P031,10,778.69,7786.90,sales.csv,2026-09-29T03:58:58.984726+00:00
O002231,2026-01-16,C00471,P029,1,396.14,396.14,sales.csv,2026-09-29T03:58:58.984726+00:00
O002696,2026-03-17,C00236,P010,9,552.91,4976.19,sales.csv,2026-09-29T03:58:58.984726+00:00
O003730,2026-03-24,C00288,P031,10,510.61,5106.10,sales.csv,2026-09-29T03:58:58.984726+00:00
O007419,2026-03-04,C00049,P027,4,124.36,497.44,sales.csv,2026-09-29T03:58:58.984726+00:00
O006076,2026-05-27,C00061,P025,4,457.21,1828.84,sales.csv,2026-09-29T03:58:58.984726+00:00
O004935,2026-01-12,C00180,P008,2,622.91,1245.82,sales.csv,2026-09-29T03:58:58.984726+00:00
O008056,2026-03-19,C00239,P047,4,528.80,2115.20,sales.csv,2026-09-29T03:58:58.984726+00:00
O002081,2026-01-30,C00317,P015,2,737.60,1475.20,sales.csv,2026-09-29T03:58:58.984726+00:00
O007907,2026-01-26,C00253,P032,2,637.92,1275.84,sales.csv,2026-09-29T03:58:58.984726+00:00
O000762,2026-04-28,C00326,P043,6,84.00,504.00,sales.csv,2026-09-29T03:58:58.984726+00:00
O007022,2026-02-05,C00022,P007,2,361.17,722.34,sales.csv,2026-09-29T03:58:58.984726+00:00
O006160,2026-02-13,C00426,P045,8,53.11,424.88,sales.csv,2026-09-29T03:58:58.984726+00:00
O001940,2026-05-08,C00453,P006,4,787.19,3148.76,sales.csv,2026-09-29T03:58:58.984726+00:00
O007512,2026-04-28,C00064,P036,9,264.99,2384.91,sales.csv,2026-09-29T03:58:58.984726+00:00
O005391,2026-06-07,C00096,P030,8,104.64,837.12,sales.csv,2026-09-29T03:58:58.984726+00:00
O004916,2026-04-20,C00163,P042,1,254.29,254.29,sales.csv,2026-09-29T03:58:58.984726+00:00
O001482,2026-04-11,C00212,P021,8,33.65,269.20,sales.csv,2026-09-29T03:58:58.984726+00:00
O001542,2026-01-07,C00410,P031,9,202.95,1826.55,sales.csv,2026-09-29T03:58:58.984726+00:00
O002833,2026-04-04,C00059,P014,1,430.31,430.31,sales.csv,2026-09-29T03:58:58.984726+00:00
O009211,2026-06-20,C00119,P025,8,238.90,1911.20,sales.csv,2026-09-29T03:58:58.984726+00:00
O004276,2026-01-30,C00392,P029,6,160.17,961.02,sales.csv,2026-09-29T03:58:58.984726+00:00
O006220,2026-05-02,C00474,P045,3,757.10,2271.30,sales.csv,2026-09-29T03:58:58.984726+00:00
O003254,2026-05-11,C00414,P029,7,872.42,6106.94,sales.csv,2026-09-29T03:58:58.984726+00:00
O001112,2026-05-27,C00282,P023,2,928.57,1857.14,sales.csv,2026-09-29T03:58:58.984726+00:00
O006589,2026-06-18,C00222,P001,3,941.08,2823.24,sales.csv,2026-09-29T03:58:58.984726+00:00
O006543,2026-06-18,C00280,P019,2,509.47,1018.94,sales.csv,2026-09-29T03:58:58.984726+00:00
O007221,2026-06-04,C00095,P017,5,780.04,3900.20,sales.csv,2026-09-29T03:58:58.984726+00:00
O008585,2026-03-26,C00152,P035,3,753.93,2261.79,sales.csv,2026-09-29T03:58:58.984726+00:00
O007870,2026-01-01,C00248,P027,8,904.14,7233.12,sales.csv,2026-09-29T03:58:58.984726+00:00
O005912,2026-02-08,C00133,P016,6,732.81,4396.86,sales.csv,2026-09-29T03:58:58.984726+00:00
O001804,2026-04-17,C00072,P038,10,113.82,1138.20,sales.csv,2026-09-29T03:58:58.984726+00:00
O005024,2026-06-27,C00268,P025,8,569.81,4558.48,sales.csv,2026-09-29T03:58:58.984726+00:00
O008097,2026-04-15,C00126,P002,7,158.71,1110.97,sales.csv,2026-09-29T03:58:58.984726+00:00
O004221,2026-06-05,C00437,P017,3,844.40,2533.20,sales.csv,2026-09-29T03:58:58.984726+00:00
O004996,2026-01-10,C00440,P045,2,675.63,1351.26,sales.csv,2026-09-29T03:58:58.984726+00:00
O001284,2026-02-25,C00417,P017,8,826.57,6612.56,sales.csv,2026-09-29T03:58:58.984726+00:00
O002193,2026-05-02,C00003,P001,3,542.54,1627.62,sales.csv,2026-09-29T03:58:58.984726+00:00
O003158,2026-06-30,C00407,P034,6,250.55,1503.30,sales.csv,2026-09-29T03:58:58.984726+00:00
O003994,2026-03-07,C00479,P036,3,970.55,2911.65,sales.csv,2026-09-29T03:58:58.984726+00:00
O005777,2026-05-12,C00423,P041,7,31.39,219.73,sales.csv,2026-09-29T03:58:58.984726+00:00
O008137,2026-02-23,C00156,P016,2,661.31,1322.62,sales.csv,2026-09-29T03:58:58.984726+00:00
O008821,2026-03-26,C00365,P043,10,440.59,4405.90,sales.csv,2026-09-29T03:58:58.984726+00:00
O006561,2026-04-09,C00269,P029,6,683.91,4103.46,sales.csv,2026-09-29T03:58:58.984726+00:00
O005305,2026-04-29,C00340,P013,2,558.60,1117.20,sales.csv,2026-09-29T03:58:58.984726+00:00
O002144,2026-01-18,C00446,P003,7,631.68,4421.76,sales.csv,2026-09-29T03:58:58.984726+00:00
O001225,2026-02-28,C00229,P045,3,132.43,397.29,sales.csv,2026-09-29T03:58:58.984726+00:00
O007173,2026-05-31,C00121,P005,9,582.13,5239.17,sales.csv,2026-09-29T03:58:58.984726+00:00
O006009,2026-06-03,C00237,P011,4,963.52,3854.08,sales.csv,2026-09-29T03:58:58.984726+00:00
O000570,2026-04-27,C00383,P039,6,546.05,3276.30,sales.csv,2026-09-29T03:58:58.984726+00:00
O004287,2026-06-28,C00035,P048,4,862.17,3448.68,sales.csv,2026-09-29T03:58:58.984726+00:00
O005435,2026-02-18,C00425,P027,3,880.16,2640.48,sales.csv,2026-09-29T03:58:58.984726+00:00
O008993,2026-02-15,C00058,P012,2,900.19,1800.38,sales.csv,2026-09-29T03:58:58.984726+00:00
O006219,2026-01-09,C00481,P004,3,594.50,1783.50,sales.csv,2026-09-29T03:58:58.984726+00:00
O003501,2026-05-03,C00483,P047,10,616.87,6168.70,sales.csv,2026-09-29T03:58:58.984726+00:00
O000809,2026-02-05,C00360,P001,3,651.65,1954.95,sales.csv,2026-09-29T03:58:58.984726+00:00
O009005,2026-05-09,C00365,P045,2,837.86,1675.72,sales.csv,2026-09-29T03:58:58.984726+00:00
O007408,2026-04-25,C00357,P038,7,855.59,5989.13,sales.csv,2026-09-29T03:58:58.984726+00:00
O004579,2026-06-10,C00423,P031,7,63.51,444.57,sales.csv,2026-09-29T03:58:58.984726+00:00
O002373,2026-01-27,C00365,P035,10,225.73,2257.30,sales.csv,2026-09-29T03:58:58.984726+00:00
O004593,2026-05-20,C00152,P020,5,777.67,3888.35,sales.csv,2026-09-29T03:58:58.984726+00:00
O008486,2026-04-08,C00094,P047,2,723.51,1447.02,sales.csv,2026-09-29T03:58:58.984726+00:00
O005659,2026-05-16,C00437,P041,1,477.14,477.14,sales.csv,2026-09-29T03:58:58.984726+00:00
O001085,2026-02-25,C00103,P014,10,937.35,9373.50,sales.csv,2026-09-29T03:58:58.984726+00:00
O007466,2026-02-28,C00416,P004,7,884.04,6188.28,sales.csv,2026-09-29T03:58:58.984726+00:00
O009255,2026-04-03,C00265,P015,9,593.38,5340.42,sales.csv,2026-09-29T03:58:58.984726+00:00
O008871,2026-04-14,C00389,P043,9,176.10,1584.90,sales.csv,2026-09-29T03:58:58.984726+00:00
O002692,2026-05-28,C00398,P045,4,922.55,3690.20,sales.csv,2026-09-29T03:58:58.984726+00:00
O008055,2026-02-13,C00086,P028,3,973.23,2919.69,sales.csv,2026-09-29T03:58:58.984726+00:00
O008608,2026-05-03,C00310,P016,7,943.10,6601.70,sales.csv,2026-09-29T03:58:58.984726+00:00
O007492,2026-02-19,C00312,P044,1,815.10,815.10,sales.csv,2026-09-29T03:58:58.984726+00:00
O006438,2026-01-12,C00069,P030,6,647.18,3883.08,sales.csv,2026-09-29T03:58:58.984726+00:00
O002991,2026-05-09,C00439,P033,4,458.22,1832.88,sales.csv,2026-09-29T03:58:58.984726+00:00
O006737,2026-01-24,C00059,P017,10,601.29,6012.90,sales.csv,2026-09-29T03:58:58.984726+00:00
O004759,2026-05-12,C00183,P012,4,836.48,3345.92,sales.csv,2026-09-29T03:58:58.984726+00:00
O001770,2026-03-27,C00211,P038,6,860.51,5163.06,sales.csv,2026-09-29T03:58:58.984726+00:00
O002508,2026-01-06,C00301,P037,10,629.48,6294.80,sales.csv,2026-09-29T03:58:58.984726+00:00
O008451,2026-03-14,C00320,P029,3,345.04,1035.12,sales.csv,2026-09-29T03:58:58.984726+00:00
O002311,2026-05-18,C00154,P021,10,31.46,314.60,sales.csv,2026-09-29T03:58:58.984726+00:00
O008381,2026-06-23,C00102,P039,6,62.24,373.44,sales.csv,2026-09-29T03:58:58.984726+00:00
O004798,2026-02-09,C00014,P010,8,71.53,572.24,sales.csv,2026-09-29T03:58:58.984726+00:00
O004371,2026-06-24,C00500,P036,8,942.66,7541.28,sales.csv,2026-09-29T03:58:58.984726+00:00
O001088,2026-06-27,C00327,P021,2,998.16,1996.32,sales.csv,2026-09-29T03:58:58.984726+00:00
O007817,2026-06-15,C00139,P037,1,641.78,641.78,sales.csv,2026-09-29T03:58:58.984726+00:00
O001261,2026-04-02,C00080,P050,2,158.12,316.24,sales.csv,2026-09-29T03:58:58.984726+00:00
O008275,2026-05-30,C00236,P013,9,339.06,3051.54,sales.csv,2026-09-29T03:58:58.984726+00:00
O008499,2026-02-10,C00355,P043,9,910.24,8192.16,sales.csv,2026-09-29T03:58:58.984726+00:00
O004868,2026-01-06,C00375,P035,9,821.45,7393.05,sales.csv,2026-09-29T03:58:58.984726+00:00
O004234,2026-05-31,C00155,P046,4,621.26,2485.04,sales.csv,2026-09-29T03:58:58.984726+00:00
O003575,2026-05-07,C00384,P037,4,165.93,663.72,sales.csv,2026-09-29T03:58:58.984726+00:00
O001581,2026-01-30,C00304,P039,8,427.47,3419.76,sales.csv,2026-09-29T03:58:58.984726+00:00
O000013,2026-03-17,C00425,P041,10,475.00,4750.00,sales.csv,2026-09-29T03:58:58.984726+00:00
O004451,2026-04-07,C00368,P049,4,693.48,2773.92,sales.csv,2026-09-29T03:58:58.984726+00:00
O000866,2026-01-16,C00045,P018,7,180.87,1266.09,sales.csv,2026-09-29T03:58:58.984726+00:00
O004574,2026-01-05,C00459,P032,8,581.24,4649.92,sales.csv,2026-09-29T03:58:58.984726+00:00
O000055,2026-04-21,C00182,P028,7,613.13,4291.91,sales.csv,2026-09-29T03:58:58.984726+00:00
O001213,2026-01-22,C00146,P039,9,536.62,4829.58,sales.csv,2026-09-29T03:58:58.984726+00:00
O009099,2026-01-28,C00406,P018,2,369.36,738.72,sales.csv,2026-09-29T03:58:58.984726+00:00
O006117,2026-03-23,C00078,P043,9,826.17,7435.53,sales.csv,2026-09-29T03:58:58.984726+00:00
O005811,2026-05-11,C00242,P005,7,650.61,4554.27,sales.csv,2026-09-29T03:58:58.984726+00:00
O000476,2026-04-21,C00258,P004,2,680.08,1360.16,sales.csv,2026-09-29T03:58:58.984726+00:00
O003101,2026-01-28,C00312,P014,6,670.51,4023.06,sales.csv,2026-09-29T03:58:58.984726+00:00
O003226,2026-05-14,C00384,P008,3,259.69,779.07,sales.csv,2026-09-29T03:58:58.984726+00:00
O001796,2026-04-25,C00347,P043,2,671.81,1343.62,sales.csv,2026-09-29T03:58:58.984726+00:00
O001107,2026-04-07,C00021,P028,5,730.54,3652.70,sales.csv,2026-09-29T03:58:58.984726+00:00
O003625,2026-04-30,C00219,P038,3,931.29,2793.87,sales.csv,2026-09-29T03:58:58.984726+00:00
O000041,2026-03-03,C00450,P037,2,113.26,226.52,sales.csv,2026-09-29T03:58:58.984726+00:00
O003089,2026-06-25,C00260,P029,10,416.93,4169.30,sales.csv,2026-09-29T03:58:58.984726+00:00
O006971,2026-04-14,C00196,P039,4,623.38,2493.52,sales.csv,2026-09-29T03:58:58.984726+00:00
O007296,2026-02-14,C00386,P028,1,674.31,674.31,sales.csv,2026-09-29T03:58:58.984726+00:00
O006605,2026-01-08,C00378,P042,6,948.08,5688.48,sales.csv,2026-09-29T03:58:58.984726+00:00
O006211,2026-02-26,C00234,P033,9,344.30,3098.70,sales.csv,2026-09-29T03:58:58.984726+00:00
O003923,2026-05-26,C00021,P033,1,948.35,948.35,sales.csv,2026-09-29T03:58:58.984726+00:00
O007196,2026-05-07,C00246,P026,3,863.71,2591.13,sales.csv,2026-09-29T03:58:58.984726+00:00
O003988,2026-05-19,C00442,P044,3,57.04,171.12,sales.csv,2026-09-29T03:58:58.984726+00:00
O006669,2026-05-18,C00028,P010,4,838.30,3353.20,sales.csv,2026-09-29T03:58:58.984726+00:00
O008837,2026-06-12,C00336,P022,8,531.88,4255.04,sales.csv,2026-09-29T03:58:58.984726+00:00
O002270,2026-02-06,C00452,P009,4,252.24,1008.96,sales.csv,2026-09-29T03:58:58.984726+00:00
O004130,2026-01-13,C00390,P015,2,927.81,1855.62,sales.csv,2026-09-29T03:58:58.984726+00:00
O004325,2026-04-16,C00467,P038,5,354.05,1770.25,sales.csv,2026-09-29T03:58:58.984726+00:00
O006761,2026-02-09,C00014,P026,7,630.66,4414.62,sales.csv,2026-09-29T03:58:58.984726+00:00
O002099,2026-01-03,C00368,P034,2,112.12,224.24,sales.csv,2026-09-29T03:58:58.984726+00:00
O001642,2026-03-10,C00411,P007,5,858.66,4293.30,sales.csv,2026-09-29T03:58:58.984726+00:00
O000243,2026-05-04,C00177,P022,9,713.28,6419.52,sales.csv,2026-09-29T03:58:58.984726+00:00
O007030,2026-05-16,C00226,P033,5,772.59,3862.95,sales.csv,2026-09-29T03:58:58.984726+00:00
O008205,2026-05-15,C00109,P005,1,260.43,260.43,sales.csv,2026-09-29T03:58:58.984726+00:00
O001023,2026-01-27,C00262,P047,10,155.31,1553.10,sales.csv,2026-09-29T03:58:58.984726+00:00
O008884,2026-04-12,C00163,P029,3,560.76,1682.28,sales.csv,2026-09-29T03:58:58.984726+00:00
O006861,2026-04-29,C00343,P001,3,683.56,2050.68,sales.csv,2026-09-29T03:58:58.984726+00:00
O000879,2026-06-29,C00181,P037,10,187.25,1872.50,sales.csv,2026-09-29T03:58:58.984726+00:00
O004654,2026-06-06,C00151,P012,4,831.92,3327.68,sales.csv,2026-09-29T03:58:58.984726+00:00
O001897,2026-06-10,C00175,P025,2,562.18,1124.36,sales.csv,2026-09-29T03:58:58.984726+00:00
O006261,2026-04-23,C00098,P001,6,339.77,2038.62,sales.csv,2026-09-29T03:58:58.984726+00:00
O005951,2026-05-21,C00424,P038,10,793.18,7931.80,sales.csv,2026-09-29T03:58:58.984726+00:00
O007893,2026-05-27,C00377,P049,1,722.42,722.42,sales.csv,2026-09-29T03:58:58.984726+00:00
O006231,2026-04-16,C00455,P031,10,842.97,8429.70,sales.csv,2026-09-29T03:58:58.984726+00:00
O003960,2026-01-13,C00439,P001,5,1.01,5.05,sales.csv,2026-09-29T03:58:58.984726+00:00
O000426,2026-06-20,C00343,P006,9,473.65,4262.85,sales.csv,2026-09-29T03:58:58.984726+00:00
O005033,2026-04-18,C00401,P049,9,841.84,7576.56,sales.csv,2026-09-29T03:58:58.984726+00:00
O000487,2026-05-20,C00149,P042,5,634.00,3170.00,sales.csv,2026-09-29T03:58:58.984726+00:00
O009289,2026-05-07,C00019,P030,9,269.67,2427.03,sales.csv,2026-09-29T03:58:58.984726+00:00
O001396,2026-01-10,C00236,P023,3,182.41,547.23,sales.csv,2026-09-29T03:58:58.984726+00:00
O004000,2026-06-27,C00459,P049,4,939.74,3758.96,sales.csv,2026-09-29T03:58:58.984726+00:00
O006648,2026-04-22,C00339,P020,10,596.22,5962.20,sales.csv,2026-09-29T03:58:58.984726+00:00
O001732,2026-04-20,C00377,P016,4,429.99,1719.96,sales.csv,2026-09-29T03:58:58.984726+00:00
O004564,2026-04-11,C00465,P025,2,73.28,146.56,sales.csv,2026-09-29T03:58:58.984726+00:00
O000966,2026-06-16,C00210,P033,1,895.17,895.17,sales.csv,2026-09-29T03:58:58.984726+00:00
O002581,2026-05-05,C00004,P010,5,297.34,1486.70,sales.csv,2026-09-29T03:58:58.984726+00:00
O000228,2026-01-14,C00097,P034,6,817.09,4902.54,sales.csv,2026-09-29T03:58:58.984726+00:00
O002741,2026-03-17,C00083,P005,5,756.64,3783.20,sales.csv,2026-09-29T03:58:58.984726+00:00
O005414,2026-03-11,C00052,P016,3,136.80,410.40,sales.csv,2026-09-29T03:58:58.984726+00:00
O007011,2026-01-22,C00043,P019,3,795.65,2386.95,sales.csv,2026-09-29T03:58:58.984726+00:00
O005681,2026-04-08,C00255,P006,8,581.24,4649.92,sales.csv,2026-09-29T03:58:58.984726+00:00
O005498,2026-03-16,C00151,P020,8,25.27,202.16,sales.csv,2026-09-29T03:58:58.984726+00:00
O002232,2026-06-06,C00321,P028,2,134.46,268.92,sales.csv,2026-09-29T03:58:58.984726+00:00
O000469,2026-05-22,C00294,P024,8,724.05,5792.40,sales.csv,2026-09-29T03:58:58.984726+00:00
O002726,2026-03-22,C00385,P026,6,170.76,1024.56,sales.csv,2026-09-29T03:58:58.984726+00:00
O005798,2026-01-13,C00244,P001,3,716.85,2150.55,sales.csv,2026-09-29T03:58:58.984726+00:00
O008858,2026-06-21,C00265,P035,6,932.19,5593.14,sales.csv,2026-09-29T03:58:58.984726+00:00
O004222,2026-06-29,C00264,P007,8,795.93,6367.44,sales.csv,2026-09-29T03:58:58.984726+00:00
O000384,2026-06-11,C00332,P022,2,433.13,866.26,sales.csv,2026-09-29T03:58:58.984726+00:00
O005316,2026-02-13,C00078,P041,8,298.32,2386.56,sales.csv,2026-09-29T03:58:58.984726+00:00
O007696,2026-01-05,C00107,P022,2,997.05,1994.10,sales.csv,2026-09-29T03:58:58.984726+00:00
O001049,2026-03-28,C00266,P034,10,125.83,1258.30,sales.csv,2026-09-29T03:58:58.984726+00:00
O007963,2026-05-23,C00173,P019,9,628.67,5658.03,sales.csv,2026-09-29T03:58:58.984726+00:00
O008245,2026-04-09,C00321,P026,6,282.07,1692.42,sales.csv,2026-09-29T03:58:58.984726+00:00
O003371,2026-04-13,C00012,P012,5,946.80,4734.00,sales.csv,2026-09-29T03:58:58.984726+00:00
O007936,2026-03-10,C00483,P044,1,994.80,994.80,sales.csv,2026-09-29T03:58:58.984726+00:00
O002356,2026-04-24,C00357,P004,9,841.18,7570.62,sales.csv,2026-09-29T03:58:58.984726+00:00
O006633,2026-02-23,C00259,P017,9,671.73,6045.57,sales.csv,2026-09-29T03:58:58.984726+00:00
O008171,2026-06-11,C00085,P050,9,16.69,150.21,sales.csv,2026-09-29T03:58:58.984726+00:00
O006372,2026-01-23,C00248,P045,4,862.68,3450.72,sales.csv,2026-09-29T03:58:58.984726+00:00
O003366,2026-03-30,C00498,P030,10,320.94,3209.40,sales.csv,2026-09-29T03:58:58.984726+00:00
O004283,2026-06-26,C00274,P013,8,993.62,7948.96,sales.csv,2026-09-29T03:58:58.984726+00:00
O000216,2026-06-03,C00021,P028,6,792.29,4753.74,sales.csv,2026-09-29T03:58:58.984726+00:00
O008411,2026-05-27,C00310,P049,8,757.69,6061.52,sales.csv,2026-09-29T03:58:58.984726+00:00
O001566,2026-06-14,C00364,P050,8,617.75,4942.00,sales.csv,2026-09-29T03:58:58.984726+00:00
O000157,2026-01-11,C00387,P002,4,262.30,1049.20,sales.csv,2026-09-29T03:58:58.984726+00:00
O004298,2026-03-17,C00020,P007,1,394.48,394.48,sales.csv,2026-09-29T03:58:58.984726+00:00
O006044,2026-03-28,C00177,P017,3,572.91,1718.73,sales.csv,2026-09-29T03:58:58.984726+00:00
O006662,2026-03-20,C00455,P031,1,854.80,854.80,sales.csv,2026-09-29T03:58:58.984726+00:00
O001265,2026-03-12,C00252,P012,9,368.35,3315.15,sales.csv,2026-09-29T03:58:58.984726+00:00
O006584,2026-04-01,C00386,P050,7,986.38,6904.66,sales.csv,2026-09-29T03:58:58.984726+00:00
O004849,2026-05-16,C00253,P041,4,850.38,3401.52,sales.csv,2026-09-29T03:58:58.984726+00:00
O004785,2026-01-26,C00047,P019,1,732.88,732.88,sales.csv,2026-09-29T03:58:58.984726+00:00
O004884,2026-01-12,C00302,P023,4,936.04,3744.16,sales.csv,2026-09-29T03:58:58.984726+00:00
O002105,2026-03-22,C00466,P023,1,367.71,367.71,sales.csv,2026-09-29T03:58:58.984726+00:00
O002907,2026-04-11,C00052,P015,5,650.03,3250.15,sales.csv,2026-09-29T03:58:58.984726+00:00
O003220,2026-04-15,C00447,P001,5,905.91,4529.55,sales.csv,2026-09-29T03:58:58.984726+00:00
O005263,2026-04-30,C00399,P047,7,905.17,6336.19,sales.csv,2026-09-29T03:58:58.984726+00:00
O008505,2026-01-05,C00332,P028,5,577.66,2888.30,sales.csv,2026-09-29T03:58:58.984726+00:00
O006260,2026-02-15,C00033,P040,6,706.96,4241.76,sales.csv,2026-09-29T03:58:58.984726+00:00
O008815,2026-04-03,C00017,P035,2,92.26,184.52,sales.csv,2026-09-29T03:58:58.984726+00:00
O002423,2026-03-19,C00257,P035,7,769.18,5384.26,sales.csv,2026-09-29T03:58:58.984726+00:00
O008948,2026-06-23,C00227,P019,4,751.72,3006.88,sales.csv,2026-09-29T03:58:58.984726+00:00
O008721,2026-03-01,C00135,P033,6,620.95,3725.70,sales.csv,2026-09-29T03:58:58.984726+00:00
O001888,2026-02-12,C00252,P028,3,410.54,1231.62,sales.csv,2026-09-29T03:58:58.984726+00:00
O004597,2026-03-14,C00028,P016,8,269.55,2156.40,sales.csv,2026-09-29T03:58:58.984726+00:00
O001964,2026-04-13,C00103,P041,5,412.20,2061.00,sales.csv,2026-09-29T03:58:58.984726+00:00
O001245,2026-04-15,C00260,P007,9,95.87,862.83,sales.csv,2026-09-29T03:58:58.984726+00:00
O007379,2026-04-13,C00392,P025,8,713.90,5711.20,sales.csv,2026-09-29T03:58:58.984726+00:00
O004919,2026-05-04,C00460,P048,2,677.05,1354.10,sales.csv,2026-09-29T03:58:58.984726+00:00
O002053,2026-01-29,C00418,P002,4,36.14,144.56,sales.csv,2026-09-29T03:58:58.984726+00:00
O003985,2026-05-07,C00346,P035,7,473.29,3313.03,sales.csv,2026-09-29T03:58:58.984726+00:00
O008243,2026-03-04,C00465,P001,1,408.78,408.78,sales.csv,2026-09-29T03:58:58.984726+00:00
O000376,2026-05-10,C00197,P030,10,727.55,7275.50,sales.csv,2026-09-29T03:58:58.984726+00:00
O007009,2026-06-12,C00265,P047,5,849.19,4245.95,sales.csv,2026-09-29T03:58:58.984726+00:00
O001383,2026-02-12,C00406,P012,9,527.32,4745.88,sales.csv,2026-09-29T03:58:58.984726+00:00
O002024,2026-04-14,C00146,P042,3,159.07,477.21,sales.csv,2026-09-29T03:58:58.984726+00:00
O000444,2026-04-19,C00041,P028,10,237.52,2375.20,sales.csv,2026-09-29T03:58:58.984726+00:00
O008053,2026-06-25,C00213,P045,8,625.77,5006.16,sales.csv,2026-09-29T03:58:58.984726+00:00
O007663,2026-04-13,C00088,P042,7,811.39,5679.73,sales.csv,2026-09-29T03:58:58.984726+00:00
O007573,2026-05-23,C00244,P019,1,348.52,348.52,sales.csv,2026-09-29T03:58:58.984726+00:00
O001898,2026-03-30,C00183,P027,6,74.98,449.88,sales.csv,2026-09-29T03:58:58.984726+00:00
O000520,2026-03-20,C00408,P047,1,783.38,783.38,sales.csv,2026-09-29T03:58:58.984726+00:00
O004917,2026-06-28,C00149,P018,1,744.46,744.46,sales.csv,2026-09-29T03:58:58.984726+00:00
O002282,2026-06-13,C00472,P038,1,272.58,272.58,sales.csv,2026-09-29T03:58:58.984726+00:00
O009376,2026-01-08,C00258,P027,1,385.96,385.96,sales.csv,2026-09-29T03:58:58.984726+00:00
O001868,2026-02-06,C00203,P026,10,134.32,1343.20,sales.csv,2026-09-29T03:58:58.984726+00:00
O000468,2026-03-02,C00405,P032,1,474.03,474.03,sales.csv,2026-09-29T03:58:58.984726+00:00
O008270,2026-04-03,C00165,P009,10,850.93,8509.30,sales.csv,2026-09-29T03:58:58.984726+00:00
O000373,2026-04-01,C00260,P005,5,606.21,3031.05,sales.csv,2026-09-29T03:58:58.984726+00:00
O006857,2026-01-16,C00041,P021,8,130.60,1044.80,sales.csv,2026-09-29T03:58:58.984726+00:00
O005940,2026-04-18,C00275,P002,7,532.04,3724.28,sales.csv,2026-09-29T03:58:58.984726+00:00
O008444,2026-05-09,C00165,P019,1,310.71,310.71,sales.csv,2026-09-29T03:58:58.984726+00:00
O004975,2026-04-09,C00444,P049,9,64.03,576.27,sales.csv,2026-09-29T03:58:58.984726+00:00
O003417,2026-01-08,C00106,P037,8,602.87,4822.96,sales.csv,2026-09-29T03:58:58.984726+00:00
O009098,2026-03-08,C00456,P048,4,951.97,3807.88,sales.csv,2026-09-29T03:58:58.984726+00:00
O000985,2026-03-17,C00050,P031,3,972.13,2916.39,sales.csv,2026-09-29T03:58:58.984726+00:00
O005857,2026-01-01,C00265,P034,10,745.65,7456.50,sales.csv,2026-09-29T03:58:58.984726+00:00
O004486,2026-02-23,C00421,P002,1,769.20,769.20,sales.csv,2026-09-29T03:58:58.984726+00:00
O008818,2026-03-06,C00288,P018,4,978.14,3912.56,sales.csv,2026-09-29T03:58:58.984726+00:00
O006551,2026-05-19,C00124,P001,10,583.97,5839.70,sales.csv,2026-09-29T03:58:58.984726+00:00
O006775,2026-02-10,C00125,P047,10,334.13,3341.30,sales.csv,2026-09-29T03:58:58.984726+00:00
O006665,2026-04-13,C00275,P029,2,426.06,852.12,sales.csv,2026-09-29T03:58:58.984726+00:00
O007309,2026-03-30,C00436,P006,5,853.24,4266.20,sales.csv,2026-09-29T03:58:58.984726+00:00
O005803,2026-04-15,C00491,P035,10,41.86,418.60,sales.csv,2026-09-29T03:58:58.984726+00:00
O004805,2026-06-16,C00484,P007,6,419.69,2518.14,sales.csv,2026-09-29T03:58:58.984726+00:00
O008365,2026-04-22,C00201,P017,10,609.57,6095.70,sales.csv,2026-09-29T03:58:58.984726+00:00
O000390,2026-04-07,C00330,P022,3,879.33,2637.99,sales.csv,2026-09-29T03:58:58.984726+00:00
O008919,2026-05-15,C00411,P046,6,987.63,5925.78,sales.csv,2026-09-29T03:58:58.984726+00:00
O005355,2026-04-20,C00140,P002,10,879.87,8798.70,sales.csv,2026-09-29T03:58:58.984726+00:00
O002921,2026-03-19,C00412,P048,6,594.25,3565.50,sales.csv,2026-09-29T03:58:58.984726+00:00
O006720,2026-03-20,C00072,P025,1,145.23,145.23,sales.csv,2026-09-29T03:58:58.984726+00:00
O004497,2026-02-27,C00119,P026,9,626.66,5639.94,sales.csv,2026-09-29T03:58:58.984726+00:00
O005501,2026-04-29,C00011,P011,1,491.45,491.45,sales.csv,2026-09-29T03:58:58.984726+00:00
O006540,2026-05-12,C00397,P033,9,186.26,1676.34,sales.csv,2026-09-29T03:58:58.984726+00:00
O005917,2026-06-30,C00415,P025,6,916.91,5501.46,sales.csv,2026-09-29T03:58:58.984726+00:00
O000048,2026-01-17,C00174,P002,10,727.03,7270.30,sales.csv,2026-09-29T03:58:58.984726+00:00
O001283,2026-04-12,C00051,P045,3,79.69,239.07,sales.csv,2026-09-29T03:58:58.984726+00:00
O001457,2026-04-16,C00493,P027,5,581.65,2908.25,sales.csv,2026-09-29T03:58:58.984726+00:00
O008988,2026-02-08,C00123,P003,9,748.96,6740.64,sales.csv,2026-09-29T03:58:58.984726+00:00
O008522,2026-06-14,C00206,P025,5,619.59,3097.95,sales.csv,2026-09-29T03:58:58.984726+00:00
O001359,2026-01-18,C00272,P010,8,388.54,3108.32,sales.csv,2026-09-29T03:58:58.984726+00:00
O004526,2026-05-10,C00189,P037,10,928.39,9283.90,sales.csv,2026-09-29T03:58:58.984726+00:00
O004612,2026-05-03,C00359,P004,7,651.72,4562.04,sales.csv,2026-09-29T03:58:58.984726+00:00
O001399,2026-04-13,C00292,P014,2,949.41,1898.82,sales.csv,2026-09-29T03:58:58.984726+00:00
O008808,2026-04-07,C00410,P038,8,351.03,2808.24,sales.csv,2026-09-29T03:58:58.984726+00:00
O007949,2026-04-23,C00389,P016,6,162.48,974.88,sales.csv,2026-09-29T03:58:58.984726+00:00
O009259,2026-01-10,C00127,P014,3,637.60,1912.80,sales.csv,2026-09-29T03:58:58.984726+00:00
O007508,2026-03-11,C00451,P031,1,327.02,327.02,sales.csv,2026-09-29T03:58:58.984726+00:00
O005713,2026-01-06,C00378,P040,10,827.11,8271.10,sales.csv,2026-09-29T03:58:58.984726+00:00
O002087,2026-01-27,C00422,P036,1,665.93,665.93,sales.csv,2026-09-29T03:58:58.984726+00:00
O008249,2026-06-27,C00468,P010,5,664.96,3324.80,sales.csv,2026-09-29T03:58:58.984726+00:00
O001000,2026-06-07,C00223,P041,7,529.73,3708.11,sales.csv,2026-09-29T03:58:58.984726+00:00
O007234,2026-06-13,C00101,P002,3,343.98,1031.94,sales.csv,2026-09-29T03:58:58.984726+00:00
O008824,2026-05-28,C00169,P019,3,111.81,335.43,sales.csv,2026-09-29T03:58:58.984726+00:00
O001822,2026-02-11,C00028,P018,6,550.86,3305.16,sales.csv,2026-09-29T03:58:58.984726+00:00
O001917,2026-04-21,C00340,P035,6,263.24,1579.44,sales.csv,2026-09-29T03:58:58.984726+00:00
O002784,2026-06-29,C00256,P042,8,543.70,4349.60,sales.csv,2026-09-29T03:58:58.984726+00:00
O009273,2026-06-21,C00388,P050,3,538.25,1614.75,sales.csv,2026-09-29T03:58:58.984726+00:00
O002070,2026-02-19,C00241,P023,8,305.22,2441.76,sales.csv,2026-09-29T03:58:58.984726+00:00
O000773,2026-06-17,C00047,P046,2,2.42,4.84,sales.csv,2026-09-29T03:58:58.984726+00:00
O003554,2026-06-14,C00415,P025,8,21.77,174.16,sales.csv,2026-09-29T03:58:58.984726+00:00
O003487,2026-02-10,C00313,P043,3,427.87,1283.61,sales.csv,2026-09-29T03:58:58.984726+00:00
O000250,2026-04-27,C00008,P047,3,538.36,1615.08,sales.csv,2026-09-29T03:58:58.984726+00:00
O005233,2026-01-18,C00318,P025,7,213.60,1495.20,sales.csv,2026-09-29T03:58:58.984726+00:00
O002835,2026-03-12,C00247,P013,2,457.85,915.70,sales.csv,2026-09-29T03:58:58.984726+00:00
O006286,2026-01-29,C00088,P031,7,514.68,3602.76,sales.csv,2026-09-29T03:58:58.984726+00:00
O005397,2026-04-29,C00212,P044,4,560.10,2240.40,sales.csv,2026-09-29T03:58:58.984726+00:00
O009153,2026-05-30,C00445,P003,4,282.00,1128.00,sales.csv,2026-09-29T03:58:58.984726+00:00
O007089,2026-06-05,C00270,P045,9,847.51,7627.59,sales.csv,2026-09-29T03:58:58.984726+00:00
O000197,2026-04-13,C00252,P005,10,826.02,8260.20,sales.csv,2026-09-29T03:58:58.984726+00:00
O008234,2026-04-24,C00055,P037,7,69.25,484.75,sales.csv,2026-09-29T03:58:58.984726+00:00
O004226,2026-06-17,C00362,P026,7,309.18,2164.26,sales.csv,2026-09-29T03:58:58.984726+00:00
O008759,2026-06-02,C00442,P026,7,900.70,6304.90,sales.csv,2026-09-29T03:58:58.984726+00:00
O007795,2026-04-06,C00240,P014,10,872.87,8728.70,sales.csv,2026-09-29T03:58:58.984726+00:00
O003802,2026-06-24,C00289,P050,3,841.48,2524.44,sales.csv,2026-09-29T03:58:58.984726+00:00
O005629,2026-06-11,C00385,P014,7,489.06,3423.42,sales.csv,2026-09-29T03:58:58.984726+00:00
O006439,2026-03-17,C00339,P021,5,359.29,1796.45,sales.csv,2026-09-29T03:58:58.984726+00:00
O005262,2026-04-14,C00015,P024,5,485.69,2428.45,sales.csv,2026-09-29T03:58:58.984726+00:00
O005991,2026-03-15,C00278,P019,9,87.45,787.05,sales.csv,2026-09-29T03:58:58.984726+00:00
O009403,2026-06-25,C00392,P011,8,786.47,6291.76,sales.csv,2026-09-29T03:58:58.984726+00:00
O003776,2026-02-06,C00462,P007,4,8.73,34.92,sales.csv,2026-09-29T03:58:58.984726+00:00
O000115,2026-06-28,C00152,P036,3,252.44,757.32,sales.csv,2026-09-29T03:58:58.984726+00:00
O002083,2026-01-12,C00395,P036,5,199.15,995.75,sales.csv,2026-09-29T03:58:58.984726+00:00
O002180,2026-01-11,C00001,P030,10,380.12,3801.20,sales.csv,2026-09-29T03:58:58.984726+00:00
O002839,2026-01-27,C00299,P050,10,409.40,4094.00,sales.csv,2026-09-29T03:58:58.984726+00:00
O007931,2026-05-02,C00201,P020,8,475.55,3804.40,sales.csv,2026-09-29T03:58:58.984726+00:00
O004688,2026-03-31,C00206,P011,3,434.70,1304.10,sales.csv,2026-09-29T03:58:58.984726+00:00
O004300,2026-02-09,C00144,P022,7,98.51,689.57,sales.csv,2026-09-29T03:58:58.984726+00:00
O009451,2026-04-04,C00078,P009,10,107.85,1078.50,sales.csv,2026-09-29T03:58:58.984726+00:00
O001253,2026-04-16,C00490,P023,9,703.08,6327.72,sales.csv,2026-09-29T03:58:58.984726+00:00
O002244,2026-04-22,C00263,P042,6,408.88,2453.28,sales.csv,2026-09-29T03:58:58.984726+00:00
O006195,2026-05-08,C00087,P015,5,453.65,2268.25,sales.csv,2026-09-29T03:58:58.984726+00:00
O006043,2026-06-02,C00452,P030,8,932.50,7460.00,sales.csv,2026-09-29T03:58:58.984726+00:00
O008181,2026-03-08,C00356,P036,3,330.07,990.21,sales.csv,2026-09-29T03:58:58.984726+00:00
O002861,2026-06-14,C00402,P037,1,606.25,606.25,sales.csv,2026-09-29T03:58:58.984726+00:00
O003528,2026-03-26,C00038,P012,10,446.39,4463.90,sales.csv,2026-09-29T03:58:58.984726+00:00
O000624,2026-04-02,C00158,P017,6,673.15,4038.90,sales.csv,2026-09-29T03:58:58.984726+00:00
O001209,2026-04-18,C00190,P003,9,563.24,5069.16,sales.csv,2026-09-29T03:58:58.984726+00:00
O009101,2026-02-26,C00136,P045,4,893.48,3573.92,sales.csv,2026-09-29T03:58:58.984726+00:00
O007691,2026-06-15,C00066,P009,10,31.18,311.80,sales.csv,2026-09-29T03:58:58.984726+00:00
O002617,2026-05-30,C00197,P006,2,172.02,344.04,sales.csv,2026-09-29T03:58:58.984726+00:00
O008597,2026-06-08,C00233,P038,9,688.78,6199.02,sales.csv,2026-09-29T03:58:58.984726+00:00
O006025,2026-05-23,C00265,P020,1,589.11,589.11,sales.csv,2026-09-29T03:58:58.984726+00:00
O004471,2026-06-26,C00175,P003,5,901.23,4506.15,sales.csv,2026-09-29T03:58:58.984726+00:00
O008479,2026-01-16,C00289,P029,6,442.92,2657.52,sales.csv,2026-09-29T03:58:58.984726+00:00
O005133,2026-01-07,C00208,P046,10,487.21,4872.10,sales.csv,2026-09-29T03:58:58.984726+00:00
O003186,2026-02-03,C00310,P035,1,947.63,947.63,sales.csv,2026-09-29T03:58:58.984726+00:00
O006887,2026-04-04,C00187,P050,9,389.29,3503.61,sales.csv,2026-09-29T03:58:58.984726+00:00
O008286,2026-04-18,C00036,P039,3,166.73,500.19,sales.csv,2026-09-29T03:58:58.984726+00:00
O007915,2026-04-14,C00235,P030,7,80.48,563.36,sales.csv,2026-09-29T03:58:58.984726+00:00
O007319,2026-02-21,C00332,P020,4,572.31,2289.24,sales.csv,2026-09-29T03:58:58.984726+00:00
O006783,2026-04-27,C00326,P043,8,820.33,6562.64,sales.csv,2026-09-29T03:58:58.984726+00:00
O007491,2026-01-24,C00428,P005,9,989.93,8909.37,sales.csv,2026-09-29T03:58:58.984726+00:00
O008684,2026-04-04,C00420,P014,4,600.04,2400.16,sales.csv,2026-09-29T03:58:58.984726+00:00
O006974,2026-05-31,C00081,P033,1,396.92,396.92,sales.csv,2026-09-29T03:58:58.984726+00:00
O005196,2026-05-27,C00466,P032,1,900.67,900.67,sales.csv,2026-09-29T03:58:58.984726+00:00
O007310,2026-02-08,C00030,P010,6,797.66,4785.96,sales.csv,2026-09-29T03:58:58.984726+00:00
O001633,2026-05-28,C00376,P023,1,842.82,842.82,sales.csv,2026-09-29T03:58:58.984726+00:00
O008355,2026-01-01,C00362,P013,5,895.96,4479.80,sales.csv,2026-09-29T03:58:58.984726+00:00
O006592,2026-05-16,C00308,P049,3,436.32,1308.96,sales.csv,2026-09-29T03:58:58.984726+00:00
O005018,2026-01-29,C00331,P043,9,656.31,5906.79,sales.csv,2026-09-29T03:58:58.984726+00:00
O002146,2026-04-07,C00244,P047,10,175.07,1750.70,sales.csv,2026-09-29T03:58:58.984726+00:00
O007849,2026-03-09,C00323,P041,5,495.85,2479.25,sales.csv,2026-09-29T03:58:58.984726+00:00
O000852,2026-02-14,C00016,P026,8,729.69,5837.52,sales.csv,2026-09-29T03:58:58.984726+00:00
O000145,2026-04-10,C00437,P027,9,980.78,8827.02,sales.csv,2026-09-29T03:58:58.984726+00:00
O006443,2026-01-24,C00064,P036,1,827.56,827.56,sales.csv,2026-09-29T03:58:58.984726+00:00
O003432,2026-05-04,C00108,P017,2,433.57,867.14,sales.csv,2026-09-29T03:58:58.984726+00:00
O002427,2026-03-20,C00004,P011,8,3.06,24.48,sales.csv,2026-09-29T03:58:58.984726+00:00
O000051,2026-03-26,C00037,P033,4,366.00,1464.00,sales.csv,2026-09-29T03:58:58.984726+00:00
O007495,2026-04-07,C00218,P044,3,672.59,2017.77,sales.csv,2026-09-29T03:58:58.984726+00:00
O008870,2026-04-03,C00236,P005,7,403.96,2827.72,sales.csv,2026-09-29T03:58:58.984726+00:00
O008704,2026-02-08,C00031,P014,1,872.38,872.38,sales.csv,2026-09-29T03:58:58.984726+00:00
O005406,2026-03-04,C00386,P039,4,925.95,3703.80,sales.csv,2026-09-29T03:58:58.984726+00:00
O000359,2026-06-08,C00236,P045,6,116.51,699.06,sales.csv,2026-09-29T03:58:58.984726+00:00
O006580,2026-02-04,C00431,P018,6,201.35,1208.10,sales.csv,2026-09-29T03:58:58.984726+00:00
O003135,2026-02-15,C00261,P047,10,367.08,3670.80,sales.csv,2026-09-29T03:58:58.984726+00:00
O000299,2026-04-12,C00142,P013,2,597.00,1194.00,sales.csv,2026-09-29T03:58:58.984726+00:00
O000654,2026-03-11,C00024,P005,5,712.76,3563.80,sales.csv,2026-09-29T03:58:58.984726+00:00
O006395,2026-02-21,C00029,P013,10,614.97,6149.70,sales.csv,2026-09-29T03:58:58.984726+00:00
O004318,2026-01-27,C00323,P002,8,287.28,2298.24,sales.csv,2026-09-29T03:58:58.984726+00:00
O002558,2026-01-21,C00040,P047,4,123.72,494.88,sales.csv,2026-09-29T03:58:58.984726+00:00
O006721,2026-05-21,C00197,P016,8,986.14,7889.12,sales.csv,2026-09-29T03:58:58.984726+00:00
O006407,2026-06-18,C00062,P008,10,861.09,8610.90,sales.csv,2026-09-29T03:58:58.984726+00:00
O000853,2026-05-21,C00128,P007,8,134.57,1076.56,sales.csv,2026-09-29T03:58:58.984726+00:00
O007423,2026-02-25,C00250,P036,9,94.10,846.90,sales.csv,2026-09-29T03:58:58.984726+00:00
O008277,2026-05-12,C00042,P009,2,303.76,607.52,sales.csv,2026-09-29T03:58:58.984726+00:00
O004710,2026-06-13,C00404,P029,5,843.98,4219.90,sales.csv,2026-09-29T03:58:58.984726+00:00
O001334,2026-03-10,C00398,P026,2,712.97,1425.94,sales.csv,2026-09-29T03:58:58.984726+00:00
O008101,2026-04-22,C00482,P005,6,55.44,332.64,sales.csv,2026-09-29T03:58:58.984726+00:00
O005041,2026-04-10,C00217,P018,2,97.76,195.52,sales.csv,2026-09-29T03:58:58.984726+00:00
O003717,2026-05-13,C00086,P007,8,254.17,2033.36,sales.csv,2026-09-29T03:58:58.984726+00:00
O008326,2026-04-26,C00138,P044,2,97.32,194.64,sales.csv,2026-09-29T03:58:58.984726+00:00
O007765,2026-05-24,C00313,P050,1,630.79,630.79,sales.csv,2026-09-29T03:58:58.984726+00:00
O004370,2026-04-30,C00212,P035,2,135.49,270.98,sales.csv,2026-09-29T03:58:58.984726+00:00
O000022,2026-06-25,C00167,P050,1,301.21,301.21,sales.csv,2026-09-29T03:58:58.984726+00:00
O000593,2026-05-17,C00195,P015,4,604.75,2419.00,sales.csv,2026-09-29T03:58:58.984726+00:00
O002507,2026-05-06,C00329,P043,9,295.82,2662.38,sales.csv,2026-09-29T03:58:58.984726+00:00
O002607,2026-04-20,C00330,P004,5,145.25,726.25,sales.csv,2026-09-29T03:58:58.984726+00:00
O006757,2026-02-17,C00100,P004,3,659.24,1977.72,sales.csv,2026-09-29T03:58:58.984726+00:00
O002246,2026-05-01,C00159,P039,6,382.50,2295.00,sales.csv,2026-09-29T03:58:58.984726+00:00
O007122,2026-02-20,C00001,P050,10,81.58,815.80,sales.csv,2026-09-29T03:58:58.984726+00:00
O001178,2026-04-03,C00199,P031,8,61.86,494.88,sales.csv,2026-09-29T03:58:58.984726+00:00
O005893,2026-01-30,C00352,P027,2,824.58,1649.16,sales.csv,2026-09-29T03:58:58.984726+00:00
O003536,2026-03-20,C00093,P007,1,700.16,700.16,sales.csv,2026-09-29T03:58:58.984726+00:00
O006378,2026-04-26,C00134,P018,10,515.32,5153.20,sales.csv,2026-09-29T03:58:58.984726+00:00
O003376,2026-06-26,C00399,P012,5,658.40,3292.00,sales.csv,2026-09-29T03:58:58.984726+00:00
O003181,2026-04-19,C00205,P017,1,352.68,352.68,sales.csv,2026-09-29T03:58:58.984726+00:00
O005650,2026-05-01,C00122,P050,3,831.08,2493.24,sales.csv,2026-09-29T03:58:58.984726+00:00
O007257,2026-03-04,C00447,P047,7,783.58,5485.06,sales.csv,2026-09-29T03:58:58.984726+00:00
O000779,2026-03-22,C00189,P020,3,502.64,1507.92,sales.csv,2026-09-29T03:58:58.984726+00:00
O001874,2026-05-11,C00143,P010,8,142.60,1140.80,sales.csv,2026-09-29T03:58:58.984726+00:00
O000284,2026-04-04,C00047,P026,1,347.63,347.63,sales.csv,2026-09-29T03:58:58.984726+00:00
O005570,2026-06-05,C00079,P007,9,666.97,6002.73,sales.csv,2026-09-29T03:58:58.984726+00:00
O001824,2026-03-16,C00272,P041,2,674.53,1349.06,sales.csv,2026-09-29T03:58:58.984726+00:00
O005342,2026-06-25,C00407,P032,5,138.02,690.10,sales.csv,2026-09-29T03:58:58.984726+00:00
O002082,2026-02-27,C00250,P017,6,466.62,2799.72,sales.csv,2026-09-29T03:58:58.984726+00:00
O006878,2026-03-21,C00458,P005,1,183.09,183.09,sales.csv,2026-09-29T03:58:58.984726+00:00
O008666,2026-04-08,C00312,P001,5,366.08,1830.40,sales.csv,2026-09-29T03:58:58.984726+00:00
O005890,2026-01-05,C00005,P019,2,210.02,420.04,sales.csv,2026-09-29T03:58:58.984726+00:00
O005175,2026-01-04,C00378,P003,10,53.21,532.10,sales.csv,2026-09-29T03:58:58.984726+00:00
O000662,2026-06-04,C00394,P040,10,520.96,5209.60,sales.csv,2026-09-29T03:58:58.984726+00:00
O004678,2026-02-24,C00419,P027,8,954.99,7639.92,sales.csv,2026-09-29T03:58:58.984726+00:00
O007301,2026-01-06,C00405,P016,10,784.43,7844.30,sales.csv,2026-09-29T03:58:58.984726+00:00
O004093,2026-06-10,C00251,P039,2,625.38,1250.76,sales.csv,2026-09-29T03:58:58.984726+00:00
O005469,2026-06-19,C00453,P035,8,957.36,7658.88,sales.csv,2026-09-29T03:58:58.984726+00:00
O006554,2026-01-22,C00197,P026,3,10.71,32.13,sales.csv,2026-09-29T03:58:58.984726+00:00
O006455,2026-05-10,C00187,P002,2,491.81,983.62,sales.csv,2026-09-29T03:58:58.984726+00:00
O000403,2026-05-01,C00463,P013,6,890.07,5340.42,sales.csv,2026-09-29T03:58:58.984726+00:00
O004987,2026-03-04,C00341,P019,3,642.31,1926.93,sales.csv,2026-09-29T03:58:58.984726+00:00
O002553,2026-06-05,C00215,P046,8,240.99,1927.92,sales.csv,2026-09-29T03:58:58.984726+00:00
O009050,2026-04-14,C00441,P036,1,378.75,378.75,sales.csv,2026-09-29T03:58:58.984726+00:00
O006559,2026-04-01,C00052,P012,5,617.37,3086.85,sales.csv,2026-09-29T03:58:58.984726+00:00
O001700,2026-01-02,C00092,P006,10,372.89,3728.90,sales.csv,2026-09-29T03:58:58.984726+00:00
O008232,2026-03-21,C00305,P013,4,49.46,197.84,sales.csv,2026-09-29T03:58:58.984726+00:00
O007132,2026-04-15,C00152,P003,10,799.75,7997.50,sales.csv,2026-09-29T03:58:58.984726+00:00
O004212,2026-06-15,C00078,P004,1,618.62,618.62,sales.csv,2026-09-29T03:58:58.984726+00:00
O001248,2026-06-27,C00227,P025,10,634.90,6349.00,sales.csv,2026-09-29T03:58:58.984726+00:00
O007084,2026-01-11,C00320,P041,1,136.14,136.14,sales.csv,2026-09-29T03:58:58.984726+00:00
O007563,2026-04-20,C00089,P044,7,179.13,1253.91,sales.csv,2026-09-29T03:58:58.984726+00:00
O000845,2026-04-30,C00161,P027,2,703.44,1406.88,sales.csv,2026-09-29T03:58:58.984726+00:00
O000344,2026-06-22,C00042,P018,8,868.61,6948.88,sales.csv,2026-09-29T03:58:58.984726+00:00
O008675,2026-03-12,C00017,P032,7,32.49,227.43,sales.csv,2026-09-29T03:58:58.984726+00:00
O002405,2026-05-04,C00037,P022,3,937.98,2813.94,sales.csv,2026-09-29T03:58:58.984726+00:00
O002000,2026-03-22,C00378,P032,3,729.33,2187.99,sales.csv,2026-09-29T03:58:58.984726+00:00
O006572,2026-01-12,C00452,P040,5,351.98,1759.90,sales.csv,2026-09-29T03:58:58.984726+00:00
O003250,2026-06-07,C00343,P031,4,221.33,885.32,sales.csv,2026-09-29T03:58:58.984726+00:00
O000640,2026-06-18,C00250,P002,1,698.58,698.58,sales.csv,2026-09-29T03:58:58.984726+00:00
O001715,2026-02-10,C00403,P002,8,675.89,5407.12,sales.csv,2026-09-29T03:58:58.984726+00:00
O008005,2026-01-26,C00318,P041,8,10.13,81.04,sales.csv,2026-09-29T03:58:58.984726+00:00
O008801,2026-04-26,C00046,P018,1,261.05,261.05,sales.csv,2026-09-29T03:58:58.984726+00:00
O005443,2026-05-30,C00492,P004,3,857.97,2573.91,sales.csv,2026-09-29T03:58:58.984726+00:00
O006290,2026-02-19,C00345,P017,5,354.00,1770.00,sales.csv,2026-09-29T03:58:58.984726+00:00
O006480,2026-05-03,C00109,P044,3,276.68,830.04,sales.csv,2026-09-29T03:58:58.984726+00:00
O002372,2026-04-16,C00155,P050,10,655.80,6558.00,sales.csv,2026-09-29T03:58:58.984726+00:00
O007048,2026-06-28,C00336,P004,8,32.75,262.00,sales.csv,2026-09-29T03:58:58.984726+00:00
O005334,2026-06-12,C00055,P049,10,383.77,3837.70,sales.csv,2026-09-29T03:58:58.984726+00:00
O004899,2026-03-04,C00423,P041,7,361.73,2532.11,sales.csv,2026-09-29T03:58:58.984726+00:00
O004266,2026-03-26,C00091,P035,4,19.62,78.48,sales.csv,2026-09-29T03:58:58.984726+00:00
O007945,2026-01-11,C00388,P042,4,747.45,2989.80,sales.csv,2026-09-29T03:58:58.984726+00:00
O003600,2026-02-20,C00376,P048,6,689.88,4139.28,sales.csv,2026-09-29T03:58:58.984726+00:00
O004460,2026-06-11,C00200,P011,6,984.42,5906.52,sales.csv,2026-09-29T03:58:58.984726+00:00
O008530,2026-01-06,C00268,P029,1,921.71,921.71,sales.csv,2026-09-29T03:58:58.984726+00:00
O001393,2026-02-26,C00110,P021,1,905.02,905.02,sales.csv,2026-09-29T03:58:58.984726+00:00
O004724,2026-03-24,C00134,P048,6,737.67,4426.02,sales.csv,2026-09-29T03:58:58.984726+00:00
O000167,2026-04-20,C00339,P024,2,664.17,1328.34,sales.csv,2026-09-29T03:58:58.984726+00:00
O009453,2026-03-17,C00298,P050,7,475.28,3326.96,sales.csv,2026-09-29T03:58:58.984726+00:00
O001433,2026-03-07,C00088,P004,5,264.05,1320.25,sales.csv,2026-09-29T03:58:58.984726+00:00
O004410,2026-05-11,C00440,P039,9,98.21,883.89,sales.csv,2026-09-29T03:58:58.984726+00:00
O004292,2026-03-28,C00213,P048,1,414.09,414.09,sales.csv,2026-09-29T03:58:58.984726+00:00
O008744,2026-02-22,C00401,P011,1,327.38,327.38,sales.csv,2026-09-29T03:58:58.984726+00:00
O008115,2026-05-18,C00376,P023,2,692.32,1384.64,sales.csv,2026-09-29T03:58:58.984726+00:00
O000415,2026-03-15,C00470,P031,3,995.62,2986.86,sales.csv,2026-09-29T03:58:58.984726+00:00
O003168,2026-05-30,C00121,P041,6,635.69,3814.14,sales.csv,2026-09-29T03:58:58.984726+00:00
O006414,2026-02-20,C00041,P029,2,380.15,760.30,sales.csv,2026-09-29T03:58:58.984726+00:00
O006944,2026-05-22,C00030,P009,6,289.29,1735.74,sales.csv,2026-09-29T03:58:58.984726+00:00
O001723,2026-02-15,C00199,P024,3,600.96,1802.88,sales.csv,2026-09-29T03:58:58.984726+00:00
O005121,2026-03-12,C00361,P004,7,472.99,3310.93,sales.csv,2026-09-29T03:58:58.984726+00:00
O002394,2026-02-22,C00121,P033,2,559.68,1119.36,sales.csv,2026-09-29T03:58:58.984726+00:00
O003162,2026-05-01,C00078,P032,3,962.49,2887.47,sales.csv,2026-09-29T03:58:58.984726+00:00
O002571,2026-06-23,C00128,P035,2,381.19,762.38,sales.csv,2026-09-29T03:58:58.984726+00:00
O004393,2026-05-02,C00194,P001,3,491.91,1475.73,sales.csv,2026-09-29T03:58:58.984726+00:00
O004423,2026-04-23,C00402,P035,6,76.03,456.18,sales.csv,2026-09-29T03:58:58.984726+00:00
O007674,2026-02-01,C00075,P040,6,116.83,700.98,sales.csv,2026-09-29T03:58:58.984726+00:00
O003423,2026-05-01,C00442,P025,2,547.68,1095.36,sales.csv,2026-09-29T03:58:58.984726+00:00
O004297,2026-03-23,C00126,P020,9,558.89,5030.01,sales.csv,2026-09-29T03:58:58.984726+00:00
O000489,2026-04-27,C00038,P045,1,208.19,208.19,sales.csv,2026-09-29T03:58:58.984726+00:00
O003004,2026-04-18,C00473,P005,1,803.03,803.03,sales.csv,2026-09-29T03:58:58.984726+00:00
O001211,2026-05-31,C00412,P048,10,129.07,1290.70,sales.csv,2026-09-29T03:58:58.984726+00:00
O008798,2026-03-31,C00466,P017,3,972.92,2918.76,sales.csv,2026-09-29T03:58:58.984726+00:00
O009215,2026-02-14,C00030,P024,9,508.18,4573.62,sales.csv,2026-09-29T03:58:58.984726+00:00
O001141,2026-02-10,C00274,P015,3,979.78,2939.34,sales.csv,2026-09-29T03:58:58.984726+00:00
O005360,2026-02-13,C00223,P011,1,94.21,94.21,sales.csv,2026-09-29T03:58:58.984726+00:00
O003578,2026-04-14,C00145,P040,2,328.39,656.78,sales.csv,2026-09-29T03:58:58.984726+00:00
O007024,2026-02-11,C00359,P028,7,384.82,2693.74,sales.csv,2026-09-29T03:58:58.984726+00:00
O004127,2026-03-08,C00246,P011,3,288.22,864.66,sales.csv,2026-09-29T03:58:58.984726+00:00
O003630,2026-03-12,C00464,P017,9,432.00,3888.00,sales.csv,2026-09-29T03:58:58.984726+00:00
O002952,2026-02-21,C00129,P009,7,727.51,5092.57,sales.csv,2026-09-29T03:58:58.984726+00:00
O003116,2026-02-02,C00474,P035,4,535.27,2141.08,sales.csv,2026-09-29T03:58:58.984726+00:00
O004479,2026-01-24,C00324,P044,4,646.63,2586.52,sales.csv,2026-09-29T03:58:58.984726+00:00
O004748,2026-04-23,C00036,P011,1,434.99,434.99,sales.csv,2026-09-29T03:58:58.984726+00:00
O003660,2026-05-24,C00276,P012,7,811.64,5681.48,sales.csv,2026-09-29T03:58:58.984726+00:00
O000075,2026-03-22,C00123,P017,7,172.54,1207.78,sales.csv,2026-09-29T03:58:58.984726+00:00
O008034,2026-03-17,C00065,P019,8,762.76,6102.08,sales.csv,2026-09-29T03:58:58.984726+00:00
O002481,2026-03-23,C00159,P033,2,359.41,718.82,sales.csv,2026-09-29T03:58:58.984726+00:00
O006608,2026-03-16,C00476,P034,4,130.31,521.24,sales.csv,2026-09-29T03:58:58.984726+00:00
O006622,2026-03-11,C00447,P046,9,823.72,7413.48,sales.csv,2026-09-29T03:58:58.984726+00:00
O001563,2026-03-21,C00171,P013,9,103.95,935.55,sales.csv,2026-09-29T03:58:58.984726+00:00
O008362,2026-06-23,C00157,P001,4,271.45,1085.80,sales.csv,2026-09-29T03:58:58.984726+00:00
O003532,2026-04-20,C00078,P017,4,766.95,3067.80,sales.csv,2026-09-29T03:58:58.984726+00:00
O005966,2026-01-15,C00367,P015,8,147.73,1181.84,sales.csv,2026-09-29T03:58:58.984726+00:00
O004138,2026-01-05,C00414,P013,10,934.92,9349.20,sales.csv,2026-09-29T03:58:58.984726+00:00
O001299,2026-02-17,C00438,P002,3,954.90,2864.70,sales.csv,2026-09-29T03:58:58.984726+00:00
O008320,2026-01-19,C00275,P001,3,816.90,2450.70,sales.csv,2026-09-29T03:58:58.984726+00:00
O000230,2026-03-10,C00282,P009,5,575.24,2876.20,sales.csv,2026-09-29T03:58:58.984726+00:00
O001841,2026-01-21,C00218,P045,2,102.88,205.76,sales.csv,2026-09-29T03:58:58.984726+00:00
O003296,2026-03-22,C00212,P015,4,358.56,1434.24,sales.csv,2026-09-29T03:58:58.984726+00:00
O002844,2026-01-17,C00231,P011,1,671.24,671.24,sales.csv,2026-09-29T03:58:58.984726+00:00
O008441,2026-01-07,C00329,P041,1,645.78,645.78,sales.csv,2026-09-29T03:58:58.984726+00:00
O008567,2026-01-12,C00346,P023,8,335.87,2686.96,sales.csv,2026-09-29T03:58:58.984726+00:00
O000030,2026-02-09,C00322,P011,7,782.72,5479.04,sales.csv,2026-09-29T03:58:58.984726+00:00
O007645,2026-03-24,C00115,P003,4,78.18,312.72,sales.csv,2026-09-29T03:58:58.984726+00:00
O000701,2026-06-06,C00023,P037,7,987.55,6912.85,sales.csv,2026-09-29T03:58:58.984726+00:00
O001959,2026-02-11,C00358,P017,9,87.98,791.82,sales.csv,2026-09-29T03:58:58.984726+00:00
O004414,2026-04-20,C00252,P014,3,290.02,870.06,sales.csv,2026-09-29T03:58:58.984726+00:00
O002608,2026-03-10,C00187,P018,6,933.68,5602.08,sales.csv,2026-09-29T03:58:58.984726+00:00
O001346,2026-04-12,C00405,P016,1,56.04,56.04,sales.csv,2026-09-29T03:58:58.984726+00:00
O007273,2026-03-21,C00108,P022,4,85.84,343.36,sales.csv,2026-09-29T03:58:58.984726+00:00
O004417,2026-06-12,C00280,P006,6,605.10,3630.60,sales.csv,2026-09-29T03:58:58.984726+00:00
O000528,2026-06-06,C00472,P031,1,926.07,926.07,sales.csv,2026-09-29T03:58:58.984726+00:00
O007636,2026-04-09,C00097,P017,3,923.19,2769.57,sales.csv,2026-09-29T03:58:58.984726+00:00
O003016,2026-02-18,C00427,P014,10,621.93,6219.30,sales.csv,2026-09-29T03:58:58.984726+00:00
O006339,2026-04-22,C00330,P021,7,390.44,2733.08,sales.csv,2026-09-29T03:58:58.984726+00:00
O002250,2026-03-30,C00101,P013,4,90.65,362.60,sales.csv,2026-09-29T03:58:58.984726+00:00
O002954,2026-05-26,C00475,P041,8,716.43,5731.44,sales.csv,2026-09-29T03:58:58.984726+00:00
O007474,2026-03-31,C00360,P006,2,876.96,1753.92,sales.csv,2026-09-29T03:58:58.984726+00:00
O006050,2026-01-20,C00428,P030,6,854.60,5127.60,sales.csv,2026-09-29T03:58:58.984726+00:00
O002054,2026-02-23,C00247,P042,3,852.62,2557.86,sales.csv,2026-09-29T03:58:58.984726+00:00
O006827,2026-04-12,C00421,P037,5,663.73,3318.65,sales.csv,2026-09-29T03:58:58.984726+00:00
O006936,2026-01-13,C00354,P020,6,201.83,1210.98,sales.csv,2026-09-29T03:58:58.984726+00:00
O001972,2026-06-06,C00321,P015,2,607.10,1214.20,sales.csv,2026-09-29T03:58:58.984726+00:00
O007201,2026-02-10,C00095,P028,7,571.13,3997.91,sales.csv,2026-09-29T03:58:58.984726+00:00
O001520,2026-04-17,C00212,P003,6,459.29,2755.74,sales.csv,2026-09-29T03:58:58.984726+00:00
O003210,2026-01-28,C00232,P015,10,33.62,336.20,sales.csv,2026-09-29T03:58:58.984726+00:00
O004182,2026-04-09,C00142,P026,4,55.90,223.60,sales.csv,2026-09-29T03:58:58.984726+00:00
O006032,2026-05-10,C00428,P031,10,69.31,693.10,sales.csv,2026-09-29T03:58:58.984726+00:00
O001827,2026-03-22,C00424,P044,5,356.80,1784.00,sales.csv,2026-09-29T03:58:58.984726+00:00
O005749,2026-04-29,C00491,P021,4,439.77,1759.08,sales.csv,2026-09-29T03:58:58.984726+00:00
O001440,2026-02-17,C00102,P033,8,735.90,5887.20,sales.csv,2026-09-29T03:58:58.984726+00:00
O009281,2026-05-06,C00237,P017,6,785.10,4710.60,sales.csv,2026-09-29T03:58:58.984726+00:00
O007410,2026-04-25,C00270,P040,9,861.05,7749.45,sales.csv,2026-09-29T03:58:58.984726+00:00
O004686,2026-05-03,C00004,P018,6,171.09,1026.54,sales.csv,2026-09-29T03:58:58.984726+00:00
O001466,2026-01-09,C00210,P049,1,354.70,354.70,sales.csv,2026-09-29T03:58:58.984726+00:00
O008589,2026-04-25,C00157,P025,1,387.25,387.25,sales.csv,2026-09-29T03:58:58.984726+00:00
O005003,2026-06-08,C00112,P029,9,141.44,1272.96,sales.csv,2026-09-29T03:58:58.984726+00:00
O001007,2026-02-12,C00034,P003,5,382.19,1910.95,sales.csv,2026-09-29T03:58:58.984726+00:00
O001551,2026-02-19,C00147,P018,9,419.31,3773.79,sales.csv,2026-09-29T03:58:58.984726+00:00
O009023,2026-05-04,C00004,P035,1,842.49,842.49,sales.csv,2026-09-29T03:58:58.984726+00:00
O000787,2026-03-05,C00142,P042,2,326.27,652.54,sales.csv,2026-09-29T03:58:58.984726+00:00
O004314,2026-05-03,C00022,P031,6,533.13,3198.78,sales.csv,2026-09-29T03:58:58.984726+00:00
O006744,2026-01-16,C00052,P047,9,630.70,5676.30,sales.csv,2026-09-29T03:58:58.984726+00:00
O005694,2026-05-12,C00398,P034,5,812.66,4063.30,sales.csv,2026-09-29T03:58:58.984726+00:00
O006093,2026-03-04,C00184,P005,1,202.80,202.80,sales.csv,2026-09-29T03:58:58.984726+00:00
O003847,2026-02-01,C00029,P046,3,262.51,787.53,sales.csv,2026-09-29T03:58:58.984726+00:00
O009257,2026-03-16,C00474,P026,8,369.48,2955.84,sales.csv,2026-09-29T03:58:58.984726+00:00
O005337,2026-04-01,C00208,P004,7,240.91,1686.37,sales.csv,2026-09-29T03:58:58.984726+00:00
O002823,2026-01-26,C00252,P002,7,97.43,682.01,sales.csv,2026-09-29T03:58:58.984726+00:00
O004559,2026-02-19,C00398,P018,7,710.71,4974.97,sales.csv,2026-09-29T03:58:58.984726+00:00
O006594,2026-02-18,C00433,P020,3,54.56,163.68,sales.csv,2026-09-29T03:58:58.984726+00:00
O000202,2026-05-31,C00220,P020,10,814.99,8149.90,sales.csv,2026-09-29T03:58:58.984726+00:00
O003846,2026-03-26,C00403,P043,2,803.90,1607.80,sales.csv,2026-09-29T03:58:58.984726+00:00
O007527,2026-01-06,C00352,P007,7,645.08,4515.56,sales.csv,2026-09-29T03:58:58.984726+00:00
O001767,2026-05-02,C00178,P027,8,967.93,7743.44,sales.csv,2026-09-29T03:58:58.984726+00:00
O001474,2026-04-26,C00234,P003,4,680.87,2723.48,sales.csv,2026-09-29T03:58:58.984726+00:00
O003424,2026-03-08,C00453,P046,9,159.57,1436.13,sales.csv,2026-09-29T03:58:58.984726+00:00
O006930,2026-03-03,C00421,P047,7,782.53,5477.71,sales.csv,2026-09-29T03:58:58.984726+00:00
O006588,2026-06-10,C00390,P036,1,184.96,184.96,sales.csv,2026-09-29T03:58:58.984726+00:00
O003791,2026-04-10,C00238,P024,6,428.30,2569.80,sales.csv,2026-09-29T03:58:58.984726+00:00
O004752,2026-05-23,C00485,P034,4,172.26,689.04,sales.csv,2026-09-29T03:58:58.984726+00:00
O008765,2026-04-18,C00102,P016,3,284.38,853.14,sales.csv,2026-09-29T03:58:58.984726+00:00
O007761,2026-01-23,C00469,P011,7,240.06,1680.42,sales.csv,2026-09-29T03:58:58.984726+00:00
O008272,2026-04-10,C00028,P001,1,875.00,875.00,sales.csv,2026-09-29T03:58:58.984726+00:00
O005637,2026-04-22,C00447,P031,3,414.43,1243.29,sales.csv,2026-09-29T03:58:58.984726+00:00
O005860,2026-05-26,C00386,P048,3,309.14,927.42,sales.csv,2026-09-29T03:58:58.984726+00:00
O001317,2026-01-03,C00393,P028,5,783.50,3917.50,sales.csv,2026-09-29T03:58:58.984726+00:00
O008685,2026-03-13,C00429,P013,6,530.13,3180.78,sales.csv,2026-09-29T03:58:58.984726+00:00
O005503,2026-03-31,C00037,P040,6,249.33,1495.98,sales.csv,2026-09-29T03:58:58.984726+00:00
O004304,2026-05-15,C00309,P039,2,476.17,952.34,sales.csv,2026-09-29T03:58:58.984726+00:00
O005449,2026-04-19,C00201,P022,3,588.79,1766.37,sales.csv,2026-09-29T03:58:58.984726+00:00
O000902,2026-01-18,C00180,P017,2,945.26,1890.52,sales.csv,2026-09-29T03:58:58.984726+00:00
O007204,2026-06-14,C00204,P006,7,426.80,2987.60,sales.csv,2026-09-29T03:58:58.984726+00:00
O000727,2026-06-01,C00044,P044,3,411.49,1234.47,sales.csv,2026-09-29T03:58:58.984726+00:00
O003801,2026-02-22,C00198,P037,3,359.24,1077.72,sales.csv,2026-09-29T03:58:58.984726+00:00
O006839,2026-03-11,C00111,P031,7,632.80,4429.60,sales.csv,2026-09-29T03:58:58.984726+00:00
O005548,2026-06-26,C00270,P007,3,674.30,2022.90,sales.csv,2026-09-29T03:58:58.984726+00:00
O002207,2026-05-22,C00100,P043,10,882.03,8820.30,sales.csv,2026-09-29T03:58:58.984726+00:00
O006728,2026-05-21,C00166,P001,3,974.80,2924.40,sales.csv,2026-09-29T03:58:58.984726+00:00
O001660,2026-02-21,C00313,P026,3,847.04,2541.12,sales.csv,2026-09-29T03:58:58.984726+00:00
O008271,2026-01-15,C00169,P002,10,228.58,2285.80,sales.csv,2026-09-29T03:58:58.984726+00:00
O000062,2026-03-02,C00086,P027,8,631.92,5055.36,sales.csv,2026-09-29T03:58:58.984726+00:00
O004456,2026-03-18,C00082,P002,4,551.23,2204.92,sales.csv,2026-09-29T03:58:58.984726+00:00
O007550,2026-03-17,C00330,P033,6,194.23,1165.38,sales.csv,2026-09-29T03:58:58.984726+00:00
O001576,2026-03-03,C00318,P016,9,209.43,1884.87,sales.csv,2026-09-29T03:58:58.984726+00:00
O009486,2026-03-11,C00091,P026,5,541.36,2706.80,sales.csv,2026-09-29T03:58:58.984726+00:00
O001094,2026-06-24,C00129,P010,1,906.17,906.17,sales.csv,2026-09-29T03:58:58.984726+00:00
O005227,2026-05-18,C00115,P009,2,897.25,1794.50,sales.csv,2026-09-29T03:58:58.984726+00:00
O004346,2026-01-04,C00243,P049,9,86.58,779.22,sales.csv,2026-09-29T03:58:58.984726+00:00
O007597,2026-05-05,C00343,P001,5,945.43,4727.15,sales.csv,2026-09-29T03:58:58.984726+00:00
O005919,2026-01-20,C00490,P040,8,536.78,4294.24,sales.csv,2026-09-29T03:58:58.984726+00:00
O002763,2026-01-14,C00109,P002,7,354.69,2482.83,sales.csv,2026-09-29T03:58:58.984726+00:00
O002596,2026-03-16,C00145,P032,2,998.32,1996.64,sales.csv,2026-09-29T03:58:58.984726+00:00
O000632,2026-05-06,C00495,P047,8,605.01,4840.08,sales.csv,2026-09-29T03:58:58.984726+00:00
O002778,2026-06-12,C00231,P041,10,128.72,1287.20,sales.csv,2026-09-29T03:58:58.984726+00:00
O008313,2026-04-10,C00358,P011,8,696.52,5572.16,sales.csv,2026-09-29T03:58:58.984726+00:00
O008095,2026-05-08,C00487,P008,7,567.54,3972.78,sales.csv,2026-09-29T03:58:58.984726+00:00
O002630,2026-06-25,C00273,P033,2,217.94,435.88,sales.csv,2026-09-29T03:58:58.984726+00:00
O002285,2026-05-27,C00081,P024,5,722.61,3613.05,sales.csv,2026-09-29T03:58:58.984726+00:00
O002946,2026-02-20,C00222,P038,2,382.16,764.32,sales.csv,2026-09-29T03:58:58.984726+00:00
O005110,2026-06-25,C00094,P005,8,389.98,3119.84,sales.csv,2026-09-29T03:58:58.984726+00:00
O002463,2026-04-09,C00393,P018,4,943.63,3774.52,sales.csv,2026-09-29T03:58:58.984726+00:00
O007459,2026-01-18,C00450,P014,4,815.87,3263.48,sales.csv,2026-09-29T03:58:58.984726+00:00
O009308,2026-06-05,C00486,P039,10,528.17,5281.70,sales.csv,2026-09-29T03:58:58.984726+00:00
O004736,2026-01-26,C00376,P028,6,862.46,5174.76,sales.csv,2026-09-29T03:58:58.984726+00:00
O004428,2026-02-07,C00308,P043,10,708.80,7088.00,sales.csv,2026-09-29T03:58:58.984726+00:00
O001693,2026-05-28,C00280,P009,6,280.48,1682.88,sales.csv,2026-09-29T03:58:58.984726+00:00
O007716,2026-01-05,C00313,P026,5,425.60,2128.00,sales.csv,2026-09-29T03:58:58.984726+00:00
O005638,2026-04-19,C00394,P012,3,237.97,713.91,sales.csv,2026-09-29T03:58:58.984726+00:00
O001661,2026-05-06,C00056,P010,9,566.25,5096.25,sales.csv,2026-09-29T03:58:58.984726+00:00
O008697,2026-02-27,C00320,P023,3,904.97,2714.91,sales.csv,2026-09-29T03:58:58.984726+00:00
O009129,2026-06-25,C00432,P014,7,729.03,5103.21,sales.csv,2026-09-29T03:58:58.984726+00:00
O007884,2026-06-19,C00059,P046,10,591.64,5916.40,sales.csv,2026-09-29T03:58:58.984726+00:00
O005125,2026-01-09,C00277,P022,6,141.43,848.58,sales.csv,2026-09-29T03:58:58.984726+00:00
O002037,2026-05-22,C00040,P003,9,142.07,1278.63,sales.csv,2026-09-29T03:58:58.984726+00:00
O008233,2026-04-24,C00271,P007,2,97.84,195.68,sales.csv,2026-09-29T03:58:58.984726+00:00
O003509,2026-03-18,C00294,P013,9,116.35,1047.15,sales.csv,2026-09-29T03:58:58.984726+00:00
O004171,2026-01-03,C00052,P010,9,354.38,3189.42,sales.csv,2026-09-29T03:58:58.984726+00:00
O002622,2026-02-21,C00274,P047,3,58.42,175.26,sales.csv,2026-09-29T03:58:58.984726+00:00
O003973,2026-04-21,C00426,P030,7,230.40,1612.80,sales.csv,2026-09-29T03:58:58.984726+00:00
O006927,2026-02-28,C00238,P036,10,152.26,1522.60,sales.csv,2026-09-29T03:58:58.984726+00:00
O005756,2026-06-12,C00133,P044,5,595.13,2975.65,sales.csv,2026-09-29T03:58:58.984726+00:00
O006063,2026-01-21,C00205,P013,8,52.56,420.48,sales.csv,2026-09-29T03:58:58.984726+00:00
O003555,2026-03-12,C00374,P042,6,60.46,362.76,sales.csv,2026-09-29T03:58:58.984726+00:00
O002124,2026-03-05,C00054,P021,9,764.32,6878.88,sales.csv,2026-09-29T03:58:58.984726+00:00
O001830,2026-02-05,C00266,P019,6,636.56,3819.36,sales.csv,2026-09-29T03:58:58.984726+00:00
O006222,2026-03-27,C00021,P045,8,852.72,6821.76,sales.csv,2026-09-29T03:58:58.984726+00:00
O006650,2026-04-18,C00252,P021,8,670.82,5366.56,sales.csv,2026-09-29T03:58:58.984726+00:00
O001717,2026-05-29,C00167,P027,4,980.22,3920.88,sales.csv,2026-09-29T03:58:58.984726+00:00
O004129,2026-02-20,C00434,P003,7,478.85,3351.95,sales.csv,2026-09-29T03:58:58.984726+00:00
O007263,2026-02-20,C00144,P012,10,995.16,9951.60,sales.csv,2026-09-29T03:58:58.984726+00:00
O004462,2026-04-14,C00404,P015,6,446.55,2679.30,sales.csv,2026-09-29T03:58:58.984726+00:00
O004985,2026-05-06,C00350,P040,2,591.80,1183.60,sales.csv,2026-09-29T03:58:58.984726+00:00
O000076,2026-06-21,C00331,P020,8,415.41,3323.28,sales.csv,2026-09-29T03:58:58.984726+00:00
O004359,2026-03-25,C00394,P045,9,551.14,4960.26,sales.csv,2026-09-29T03:58:58.984726+00:00
O003390,2026-02-23,C00383,P034,6,399.50,2397.00,sales.csv,2026-09-29T03:58:58.984726+00:00
O008117,2026-03-31,C00322,P003,10,501.44,5014.40,sales.csv,2026-09-29T03:58:58.984726+00:00
O009100,2026-01-08,C00414,P035,8,672.08,5376.64,sales.csv,2026-09-29T03:58:58.984726+00:00
O009435,2026-02-15,C00022,P004,5,198.82,994.10,sales.csv,2026-09-29T03:58:58.984726+00:00
O004051,2026-01-03,C00156,P009,6,320.39,1922.34,sales.csv,2026-09-29T03:58:58.984726+00:00
O006376,2026-04-01,C00261,P001,6,454.92,2729.52,sales.csv,2026-09-29T03:58:58.984726+00:00
O006161,2026-02-04,C00210,P026,1,344.77,344.77,sales.csv,2026-09-29T03:58:58.984726+00:00
O003505,2026-06-13,C00176,P018,9,485.24,4367.16,sales.csv,2026-09-29T03:58:58.984726+00:00
O003768,2026-01-15,C00201,P025,3,383.47,1150.41,sales.csv,2026-09-29T03:58:58.984726+00:00
O009443,2026-05-20,C00045,P041,5,246.80,1234.00,sales.csv,2026-09-29T03:58:58.984726+00:00
O000611,2026-02-06,C00413,P030,1,738.13,738.13,sales.csv,2026-09-29T03:58:58.984726+00:00
O002821,2026-02-06,C00145,P017,3,122.60,367.80,sales.csv,2026-09-29T03:58:58.984726+00:00
O007337,2026-01-14,C00006,P012,1,172.61,172.61,sales.csv,2026-09-29T03:58:58.984726+00:00
O001903,2026-05-12,C00462,P027,5,27.74,138.70,sales.csv,2026-09-29T03:58:58.984726+00:00
O009346,2026-03-27,C00261,P033,2,82.26,164.52,sales.csv,2026-09-29T03:58:58.984726+00:00
O003903,2026-03-05,C00115,P041,1,429.88,429.88,sales.csv,2026-09-29T03:58:58.984726+00:00
O003546,2026-05-13,C00063,P011,4,158.75,635.00,sales.csv,2026-09-29T03:58:58.984726+00:00
O002578,2026-02-17,C00206,P023,1,133.82,133.82,sales.csv,2026-09-29T03:58:58.984726+00:00
O000920,2026-06-13,C00150,P006,8,152.39,1219.12,sales.csv,2026-09-29T03:58:58.984726+00:00
O006753,2026-06-14,C00281,P042,1,188.15,188.15,sales.csv,2026-09-29T03:58:58.984726+00:00
O000854,2026-02-05,C00063,P001,1,292.35,292.35,sales.csv,2026-09-29T03:58:58.984726+00:00
O002993,2026-02-14,C00336,P010,6,860.74,5164.44,sales.csv,2026-09-29T03:58:58.984726+00:00
O008568,2026-03-09,C00170,P002,10,809.97,8099.70,sales.csv,2026-09-29T03:58:58.984726+00:00
O000922,2026-06-19,C00136,P006,9,508.93,4580.37,sales.csv,2026-09-29T03:58:58.984726+00:00
O009297,2026-01-31,C00444,P029,9,664.28,5978.52,sales.csv,2026-09-29T03:58:58.984726+00:00
O000398,2026-02-03,C00306,P025,3,213.66,640.98,sales.csv,2026-09-29T03:58:58.984726+00:00
O004698,2026-06-27,C00220,P022,1,179.42,179.42,sales.csv,2026-09-29T03:58:58.984726+00:00
O006549,2026-04-20,C00352,P029,10,354.02,3540.20,sales.csv,2026-09-29T03:58:58.984726+00:00
O006230,2026-02-04,C00094,P048,3,552.32,1656.96,sales.csv,2026-09-29T03:58:58.984726+00:00
O007414,2026-05-06,C00064,P008,5,717.02,3585.10,sales.csv,2026-09-29T03:58:58.984726+00:00
O006459,2026-01-14,C00178,P034,8,750.83,6006.64,sales.csv,2026-09-29T03:58:58.984726+00:00
O006193,2026-02-13,C00147,P036,4,584.65,2338.60,sales.csv,2026-09-29T03:58:58.984726+00:00
O001198,2026-02-13,C00113,P027,10,188.05,1880.50,sales.csv,2026-09-29T03:58:58.984726+00:00
O009102,2026-06-12,C00239,P031,10,999.84,9998.40,sales.csv,2026-09-29T03:58:58.984726+00:00
O004246,2026-03-29,C00410,P040,6,442.94,2657.64,sales.csv,2026-09-29T03:58:58.984726+00:00
O005554,2026-04-12,C00097,P007,1,422.74,422.74,sales.csv,2026-09-29T03:58:58.984726+00:00
O008579,2026-05-09,C00341,P014,1,864.86,864.86,sales.csv,2026-09-29T03:58:58.984726+00:00
O004053,2026-05-02,C00245,P031,4,130.82,523.28,sales.csv,2026-09-29T03:58:58.984726+00:00
O005892,2026-05-22,C00360,P022,2,720.52,1441.04,sales.csv,2026-09-29T03:58:58.984726+00:00
O003633,2026-05-30,C00254,P015,10,569.54,5695.40,sales.csv,2026-09-29T03:58:58.984726+00:00
O002912,2026-03-03,C00088,P021,2,219.42,438.84,sales.csv,2026-09-29T03:58:58.984726+00:00
O008738,2026-04-21,C00452,P041,7,642.01,4494.07,sales.csv,2026-09-29T03:58:58.984726+00:00
O002920,2026-02-12,C00387,P010,2,132.06,264.12,sales.csv,2026-09-29T03:58:58.984726+00:00
O003708,2026-03-25,C00197,P020,1,745.59,745.59,sales.csv,2026-09-29T03:58:58.984726+00:00
O001875,2026-02-01,C00129,P032,8,303.54,2428.32,sales.csv,2026-09-29T03:58:58.984726+00:00
O002592,2026-04-10,C00068,P008,2,28.72,57.44,sales.csv,2026-09-29T03:58:58.984726+00:00
O009421,2026-05-05,C00362,P036,5,70.77,353.85,sales.csv,2026-09-29T03:58:58.984726+00:00
O000777,2026-06-27,C00068,P031,2,301.08,602.16,sales.csv,2026-09-29T03:58:58.984726+00:00
O002978,2026-06-06,C00349,P029,10,162.47,1624.70,sales.csv,2026-09-29T03:58:58.984726+00:00
O005719,2026-01-06,C00387,P047,8,982.73,7861.84,sales.csv,2026-09-29T03:58:58.984726+00:00
O003905,2026-02-07,C00402,P018,6,636.30,3817.80,sales.csv,2026-09-29T03:58:58.984726+00:00
O003394,2026-04-17,C00392,P002,5,730.33,3651.65,sales.csv,2026-09-29T03:58:58.984726+00:00
O008800,2026-03-07,C00474,P050,4,656.13,2624.52,sales.csv,2026-09-29T03:58:58.984726+00:00
O002309,2026-06-18,C00428,P023,6,296.55,1779.30,sales.csv,2026-09-29T03:58:58.984726+00:00
O003317,2026-01-11,C00498,P015,9,142.36,1281.24,sales.csv,2026-09-29T03:58:58.984726+00:00
O001552,2026-04-23,C00344,P008,5,196.71,983.55,sales.csv,2026-09-29T03:58:58.984726+00:00
O000526,2026-01-05,C00226,P021,7,199.48,1396.36,sales.csv,2026-09-29T03:58:58.984726+00:00
O008264,2026-06-01,C00274,P045,10,588.01,5880.10,sales.csv,2026-09-29T03:58:58.984726+00:00
O007489,2026-02-12,C00292,P023,4,304.71,1218.84,sales.csv,2026-09-29T03:58:58.984726+00:00
O006929,2026-06-08,C00372,P046,8,329.44,2635.52,sales.csv,2026-09-29T03:58:58.984726+00:00
O006246,2026-06-23,C00459,P001,8,252.20,2017.60,sales.csv,2026-09-29T03:58:58.984726+00:00
O001434,2026-06-28,C00317,P018,1,610.43,610.43,sales.csv,2026-09-29T03:58:58.984726+00:00
O005427,2026-06-30,C00305,P026,4,434.54,1738.16,sales.csv,2026-09-29T03:58:58.984726+00:00
O003868,2026-05-03,C00190,P032,5,642.05,3210.25,sales.csv,2026-09-29T03:58:58.984726+00:00
O004892,2026-06-13,C00024,P039,7,921.13,6447.91,sales.csv,2026-09-29T03:58:58.984726+00:00
O001391,2026-01-09,C00146,P039,1,679.44,679.44,sales.csv,2026-09-29T03:58:58.984726+00:00
O005271,2026-03-15,C00190,P002,9,915.54,8239.86,sales.csv,2026-09-29T03:58:58.984726+00:00
O004872,2026-01-31,C00232,P023,9,673.58,6062.22,sales.csv,2026-09-29T03:58:58.984726+00:00
O007193,2026-03-01,C00243,P027,6,849.87,5099.22,sales.csv,2026-09-29T03:58:58.984726+00:00
O007329,2026-06-08,C00080,P011,2,779.17,1558.34,sales.csv,2026-09-29T03:58:58.984726+00:00
O004341,2026-05-06,C00486,P018,7,65.13,455.91,sales.csv,2026-09-29T03:58:58.984726+00:00
O008417,2026-05-12,C00204,P033,2,716.78,1433.56,sales.csv,2026-09-29T03:58:58.984726+00:00
O003588,2026-06-09,C00135,P035,8,155.42,1243.36,sales.csv,2026-09-29T03:58:58.984726+00:00
O009206,2026-03-06,C00423,P030,10,25.31,253.10,sales.csv,2026-09-29T03:58:58.984726+00:00
O007529,2026-06-24,C00093,P014,5,911.02,4555.10,sales.csv,2026-09-29T03:58:58.984726+00:00
O003422,2026-01-09,C00350,P044,7,682.26,4775.82,sales.csv,2026-09-29T03:58:58.984726+00:00
O001714,2026-01-27,C00380,P004,9,231.53,2083.77,sales.csv,2026-09-29T03:58:58.984726+00:00
O007255,2026-04-15,C00395,P040,9,287.31,2585.79,sales.csv,2026-09-29T03:58:58.984726+00:00
O005568,2026-01-01,C00499,P005,4,204.23,816.92,sales.csv,2026-09-29T03:58:58.984726+00:00
O009301,2026-03-10,C00486,P017,5,55.58,277.90,sales.csv,2026-09-29T03:58:58.984726+00:00
O001522,2026-06-13,C00104,P045,5,334.47,1672.35,sales.csv,2026-09-29T03:58:58.984726+00:00
O007176,2026-06-14,C00486,P015,6,917.21,5503.26,sales.csv,2026-09-29T03:58:58.984726+00:00
O006972,2026-01-02,C00203,P015,3,466.24,1398.72,sales.csv,2026-09-29T03:58:58.984726+00:00
O008442,2026-05-11,C00274,P014,7,766.28,5363.96,sales.csv,2026-09-29T03:58:58.984726+00:00
O000275,2026-03-06,C00348,P049,3,824.45,2473.35,sales.csv,2026-09-29T03:58:58.984726+00:00
O006955,2026-03-25,C00274,P022,6,602.01,3612.06,sales.csv,2026-09-29T03:58:58.984726+00:00
O007714,2026-04-20,C00275,P047,5,894.26,4471.30,sales.csv,2026-09-29T03:58:58.984726+00:00
O002619,2026-05-31,C00496,P042,4,253.87,1015.48,sales.csv,2026-09-29T03:58:58.984726+00:00
O008543,2026-03-31,C00341,P019,10,621.69,6216.90,sales.csv,2026-09-29T03:58:58.984726+00:00
O009283,2026-01-27,C00359,P048,4,326.66,1306.64,sales.csv,2026-09-29T03:58:58.984726+00:00
O001279,2026-04-08,C00101,P010,3,620.95,1862.85,sales.csv,2026-09-29T03:58:58.984726+00:00
O000484,2026-01-21,C00024,P042,10,347.88,3478.80,sales.csv,2026-09-29T03:58:58.984726+00:00
O001866,2026-01-04,C00346,P032,2,520.52,1041.04,sales.csv,2026-09-29T03:58:58.984726+00:00
O000274,2026-04-01,C00113,P041,4,814.81,3259.24,sales.csv,2026-09-29T03:58:58.984726+00:00
O001105,2026-02-19,C00151,P029,3,895.77,2687.31,sales.csv,2026-09-29T03:58:58.984726+00:00
O004971,2026-02-12,C00327,P028,2,194.03,388.06,sales.csv,2026-09-29T03:58:58.984726+00:00
O004528,2026-02-16,C00479,P002,8,335.55,2684.40,sales.csv,2026-09-29T03:58:58.984726+00:00
O004577,2026-06-21,C00067,P039,3,452.60,1357.80,sales.csv,2026-09-29T03:58:58.984726+00:00
O005447,2026-02-09,C00117,P035,6,62.51,375.06,sales.csv,2026-09-29T03:58:58.984726+00:00
O005770,2026-05-09,C00390,P034,2,665.87,1331.74,sales.csv,2026-09-29T03:58:58.984726+00:00
O008951,2026-01-02,C00103,P036,10,456.95,4569.50,sales.csv,2026-09-29T03:58:58.984726+00:00
O004858,2026-03-16,C00299,P037,2,801.25,1602.50,sales.csv,2026-09-29T03:58:58.984726+00:00
O000586,2026-06-15,C00494,P027,6,502.32,3013.92,sales.csv,2026-09-29T03:58:58.984726+00:00
O004042,2026-04-13,C00260,P016,3,159.61,478.83,sales.csv,2026-09-29T03:58:58.984726+00:00
O003706,2026-01-16,C00350,P024,2,221.87,443.74,sales.csv,2026-09-29T03:58:58.984726+00:00
O003326,2026-03-02,C00440,P014,7,119.18,834.26,sales.csv,2026-09-29T03:58:58.984726+00:00
O003679,2026-03-22,C00054,P039,4,944.85,3779.40,sales.csv,2026-09-29T03:58:58.984726+00:00
O007361,2026-01-04,C00239,P048,9,777.61,6998.49,sales.csv,2026-09-29T03:58:58.984726+00:00
O002795,2026-02-27,C00398,P030,9,500.48,4504.32,sales.csv,2026-09-29T03:58:58.984726+00:00
O000463,2026-04-26,C00089,P046,8,116.06,928.48,sales.csv,2026-09-29T03:58:58.984726+00:00
O003400,2026-06-03,C00143,P021,6,827.11,4962.66,sales.csv,2026-09-29T03:58:58.984726+00:00
O008778,2026-02-22,C00281,P046,8,257.18,2057.44,sales.csv,2026-09-29T03:58:58.984726+00:00
O008476,2026-01-08,C00267,P012,4,525.69,2102.76,sales.csv,2026-09-29T03:58:58.984726+00:00
O000864,2026-06-07,C00318,P040,4,849.40,3397.60,sales.csv,2026-09-29T03:58:58.984726+00:00
O001829,2026-05-17,C00297,P023,3,17.90,53.70,sales.csv,2026-09-29T03:58:58.984726+00:00
O007920,2026-02-28,C00116,P012,5,761.40,3807.00,sales.csv,2026-09-29T03:58:58.984726+00:00
O002669,2026-05-20,C00064,P002,1,135.76,135.76,sales.csv,2026-09-29T03:58:58.984726+00:00
O004514,2026-04-02,C00027,P028,9,722.27,6500.43,sales.csv,2026-09-29T03:58:58.984726+00:00
O008829,2026-03-20,C00237,P038,5,914.72,4573.60,sales.csv,2026-09-29T03:58:58.984726+00:00
O004582,2026-05-17,C00135,P005,4,261.09,1044.36,sales.csv,2026-09-29T03:58:58.984726+00:00
O002531,2026-02-11,C00205,P030,2,334.15,668.30,sales.csv,2026-09-29T03:58:58.984726+00:00
O002853,2026-06-04,C00109,P034,4,135.89,543.56,sales.csv,2026-09-29T03:58:58.984726+00:00
O001003,2026-03-24,C00388,P034,4,24.48,97.92,sales.csv,2026-09-29T03:58:58.984726+00:00
O003866,2026-06-28,C00349,P039,2,747.06,1494.12,sales.csv,2026-09-29T03:58:58.984726+00:00
O004177,2026-05-05,C00222,P049,9,48.39,435.51,sales.csv,2026-09-29T03:58:58.984726+00:00
O008772,2026-05-19,C00430,P045,3,900.01,2700.03,sales.csv,2026-09-29T03:58:58.984726+00:00
O003129,2026-04-01,C00487,P029,7,827.84,5794.88,sales.csv,2026-09-29T03:58:58.984726+00:00
O008506,2026-02-09,C00356,P041,5,450.10,2250.50,sales.csv,2026-09-29T03:58:58.984726+00:00
O001478,2026-04-29,C00086,P028,5,804.64,4023.20,sales.csv,2026-09-29T03:58:58.984726+00:00
O000070,2026-05-11,C00042,P012,2,780.92,1561.84,sales.csv,2026-09-29T03:58:58.984726+00:00
O008882,2026-02-15,C00316,P027,6,78.68,472.08,sales.csv,2026-09-29T03:58:58.984726+00:00
O009323,2026-05-16,C00148,P046,8,286.10,2288.80,sales.csv,2026-09-29T03:58:58.984726+00:00
O007225,2026-01-05,C00397,P010,10,258.13,2581.30,sales.csv,2026-09-29T03:58:58.984726+00:00
O005108,2026-03-08,C00171,P003,3,462.10,1386.30,sales.csv,2026-09-29T03:58:58.984726+00:00
O005191,2026-03-30,C00432,P011,4,936.45,3745.80,sales.csv,2026-09-29T03:58:58.984726+00:00
O007303,2026-05-07,C00482,P004,5,440.86,2204.30,sales.csv,2026-09-29T03:58:58.984726+00:00
O005444,2026-01-23,C00332,P043,8,575.29,4602.32,sales.csv,2026-09-29T03:58:58.984726+00:00
O004657,2026-05-27,C00479,P007,6,531.71,3190.26,sales.csv,2026-09-29T03:58:58.984726+00:00
O005658,2026-04-25,C00035,P004,6,69.45,416.70,sales.csv,2026-09-29T03:58:58.984726+00:00
O007324,2026-06-22,C00480,P030,10,166.81,1668.10,sales.csv,2026-09-29T03:58:58.984726+00:00
O001957,2026-03-12,C00444,P006,8,618.46,4947.68,sales.csv,2026-09-29T03:58:58.984726+00:00
O003338,2026-06-03,C00385,P026,2,847.17,1694.34,sales.csv,2026-09-29T03:58:58.984726+00:00
O007791,2026-04-04,C00240,P033,6,526.97,3161.82,sales.csv,2026-09-29T03:58:58.984726+00:00
O004183,2026-01-12,C00156,P001,3,255.92,767.76,sales.csv,2026-09-29T03:58:58.984726+00:00
O000819,2026-01-12,C00242,P024,7,197.71,1383.97,sales.csv,2026-09-29T03:58:58.984726+00:00
O004326,2026-03-05,C00316,P008,7,335.23,2346.61,sales.csv,2026-09-29T03:58:58.984726+00:00
O000175,2026-06-06,C00343,P025,6,38.61,231.66,sales.csv,2026-09-29T03:58:58.984726+00:00
O007964,2026-03-29,C00126,P007,2,759.45,1518.90,sales.csv,2026-09-29T03:58:58.984726+00:00
O005346,2026-01-19,C00113,P050,7,229.74,1608.18,sales.csv,2026-09-29T03:58:58.984726+00:00
O006829,2026-06-14,C00212,P045,7,942.89,6600.23,sales.csv,2026-09-29T03:58:58.984726+00:00
O005482,2026-01-13,C00062,P034,8,674.07,5392.56,sales.csv,2026-09-29T03:58:58.984726+00:00
O002378,2026-05-30,C00230,P025,9,840.63,7565.67,sales.csv,2026-09-29T03:58:58.984726+00:00
O007276,2026-05-06,C00318,P049,6,247.53,1485.18,sales.csv,2026-09-29T03:58:58.984726+00:00
O003778,2026-05-26,C00062,P015,1,739.77,739.77,sales.csv,2026-09-29T03:58:58.984726+00:00
O006322,2026-05-21,C00127,P014,6,986.00,5916.00,sales.csv,2026-09-29T03:58:58.984726+00:00
O001785,2026-02-07,C00486,P030,6,205.54,1233.24,sales.csv,2026-09-29T03:58:58.984726+00:00
O004507,2026-01-12,C00266,P045,2,153.71,307.42,sales.csv,2026-09-29T03:58:58.984726+00:00
O006740,2026-01-04,C00299,P021,5,320.63,1603.15,sales.csv,2026-09-29T03:58:58.984726+00:00
O005013,2026-03-01,C00019,P006,10,709.37,7093.70,sales.csv,2026-09-29T03:58:58.984726+00:00
O004622,2026-04-27,C00387,P039,1,731.76,731.76,sales.csv,2026-09-29T03:58:58.984726+00:00
O001741,2026-06-30,C00236,P037,10,32.99,329.90,sales.csv,2026-09-29T03:58:58.984726+00:00
O006923,2026-06-10,C00066,P036,1,230.75,230.75,sales.csv,2026-09-29T03:58:58.984726+00:00
O000137,2026-06-10,C00123,P018,8,102.55,820.40,sales.csv,2026-09-29T03:58:58.984726+00:00
O002538,2026-03-11,C00064,P035,2,897.50,1795.00,sales.csv,2026-09-29T03:58:58.984726+00:00
O001655,2026-04-30,C00339,P005,8,363.26,2906.08,sales.csv,2026-09-29T03:58:58.984726+00:00
O009080,2026-05-21,C00305,P041,7,634.23,4439.61,sales.csv,2026-09-29T03:58:58.984726+00:00
O004729,2026-01-27,C00201,P004,9,239.09,2151.81,sales.csv,2026-09-29T03:58:58.984726+00:00
O006243,2026-01-20,C00280,P026,8,39.98,319.84,sales.csv,2026-09-29T03:58:58.984726+00:00
O005964,2026-02-12,C00286,P034,8,685.96,5487.68,sales.csv,2026-09-29T03:58:58.984726+00:00
O001355,2026-01-11,C00249,P046,8,733.72,5869.76,sales.csv,2026-09-29T03:58:58.984726+00:00
O003173,2026-03-15,C00215,P029,6,325.26,1951.56,sales.csv,2026-09-29T03:58:58.984726+00:00
O007524,2026-03-28,C00201,P031,6,549.97,3299.82,sales.csv,2026-09-29T03:58:58.984726+00:00
O006197,2026-04-10,C00294,P017,8,748.46,5987.68,sales.csv,2026-09-29T03:58:58.984726+00:00
O008325,2026-01-18,C00289,P042,3,335.04,1005.12,sales.csv,2026-09-29T03:58:58.984726+00:00
O008766,2026-03-18,C00111,P002,7,443.55,3104.85,sales.csv,2026-09-29T03:58:58.984726+00:00
O009231,2026-04-08,C00103,P010,8,519.53,4156.24,sales.csv,2026-09-29T03:58:58.984726+00:00
O003431,2026-04-16,C00337,P022,3,319.59,958.77,sales.csv,2026-09-29T03:58:58.984726+00:00
O005566,2026-04-14,C00091,P026,8,138.30,1106.40,sales.csv,2026-09-29T03:58:58.984726+00:00
O003668,2026-02-27,C00427,P045,4,322.58,1290.32,sales.csv,2026-09-29T03:58:58.984726+00:00
O005814,2026-04-15,C00406,P008,8,146.43,1171.44,sales.csv,2026-09-29T03:58:58.984726+00:00
O006476,2026-03-09,C00126,P001,2,739.80,1479.60,sales.csv,2026-09-29T03:58:58.984726+00:00
O001143,2026-02-06,C00153,P044,6,15.61,93.66,sales.csv,2026-09-29T03:58:58.984726+00:00
O001870,2026-02-21,C00305,P026,2,306.22,612.44,sales.csv,2026-09-29T03:58:58.984726+00:00
O005598,2026-04-01,C00352,P040,10,373.54,3735.40,sales.csv,2026-09-29T03:58:58.984726+00:00
O005970,2026-05-31,C00325,P025,5,631.61,3158.05,sales.csv,2026-09-29T03:58:58.984726+00:00
O008408,2026-05-31,C00317,P047,4,10.21,40.84,sales.csv,2026-09-29T03:58:58.984726+00:00
O004831,2026-04-20,C00306,P017,8,39.90,319.20,sales.csv,2026-09-29T03:58:58.984726+00:00
O006049,2026-06-14,C00076,P031,2,140.48,280.96,sales.csv,2026-09-29T03:58:58.984726+00:00
O005119,2026-03-18,C00208,P009,9,63.17,568.53,sales.csv,2026-09-29T03:58:58.984726+00:00
O003674,2026-03-08,C00362,P024,5,566.33,2831.65,sales.csv,2026-09-29T03:58:58.984726+00:00
O004627,2026-06-27,C00374,P015,9,568.73,5118.57,sales.csv,2026-09-29T03:58:58.984726+00:00
O006866,2026-04-22,C00244,P033,6,644.37,3866.22,sales.csv,2026-09-29T03:58:58.984726+00:00
O001487,2026-05-11,C00314,P011,7,722.34,5056.38,sales.csv,2026-09-29T03:58:58.984726+00:00
O000517,2026-03-28,C00260,P033,9,643.05,5787.45,sales.csv,2026-09-29T03:58:58.984726+00:00
O004731,2026-01-17,C00235,P044,4,260.94,1043.76,sales.csv,2026-09-29T03:58:58.984726+00:00
O005422,2026-03-13,C00291,P028,5,501.04,2505.20,sales.csv,2026-09-29T03:58:58.984726+00:00
O007989,2026-05-06,C00185,P020,6,356.97,2141.82,sales.csv,2026-09-29T03:58:58.984726+00:00
O006236,2026-02-22,C00294,P027,4,400.35,1601.40,sales.csv,2026-09-29T03:58:58.984726+00:00
O006397,2026-01-14,C00391,P050,7,639.82,4478.74,sales.csv,2026-09-29T03:58:58.984726+00:00
O000118,2026-03-19,C00147,P014,7,761.19,5328.33,sales.csv,2026-09-29T03:58:58.984726+00:00
O006128,2026-06-20,C00431,P004,9,579.83,5218.47,sales.csv,2026-09-29T03:58:58.984726+00:00
O007879,2026-05-31,C00314,P006,7,49.50,346.50,sales.csv,2026-09-29T03:58:58.984726+00:00
O004925,2026-05-13,C00435,P007,4,428.88,1715.52,sales.csv,2026-09-29T03:58:58.984726+00:00
O008079,2026-03-03,C00118,P023,1,425.93,425.93,sales.csv,2026-09-29T03:58:58.984726+00:00
O006191,2026-05-07,C00318,P040,10,248.44,2484.40,sales.csv,2026-09-29T03:58:58.984726+00:00
O001609,2026-05-20,C00296,P024,1,50.63,50.63,sales.csv,2026-09-29T03:58:58.984726+00:00
O000343,2026-01-14,C00080,P011,10,66.22,662.20,sales.csv,2026-09-29T03:58:58.984726+00:00
O005376,2026-05-29,C00327,P022,3,306.62,919.86,sales.csv,2026-09-29T03:58:58.984726+00:00
O004776,2026-01-29,C00196,P026,2,170.74,341.48,sales.csv,2026-09-29T03:58:58.984726+00:00
O000710,2026-05-04,C00179,P031,2,575.31,1150.62,sales.csv,2026-09-29T03:58:58.984726+00:00
O005164,2026-02-25,C00340,P013,10,379.76,3797.60,sales.csv,2026-09-29T03:58:58.984726+00:00
O008787,2026-05-28,C00227,P031,7,49.91,349.37,sales.csv,2026-09-29T03:58:58.984726+00:00
O007393,2026-04-17,C00135,P031,1,329.01,329.01,sales.csv,2026-09-29T03:58:58.984726+00:00
O005815,2026-05-26,C00086,P036,2,622.23,1244.46,sales.csv,2026-09-29T03:58:58.984726+00:00
O005364,2026-04-21,C00464,P040,7,607.54,4252.78,sales.csv,2026-09-29T03:58:58.984726+00:00
O002074,2026-02-11,C00319,P014,5,906.31,4531.55,sales.csv,2026-09-29T03:58:58.984726+00:00
O005222,2026-02-03,C00258,P006,7,440.70,3084.90,sales.csv,2026-09-29T03:58:58.984726+00:00
O005410,2026-02-07,C00115,P004,10,431.16,4311.60,sales.csv,2026-09-29T03:58:58.984726+00:00
O006560,2026-04-21,C00141,P001,1,69.55,69.55,sales.csv,2026-09-29T03:58:58.984726+00:00
O002869,2026-01-27,C00015,P015,1,14.62,14.62,sales.csv,2026-09-29T03:58:58.984726+00:00
O007759,2026-03-04,C00441,P002,8,596.05,4768.40,sales.csv,2026-09-29T03:58:58.984726+00:00
O006615,2026-03-21,C00213,P040,9,779.20,7012.80,sales.csv,2026-09-29T03:58:58.984726+00:00
O009306,2026-04-19,C00318,P040,1,163.78,163.78,sales.csv,2026-09-29T03:58:58.984726+00:00
O007348,2026-01-25,C00023,P005,4,721.18,2884.72,sales.csv,2026-09-29T03:58:58.984726+00:00
O006860,2026-06-24,C00159,P002,3,398.74,1196.22,sales.csv,2026-09-29T03:58:58.984726+00:00
O009389,2026-02-18,C00352,P044,4,928.48,3713.92,sales.csv,2026-09-29T03:58:58.984726+00:00
O004079,2026-03-09,C00307,P028,4,804.54,3218.16,sales.csv,2026-09-29T03:58:58.984726+00:00
O003097,2026-02-06,C00013,P021,10,473.23,4732.30,sales.csv,2026-09-29T03:58:58.984726+00:00
O004713,2026-03-15,C00108,P005,9,287.31,2585.79,sales.csv,2026-09-29T03:58:58.984726+00:00
O002605,2026-04-15,C00269,P020,4,291.68,1166.72,sales.csv,2026-09-29T03:58:58.984726+00:00
O008613,2026-06-07,C00130,P034,1,415.28,415.28,sales.csv,2026-09-29T03:58:58.984726+00:00
O006525,2026-01-09,C00302,P048,10,413.86,4138.60,sales.csv,2026-09-29T03:58:58.984726+00:00
O007114,2026-04-20,C00055,P016,1,714.51,714.51,sales.csv,2026-09-29T03:58:58.984726+00:00
O001726,2026-03-13,C00070,P008,8,602.06,4816.48,sales.csv,2026-09-29T03:58:58.984726+00:00
O000858,2026-02-20,C00463,P042,8,169.80,1358.40,sales.csv,2026-09-29T03:58:58.984726+00:00
O007039,2026-06-02,C00484,P015,6,921.32,5527.92,sales.csv,2026-09-29T03:58:58.984726+00:00
O004952,2026-05-10,C00413,P039,1,558.25,558.25,sales.csv,2026-09-29T03:58:58.984726+00:00
O007717,2026-05-22,C00113,P031,5,963.15,4815.75,sales.csv,2026-09-29T03:58:58.984726+00:00
O004701,2026-06-15,C00450,P015,2,310.88,621.76,sales.csv,2026-09-29T03:58:58.984726+00:00
O004690,2026-01-15,C00490,P021,10,664.80,6648.00,sales.csv,2026-09-29T03:58:58.984726+00:00
O006171,2026-04-29,C00249,P043,1,420.91,420.91,sales.csv,2026-09-29T03:58:58.984726+00:00
O003293,2026-03-05,C00158,P044,4,980.64,3922.56,sales.csv,2026-09-29T03:58:58.984726+00:00
O006348,2026-02-03,C00451,P001,2,622.09,1244.18,sales.csv,2026-09-29T03:58:58.984726+00:00
O002319,2026-06-26,C00309,P032,1,245.70,245.70,sales.csv,2026-09-29T03:58:58.984726+00:00
O009359,2026-06-23,C00289,P022,7,864.75,6053.25,sales.csv,2026-09-29T03:58:58.984726+00:00
O007845,2026-02-10,C00413,P025,2,142.82,285.64,sales.csv,2026-09-29T03:58:58.984726+00:00
O002532,2026-06-23,C00218,P045,3,703.42,2110.26,sales.csv,2026-09-29T03:58:58.984726+00:00
O007971,2026-04-12,C00015,P044,3,56.10,168.30,sales.csv,2026-09-29T03:58:58.984726+00:00
O001899,2026-06-19,C00126,P016,4,850.45,3401.80,sales.csv,2026-09-29T03:58:58.984726+00:00
O006837,2026-06-04,C00140,P047,10,45.41,454.10,sales.csv,2026-09-29T03:58:58.984726+00:00
O006212,2026-03-12,C00109,P030,1,520.28,520.28,sales.csv,2026-09-29T03:58:58.984726+00:00
O007846,2026-05-30,C00251,P042,9,744.97,6704.73,sales.csv,2026-09-29T03:58:58.984726+00:00
O006346,2026-05-26,C00482,P050,9,45.50,409.50,sales.csv,2026-09-29T03:58:58.984726+00:00
O002111,2026-02-02,C00267,P035,5,281.14,1405.70,sales.csv,2026-09-29T03:58:58.984726+00:00
O009287,2026-04-14,C00433,P042,6,157.11,942.66,sales.csv,2026-09-29T03:58:58.984726+00:00
O004149,2026-01-11,C00035,P025,3,1.75,5.25,sales.csv,2026-09-29T03:58:58.984726+00:00
O004253,2026-04-15,C00302,P041,2,622.95,1245.90,sales.csv,2026-09-29T03:58:58.984726+00:00
O001718,2026-06-23,C00460,P021,4,145.35,581.40,sales.csv,2026-09-29T03:58:58.984726+00:00
O003693,2026-06-06,C00028,P046,6,770.97,4625.82,sales.csv,2026-09-29T03:58:58.984726+00:00
O000287,2026-04-06,C00056,P044,4,618.97,2475.88,sales.csv,2026-09-29T03:58:58.984726+00:00
O008447,2026-01-12,C00373,P012,4,115.03,460.12,sales.csv,2026-09-29T03:58:58.984726+00:00
O004751,2026-05-06,C00363,P021,3,760.66,2281.98,sales.csv,2026-09-29T03:58:58.984726+00:00
O007320,2026-06-07,C00191,P015,2,50.98,101.96,sales.csv,2026-09-29T03:58:58.984726+00:00
O000210,2026-02-20,C00218,P008,9,295.66,2660.94,sales.csv,2026-09-29T03:58:58.984726+00:00
O000335,2026-06-05,C00476,P043,5,38.94,194.70,sales.csv,2026-09-29T03:58:58.984726+00:00
O000107,2026-03-09,C00020,P007,10,570.59,5705.90,sales.csv,2026-09-29T03:58:58.984726+00:00
O006008,2026-02-09,C00193,P041,1,881.07,881.07,sales.csv,2026-09-29T03:58:58.984726+00:00
O006530,2026-01-26,C00067,P007,3,942.88,2828.64,sales.csv,2026-09-29T03:58:58.984726+00:00
O008514,2026-05-20,C00157,P010,7,685.78,4800.46,sales.csv,2026-09-29T03:58:58.984726+00:00
O009374,2026-05-11,C00028,P036,10,467.77,4677.70,sales.csv,2026-09-29T03:58:58.984726+00:00
O001001,2026-04-20,C00495,P031,7,7.11,49.77,sales.csv,2026-09-29T03:58:58.984726+00:00
O001063,2026-05-24,C00106,P042,8,447.76,3582.08,sales.csv,2026-09-29T03:58:58.984726+00:00
O002408,2026-04-14,C00474,P027,7,973.80,6816.60,sales.csv,2026-09-29T03:58:58.984726+00:00
O000743,2026-05-19,C00422,P049,1,997.15,997.15,sales.csv,2026-09-29T03:58:58.984726+00:00
O006870,2026-06-18,C00195,P008,10,376.21,3762.10,sales.csv,2026-09-29T03:58:58.984726+00:00
O002506,2026-01-03,C00062,P008,2,160.97,321.94,sales.csv,2026-09-29T03:58:58.984726+00:00
O000424,2026-02-06,C00150,P028,1,806.84,806.84,sales.csv,2026-09-29T03:58:58.984726+00:00
O006504,2026-05-10,C00359,P003,7,527.65,3693.55,sales.csv,2026-09-29T03:58:58.984726+00:00
O006500,2026-02-24,C00345,P010,3,995.00,2985.00,sales.csv,2026-09-29T03:58:58.984726+00:00
O000268,2026-03-06,C00234,P020,4,505.22,2020.88,sales.csv,2026-09-29T03:58:58.984726+00:00
O005624,2026-02-19,C00423,P029,9,872.58,7853.22,sales.csv,2026-09-29T03:58:58.984726+00:00
O000399,2026-02-16,C00426,P045,10,217.97,2179.70,sales.csv,2026-09-29T03:58:58.984726+00:00
O008939,2026-06-16,C00269,P026,1,529.57,529.57,sales.csv,2026-09-29T03:58:58.984726+00:00
O002591,2026-02-02,C00167,P049,7,658.79,4611.53,sales.csv,2026-09-29T03:58:58.984726+00:00
O001047,2026-06-30,C00445,P044,9,975.68,8781.12,sales.csv,2026-09-29T03:58:58.984726+00:00
O007246,2026-05-18,C00340,P027,6,674.85,4049.10,sales.csv,2026-09-29T03:58:58.984726+00:00
O003461,2026-06-26,C00368,P030,3,53.73,161.19,sales.csv,2026-09-29T03:58:58.984726+00:00
O004832,2026-02-22,C00062,P036,1,438.46,438.46,sales.csv,2026-09-29T03:58:58.984726+00:00
O001120,2026-06-07,C00471,P040,4,53.26,213.04,sales.csv,2026-09-29T03:58:58.984726+00:00
O001740,2026-01-24,C00009,P031,5,213.07,1065.35,sales.csv,2026-09-29T03:58:58.984726+00:00
O002708,2026-02-14,C00258,P011,1,520.55,520.55,sales.csv,2026-09-29T03:58:58.984726+00:00
O007071,2026-01-13,C00423,P042,1,102.50,102.50,sales.csv,2026-09-29T03:58:58.984726+00:00
O007851,2026-06-25,C00420,P021,5,376.40,1882.00,sales.csv,2026-09-29T03:58:58.984726+00:00
O008265,2026-01-04,C00053,P019,6,473.67,2842.02,sales.csv,2026-09-29T03:58:58.984726+00:00
O008018,2026-02-12,C00499,P002,8,439.10,3512.80,sales.csv,2026-09-29T03:58:58.984726+00:00
O003513,2026-03-22,C00491,P024,8,980.46,7843.68,sales.csv,2026-09-29T03:58:58.984726+00:00
O004118,2026-06-30,C00040,P039,7,221.70,1551.90,sales.csv,2026-09-29T03:58:58.984726+00:00
O002899,2026-06-16,C00196,P047,7,255.19,1786.33,sales.csv,2026-09-29T03:58:58.984726+00:00
O006186,2026-05-03,C00487,P027,1,554.11,554.11,sales.csv,2026-09-29T03:58:58.984726+00:00
O000411,2026-01-07,C00213,P004,7,658.99,4612.93,sales.csv,2026-09-29T03:58:58.984726+00:00
O005888,2026-02-28,C00405,P023,4,540.47,2161.88,sales.csv,2026-09-29T03:58:58.984726+00:00
O001975,2026-02-08,C00046,P024,3,744.49,2233.47,sales.csv,2026-09-29T03:58:58.984726+00:00
O006876,2026-03-06,C00417,P023,6,220.17,1321.02,sales.csv,2026-09-29T03:58:58.984726+00:00
O008465,2026-02-09,C00087,P010,9,851.79,7666.11,sales.csv,2026-09-29T03:58:58.984726+00:00
O004364,2026-05-25,C00183,P007,7,619.46,4336.22,sales.csv,2026-09-29T03:58:58.984726+00:00
O005356,2026-01-24,C00296,P047,7,777.50,5442.50,sales.csv,2026-09-29T03:58:58.984726+00:00
O004504,2026-05-14,C00275,P027,1,481.81,481.81,sales.csv,2026-09-29T03:58:58.984726+00:00
O007758,2026-04-02,C00497,P021,4,731.17,2924.68,sales.csv,2026-09-29T03:58:58.984726+00:00
O002217,2026-05-13,C00389,P003,4,62.55,250.20,sales.csv,2026-09-29T03:58:58.984726+00:00
O002800,2026-04-17,C00345,P016,1,544.36,544.36,sales.csv,2026-09-29T03:58:58.984726+00:00
O006896,2026-06-29,C00263,P029,2,7.74,15.48,sales.csv,2026-09-29T03:58:58.984726+00:00
O007754,2026-01-17,C00055,P039,3,932.39,2797.17,sales.csv,2026-09-29T03:58:58.984726+00:00
O000047,2026-05-13,C00232,P008,4,295.51,1182.04,sales.csv,2026-09-29T03:58:58.984726+00:00
O004891,2026-06-21,C00329,P026,3,384.84,1154.52,sales.csv,2026-09-29T03:58:58.984726+00:00
O005946,2026-04-13,C00027,P020,10,976.14,9761.40,sales.csv,2026-09-29T03:58:58.984726+00:00
O002059,2026-05-01,C00011,P029,10,319.01,3190.10,sales.csv,2026-09-29T03:58:58.984726+00:00
O003216,2026-05-02,C00268,P047,10,997.90,9979.00,sales.csv,2026-09-29T03:58:58.984726+00:00
O000622,2026-02-22,C00204,P016,9,422.54,3802.86,sales.csv,2026-09-29T03:58:58.984726+00:00
O001999,2026-03-09,C00265,P021,7,217.24,1520.68,sales.csv,2026-09-29T03:58:58.984726+00:00
O004924,2026-03-11,C00041,P029,5,543.24,2716.20,sales.csv,2026-09-29T03:58:58.984726+00:00
O006917,2026-01-19,C00013,P020,2,816.34,1632.68,sales.csv,2026-09-29T03:58:58.984726+00:00
O003692,2026-05-19,C00349,P038,6,9.88,59.28,sales.csv,2026-09-29T03:58:58.984726+00:00
O002136,2026-02-10,C00484,P036,6,156.66,939.96,sales.csv,2026-09-29T03:58:58.984726+00:00
O008517,2026-06-14,C00388,P025,5,157.66,788.30,sales.csv,2026-09-29T03:58:58.984726+00:00
O006467,2026-06-14,C00478,P034,10,697.67,6976.70,sales.csv,2026-09-29T03:58:58.984726+00:00
O003919,2026-05-03,C00189,P010,6,945.37,5672.22,sales.csv,2026-09-29T03:58:58.984726+00:00
O004007,2026-01-31,C00217,P023,7,14.85,103.95,sales.csv,2026-09-29T03:58:58.984726+00:00
O008647,2026-02-27,C00426,P018,8,105.84,846.72,sales.csv,2026-09-29T03:58:58.984726+00:00
O007396,2026-02-25,C00194,P036,9,304.20,2737.80,sales.csv,2026-09-29T03:58:58.984726+00:00
O002352,2026-05-17,C00380,P026,3,102.69,308.07,sales.csv,2026-09-29T03:58:58.984726+00:00
O004018,2026-06-11,C00473,P007,8,498.87,3990.96,sales.csv,2026-09-29T03:58:58.984726+00:00
O002671,2026-02-06,C00001,P015,1,298.10,298.10,sales.csv,2026-09-29T03:58:58.984726+00:00
O005402,2026-04-22,C00127,P020,6,988.91,5933.46,sales.csv,2026-09-29T03:58:58.984726+00:00
O003323,2026-02-06,C00411,P023,8,520.03,4160.24,sales.csv,2026-09-29T03:58:58.984726+00:00
O006807,2026-04-11,C00375,P035,3,389.01,1167.03,sales.csv,2026-09-29T03:58:58.984726+00:00
O000021,2026-04-29,C00195,P018,9,288.85,2599.65,sales.csv,2026-09-29T03:58:58.984726+00:00
O005153,2026-06-10,C00315,P007,4,858.13,3432.52,sales.csv,2026-09-29T03:58:58.984726+00:00
O004746,2026-01-30,C00093,P029,10,764.18,7641.80,sales.csv,2026-09-29T03:58:58.984726+00:00
O008554,2026-03-14,C00043,P026,5,149.11,745.55,sales.csv,2026-09-29T03:58:58.984726+00:00
O005248,2026-04-16,C00341,P009,6,858.92,5153.52,sales.csv,2026-09-29T03:58:58.984726+00:00
O007360,2026-06-29,C00246,P016,7,787.73,5514.11,sales.csv,2026-09-29T03:58:58.984726+00:00
O003957,2026-02-12,C00472,P032,8,736.09,5888.72,sales.csv,2026-09-29T03:58:58.984726+00:00
O008725,2026-05-07,C00123,P019,3,153.01,459.03,sales.csv,2026-09-29T03:58:58.984726+00:00
O003075,2026-03-02,C00068,P001,5,895.69,4478.45,sales.csv,2026-09-29T03:58:58.984726+00:00
O008758,2026-03-30,C00305,P039,5,528.68,2643.40,sales.csv,2026-09-29T03:58:58.984726+00:00
O008998,2026-03-18,C00301,P004,4,626.13,2504.52,sales.csv,2026-09-29T03:58:58.984726+00:00
O007195,2026-05-05,C00219,P031,2,668.27,1336.54,sales.csv,2026-09-29T03:58:58.984726+00:00
O006344,2026-06-05,C00483,P007,10,343.12,3431.20,sales.csv,2026-09-29T03:58:58.984726+00:00
O002419,2026-03-05,C00309,P038,3,17.17,51.51,sales.csv,2026-09-29T03:58:58.984726+00:00
O001832,2026-02-09,C00258,P015,4,733.24,2932.96,sales.csv,2026-09-29T03:58:58.984726+00:00
O003636,2026-05-13,C00446,P043,7,56.18,393.26,sales.csv,2026-09-29T03:58:58.984726+00:00
O005300,2026-06-29,C00183,P010,8,704.86,5638.88,sales.csv,2026-09-29T03:58:58.984726+00:00
O001634,2026-03-09,C00387,P008,1,220.67,220.67,sales.csv,2026-09-29T03:58:58.984726+00:00
O007911,2026-04-08,C00003,P022,2,515.01,1030.02,sales.csv,2026-09-29T03:58:58.984726+00:00
O007644,2026-04-02,C00186,P013,1,83.27,83.27,sales.csv,2026-09-29T03:58:58.984726+00:00
O003629,2026-04-21,C00216,P004,2,368.26,736.52,sales.csv,2026-09-29T03:58:58.984726+00:00
O001801,2026-03-20,C00229,P036,2,283.71,567.42,sales.csv,2026-09-29T03:58:58.984726+00:00
O003512,2026-06-26,C00012,P009,2,917.52,1835.04,sales.csv,2026-09-29T03:58:58.984726+00:00
O009170,2026-05-31,C00430,P028,10,218.71,2187.10,sales.csv,2026-09-29T03:58:58.984726+00:00
O003245,2026-05-24,C00278,P042,4,102.54,410.16,sales.csv,2026-09-29T03:58:58.984726+00:00
O003498,2026-05-23,C00287,P048,4,282.77,1131.08,sales.csv,2026-09-29T03:58:58.984726+00:00
O009456,2026-06-07,C00318,P028,2,149.19,298.38,sales.csv,2026-09-29T03:58:58.984726+00:00
O004734,2026-02-16,C00089,P010,10,744.01,7440.10,sales.csv,2026-09-29T03:58:58.984726+00:00
O008648,2026-01-02,C00209,P012,9,299.26,2693.34,sales.csv,2026-09-29T03:58:58.984726+00:00
O008399,2026-03-06,C00167,P050,2,116.03,232.06,sales.csv,2026-09-29T03:58:58.984726+00:00
O001294,2026-06-06,C00293,P026,2,104.69,209.38,sales.csv,2026-09-29T03:58:58.984726+00:00
O000547,2026-02-10,C00209,P042,8,626.80,5014.40,sales.csv,2026-09-29T03:58:58.984726+00:00
O000821,2026-06-17,C00215,P015,6,326.40,1958.40,sales.csv,2026-09-29T03:58:58.984726+00:00
O004499,2026-04-15,C00100,P011,3,283.57,850.71,sales.csv,2026-09-29T03:58:58.984726+00:00
O004511,2026-01-07,C00198,P010,8,96.26,770.08,sales.csv,2026-09-29T03:58:58.984726+00:00
O001759,2026-02-01,C00241,P046,9,890.07,8010.63,sales.csv,2026-09-29T03:58:58.984726+00:00
O005193,2026-06-29,C00491,P011,2,849.08,1698.16,sales.csv,2026-09-29T03:58:58.984726+00:00
O000239,2026-02-04,C00443,P005,5,544.87,2724.35,sales.csv,2026-09-29T03:58:58.984726+00:00
O001146,2026-05-18,C00281,P006,5,276.32,1381.60,sales.csv,2026-09-29T03:58:58.984726+00:00
O005480,2026-06-10,C00097,P029,10,101.01,1010.10,sales.csv,2026-09-29T03:58:58.984726+00:00
O000006,2026-06-16,C00360,P035,7,289.93,2029.51,sales.csv,2026-09-29T03:58:58.984726+00:00
O009202,2026-02-16,C00384,P013,7,330.14,2310.98,sales.csv,2026-09-29T03:58:58.984726+00:00
O003591,2026-05-05,C00396,P036,8,870.33,6962.64,sales.csv,2026-09-29T03:58:58.984726+00:00
O004037,2026-04-21,C00011,P046,9,910.39,8193.51,sales.csv,2026-09-29T03:58:58.984726+00:00
O008374,2026-02-19,C00063,P022,3,929.44,2788.32,sales.csv,2026-09-29T03:58:58.984726+00:00
O000282,2026-03-28,C00412,P008,8,99.69,797.52,sales.csv,2026-09-29T03:58:58.984726+00:00
O003357,2026-05-06,C00236,P024,1,786.55,786.55,sales.csv,2026-09-29T03:58:58.984726+00:00
O001883,2026-03-08,C00278,P022,9,717.46,6457.14,sales.csv,2026-09-29T03:58:58.984726+00:00
O007092,2026-04-19,C00410,P034,7,148.87,1042.09,sales.csv,2026-09-29T03:58:58.984726+00:00
O009258,2026-06-15,C00219,P018,7,567.07,3969.49,sales.csv,2026-09-29T03:58:58.984726+00:00
O006494,2026-05-04,C00170,P021,2,431.25,862.50,sales.csv,2026-09-29T03:58:58.984726+00:00
O000869,2026-04-02,C00246,P035,8,451.93,3615.44,sales.csv,2026-09-29T03:58:58.984726+00:00
O003137,2026-01-13,C00289,P034,9,760.99,6848.91,sales.csv,2026-09-29T03:58:58.984726+00:00
O003401,2026-01-28,C00341,P044,6,659.38,3956.28,sales.csv,2026-09-29T03:58:58.984726+00:00
O000252,2026-03-09,C00174,P040,7,852.75,5969.25,sales.csv,2026-09-29T03:58:58.984726+00:00
O008605,2026-05-29,C00107,P017,7,327.62,2293.34,sales.csv,2026-09-29T03:58:58.984726+00:00
O005220,2026-04-23,C00255,P023,3,912.54,2737.62,sales.csv,2026-09-29T03:58:58.984726+00:00
O001264,2026-04-06,C00318,P021,8,754.03,6032.24,sales.csv,2026-09-29T03:58:58.984726+00:00
O009195,2026-05-21,C00335,P035,5,235.82,1179.10,sales.csv,2026-09-29T03:58:58.984726+00:00
O002333,2026-06-15,C00452,P030,6,918.91,5513.46,sales.csv,2026-09-29T03:58:58.984726+00:00
O006392,2026-03-28,C00047,P025,5,908.08,4540.40,sales.csv,2026-09-29T03:58:58.984726+00:00
O004745,2026-05-28,C00416,P050,8,802.12,6416.96,sales.csv,2026-09-29T03:58:58.984726+00:00
O000959,2026-05-10,C00204,P041,2,893.82,1787.64,sales.csv,2026-09-29T03:58:58.984726+00:00
O000126,2026-04-17,C00454,P041,10,255.85,2558.50,sales.csv,2026-09-29T03:58:58.984726+00:00
O003143,2026-03-15,C00141,P032,8,294.12,2352.96,sales.csv,2026-09-29T03:58:58.984726+00:00
O001543,2026-02-18,C00175,P031,9,407.79,3670.11,sales.csv,2026-09-29T03:58:58.984726+00:00
O006199,2026-04-05,C00382,P015,7,998.54,6989.78,sales.csv,2026-09-29T03:58:58.984726+00:00
O004843,2026-03-02,C00279,P050,9,90.05,810.45,sales.csv,2026-09-29T03:58:58.984726+00:00
O006200,2026-02-05,C00215,P036,10,55.34,553.40,sales.csv,2026-09-29T03:58:58.984726+00:00
O006259,2026-04-18,C00231,P002,7,785.87,5501.09,sales.csv,2026-09-29T03:58:58.984726+00:00
O006426,2026-04-22,C00425,P001,6,58.69,352.14,sales.csv,2026-09-29T03:58:58.984726+00:00
O006073,2026-06-28,C00310,P015,10,295.73,2957.30,sales.csv,2026-09-29T03:58:58.984726+00:00
O005335,2026-03-06,C00079,P023,9,879.64,7916.76,sales.csv,2026-09-29T03:58:58.984726+00:00
O005710,2026-04-22,C00435,P035,2,108.36,216.72,sales.csv,2026-09-29T03:58:58.984726+00:00
O007346,2026-03-31,C00153,P041,2,704.16,1408.32,sales.csv,2026-09-29T03:58:58.984726+00:00
O001161,2026-04-25,C00184,P050,5,639.28,3196.40,sales.csv,2026-09-29T03:58:58.984726+00:00
O001537,2026-03-20,C00362,P021,1,356.85,356.85,sales.csv,2026-09-29T03:58:58.984726+00:00
O004224,2026-03-28,C00341,P011,8,594.11,4752.88,sales.csv,2026-09-29T03:58:58.984726+00:00
O007566,2026-05-22,C00469,P039,8,650.98,5207.84,sales.csv,2026-09-29T03:58:58.984726+00:00
O007768,2026-01-17,C00234,P031,6,486.39,2918.34,sales.csv,2026-09-29T03:58:58.984726+00:00
O005901,2026-02-02,C00291,P048,7,90.97,636.79,sales.csv,2026-09-29T03:58:58.984726+00:00
O007882,2026-01-09,C00495,P037,8,846.64,6773.12,sales.csv,2026-09-29T03:58:58.984726+00:00
O003011,2026-05-16,C00415,P013,2,763.98,1527.96,sales.csv,2026-09-29T03:58:58.984726+00:00
O005714,2026-02-12,C00427,P007,8,614.43,4915.44,sales.csv,2026-09-29T03:58:58.984726+00:00
O000741,2026-05-07,C00282,P033,2,751.66,1503.32,sales.csv,2026-09-29T03:58:58.984726+00:00
O009356,2026-06-03,C00146,P036,5,747.04,3735.20,sales.csv,2026-09-29T03:58:58.984726+00:00
O005793,2026-02-17,C00149,P001,5,910.50,4552.50,sales.csv,2026-09-29T03:58:58.984726+00:00
O000279,2026-04-17,C00090,P013,3,708.01,2124.03,sales.csv,2026-09-29T03:58:58.984726+00:00
O006365,2026-02-17,C00415,P019,5,361.52,1807.60,sales.csv,2026-09-29T03:58:58.984726+00:00
O000135,2026-05-02,C00231,P017,4,836.79,3347.16,sales.csv,2026-09-29T03:58:58.984726+00:00
O002785,2026-04-16,C00181,P023,9,559.16,5032.44,sales.csv,2026-09-29T03:58:58.984726+00:00
O002812,2026-04-22,C00006,P041,10,201.60,2016.00,sales.csv,2026-09-29T03:58:58.984726+00:00
O007116,2026-05-25,C00474,P031,3,947.41,2842.23,sales.csv,2026-09-29T03:58:58.984726+00:00
O004392,2026-04-21,C00079,P045,2,209.49,418.98,sales.csv,2026-09-29T03:58:58.984726+00:00
O004443,2026-04-16,C00309,P040,9,603.96,5435.64,sales.csv,2026-09-29T03:58:58.984726+00:00
O001948,2026-05-02,C00367,P024,5,28.62,143.10,sales.csv,2026-09-29T03:58:58.984726+00:00
O008553,2026-03-08,C00343,P042,3,74.60,223.80,sales.csv,2026-09-29T03:58:58.984726+00:00
O000630,2026-02-20,C00169,P015,7,747.83,5234.81,sales.csv,2026-09-29T03:58:58.984726+00:00
O007656,2026-04-18,C00498,P007,7,840.79,5885.53,sales.csv,2026-09-29T03:58:58.984726+00:00
O003353,2026-04-09,C00446,P044,2,198.11,396.22,sales.csv,2026-09-29T03:58:58.984726+00:00
O007397,2026-01-01,C00015,P018,9,289.21,2602.89,sales.csv,2026-09-29T03:58:58.984726+00:00
O003753,2026-06-26,C00115,P005,2,152.09,304.18,sales.csv,2026-09-29T03:58:58.984726+00:00
O007126,2026-02-25,C00455,P044,1,458.17,458.17,sales.csv,2026-09-29T03:58:58.984726+00:00
O006065,2026-05-30,C00102,P014,3,542.67,1628.01,sales.csv,2026-09-29T03:58:58.984726+00:00
O002098,2026-06-24,C00186,P002,8,191.82,1534.56,sales.csv,2026-09-29T03:58:58.984726+00:00
O006101,2026-02-03,C00004,P035,1,455.58,455.58,sales.csv,2026-09-29T03:58:58.984726+00:00
O005497,2026-01-01,C00355,P035,4,266.23,1064.92,sales.csv,2026-09-29T03:58:58.984726+00:00
O001555,2026-03-31,C00282,P021,5,186.54,932.70,sales.csv,2026-09-29T03:58:58.984726+00:00
O002429,2026-04-17,C00336,P019,7,224.65,1572.55,sales.csv,2026-09-29T03:58:58.984726+00:00
O009246,2026-02-25,C00102,P047,9,488.42,4395.78,sales.csv,2026-09-29T03:58:58.984726+00:00
O007222,2026-06-30,C00327,P012,9,587.16,5284.44,sales.csv,2026-09-29T03:58:58.984726+00:00
O007302,2026-03-28,C00487,P005,7,977.13,6839.91,sales.csv,2026-09-29T03:58:58.984726+00:00
O004604,2026-05-27,C00280,P022,8,959.43,7675.44,sales.csv,2026-09-29T03:58:58.984726+00:00
O002498,2026-06-23,C00431,P011,1,126.89,126.89,sales.csv,2026-09-29T03:58:58.984726+00:00
O004610,2026-01-06,C00253,P045,10,714.81,7148.10,sales.csv,2026-09-29T03:58:58.984726+00:00
O008860,2026-05-24,C00346,P047,8,601.95,4815.60,sales.csv,2026-09-29T03:58:58.984726+00:00
O000195,2026-05-01,C00246,P029,6,242.64,1455.84,sales.csv,2026-09-29T03:58:58.984726+00:00
O005460,2026-01-15,C00089,P018,6,277.04,1662.24,sales.csv,2026-09-29T03:58:58.984726+00:00
O004617,2026-02-10,C00045,P026,6,20.44,122.64,sales.csv,2026-09-29T03:58:58.984726+00:00
O002203,2026-05-07,C00496,P024,1,368.99,368.99,sales.csv,2026-09-29T03:58:58.984726+00:00
O005379,2026-05-05,C00414,P025,5,371.65,1858.25,sales.csv,2026-09-29T03:58:58.984726+00:00
O002686,2026-04-01,C00164,P032,7,631.83,4422.81,sales.csv,2026-09-29T03:58:58.984726+00:00
O007488,2026-05-30,C00340,P028,10,228.10,2281.00,sales.csv,2026-09-29T03:58:58.984726+00:00
O009177,2026-03-21,C00441,P028,6,129.55,777.30,sales.csv,2026-09-29T03:58:58.984726+00:00
O000890,2026-02-10,C00375,P028,8,851.89,6815.12,sales.csv,2026-09-29T03:58:58.984726+00:00
O009329,2026-05-05,C00075,P044,4,676.30,2705.20,sales.csv,2026-09-29T03:58:58.984726+00:00
O006152,2026-01-03,C00387,P007,9,241.32,2171.88,sales.csv,2026-09-29T03:58:58.984726+00:00
O005761,2026-06-27,C00471,P001,10,228.67,2286.70,sales.csv,2026-09-29T03:58:58.984726+00:00
O001097,2026-06-22,C00379,P036,4,974.09,3896.36,sales.csv,2026-09-29T03:58:58.984726+00:00
O001365,2026-02-09,C00314,P019,6,538.13,3228.78,sales.csv,2026-09-29T03:58:58.984726+00:00
O007626,2026-05-18,C00187,P041,3,910.33,2730.99,sales.csv,2026-09-29T03:58:58.984726+00:00
O001128,2026-06-11,C00397,P014,7,137.21,960.47,sales.csv,2026-09-29T03:58:58.984726+00:00
O002838,2026-03-06,C00089,P013,5,515.88,2579.40,sales.csv,2026-09-29T03:58:58.984726+00:00
O003391,2026-03-16,C00385,P021,8,885.08,7080.64,sales.csv,2026-09-29T03:58:58.984726+00:00
O008333,2026-05-20,C00022,P024,7,327.69,2293.83,sales.csv,2026-09-29T03:58:58.984726+00:00
O009360,2026-05-06,C00061,P010,6,478.12,2868.72,sales.csv,2026-09-29T03:58:58.984726+00:00
O003345,2026-01-22,C00178,P044,2,860.66,1721.32,sales.csv,2026-09-29T03:58:58.984726+00:00
O000696,2026-01-19,C00230,P039,8,764.15,6113.20,sales.csv,2026-09-29T03:58:58.984726+00:00
O005947,2026-05-16,C00218,P001,4,651.99,2607.96,sales.csv,2026-09-29T03:58:58.984726+00:00
O003277,2026-06-13,C00364,P004,6,128.76,772.56,sales.csv,2026-09-29T03:58:58.984726+00:00
O007304,2026-01-09,C00365,P022,10,774.55,7745.50,sales.csv,2026-09-29T03:58:58.984726+00:00
O000732,2026-06-15,C00477,P012,9,219.71,1977.39,sales.csv,2026-09-29T03:58:58.984726+00:00
O004706,2026-01-26,C00146,P020,5,682.32,3411.60,sales.csv,2026-09-29T03:58:58.984726+00:00
O006932,2026-03-24,C00491,P023,8,488.69,3909.52,sales.csv,2026-09-29T03:58:58.984726+00:00
O006948,2026-03-10,C00155,P030,8,237.38,1899.04,sales.csv,2026-09-29T03:58:58.984726+00:00
O004069,2026-06-04,C00168,P020,8,671.35,5370.80,sales.csv,2026-09-29T03:58:58.984726+00:00
O003619,2026-03-25,C00006,P041,2,683.38,1366.76,sales.csv,2026-09-29T03:58:58.984726+00:00
O008345,2026-06-28,C00221,P049,4,825.74,3302.96,sales.csv,2026-09-29T03:58:58.984726+00:00
O004810,2026-04-26,C00189,P028,5,817.45,4087.25,sales.csv,2026-09-29T03:58:58.984726+00:00
O002266,2026-06-23,C00071,P025,2,444.52,889.04,sales.csv,2026-09-29T03:58:58.984726+00:00
O000990,2026-01-31,C00241,P004,10,761.62,7616.20,sales.csv,2026-09-29T03:58:58.984726+00:00
O008335,2026-02-12,C00322,P017,9,183.60,1652.40,sales.csv,2026-09-29T03:58:58.984726+00:00
O000605,2026-06-01,C00451,P048,3,821.50,2464.50,sales.csv,2026-09-29T03:58:58.984726+00:00
O000033,2026-01-30,C00350,P035,5,841.12,4205.60,sales.csv,2026-09-29T03:58:58.984726+00:00
O001387,2026-04-21,C00423,P047,6,798.45,4790.70,sales.csv,2026-09-29T03:58:58.984726+00:00
O009489,2026-01-09,C00156,P005,2,424.35,848.70,sales.csv,2026-09-29T03:58:58.984726+00:00
O007278,2026-02-06,C00123,P043,6,756.11,4536.66,sales.csv,2026-09-29T03:58:58.984726+00:00
O001950,2026-06-19,C00410,P004,4,332.58,1330.32,sales.csv,2026-09-29T03:58:58.984726+00:00
O007647,2026-05-17,C00046,P043,2,63.19,126.38,sales.csv,2026-09-29T03:58:58.984726+00:00
O008471,2026-06-30,C00171,P028,1,655.99,655.99,sales.csv,2026-09-29T03:58:58.984726+00:00
O007736,2026-03-25,C00295,P031,3,227.16,681.48,sales.csv,2026-09-29T03:58:58.984726+00:00
O001311,2026-05-15,C00328,P041,9,406.87,3661.83,sales.csv,2026-09-29T03:58:58.984726+00:00
O007530,2026-02-23,C00497,P024,10,839.41,8394.10,sales.csv,2026-09-29T03:58:58.984726+00:00
O004101,2026-02-26,C00317,P039,10,986.30,9863.00,sales.csv,2026-09-29T03:58:58.984726+00:00
O000592,2026-04-29,C00345,P047,9,556.91,5012.19,sales.csv,2026-09-29T03:58:58.984726+00:00
O004945,2026-06-24,C00443,P018,9,804.98,7244.82,sales.csv,2026-09-29T03:58:58.984726+00:00
O004439,2026-03-24,C00190,P043,1,480.99,480.99,sales.csv,2026-09-29T03:58:58.984726+00:00
O008500,2026-01-07,C00492,P006,3,553.32,1659.96,sales.csv,2026-09-29T03:58:58.984726+00:00
O002393,2026-02-02,C00047,P012,10,720.38,7203.80,sales.csv,2026-09-29T03:58:58.984726+00:00
O005101,2026-02-06,C00409,P037,9,614.84,5533.56,sales.csv,2026-09-29T03:58:58.984726+00:00
O002327,2026-06-04,C00295,P020,10,267.04,2670.40,sales.csv,2026-09-29T03:58:58.984726+00:00
O001244,2026-04-14,C00295,P001,5,230.42,1152.10,sales.csv,2026-09-29T03:58:58.984726+00:00
O002702,2026-02-07,C00188,P010,2,322.18,644.36,sales.csv,2026-09-29T03:58:58.984726+00:00
O003261,2026-05-06,C00356,P017,2,732.25,1464.50,sales.csv,2026-09-29T03:58:58.984726+00:00
O007402,2026-04-09,C00169,P039,4,368.21,1472.84,sales.csv,2026-09-29T03:58:58.984726+00:00
O005743,2026-01-08,C00438,P011,9,780.22,7021.98,sales.csv,2026-09-29T03:58:58.984726+00:00
O001031,2026-05-11,C00039,P047,2,336.40,672.80,sales.csv,2026-09-29T03:58:58.984726+00:00
O006663,2026-06-29,C00053,P049,3,298.29,894.87,sales.csv,2026-09-29T03:58:58.984726+00:00
O006470,2026-04-10,C00454,P008,9,309.08,2781.72,sales.csv,2026-09-29T03:58:58.984726+00:00
O007205,2026-02-13,C00096,P036,10,887.01,8870.10,sales.csv,2026-09-29T03:58:58.984726+00:00
O000505,2026-04-04,C00392,P026,6,60.30,361.80,sales.csv,2026-09-29T03:58:58.984726+00:00
O004551,2026-01-08,C00282,P010,7,774.99,5424.93,sales.csv,2026-09-29T03:58:58.984726+00:00
O006734,2026-03-06,C00474,P024,5,496.41,2482.05,sales.csv,2026-09-29T03:58:58.984726+00:00
O004107,2026-01-25,C00127,P027,4,318.22,1272.88,sales.csv,2026-09-29T03:58:58.984726+00:00
O003300,2026-06-11,C00352,P011,1,768.06,768.06,sales.csv,2026-09-29T03:58:58.984726+00:00
O009244,2026-03-31,C00144,P036,1,632.81,632.81,sales.csv,2026-09-29T03:58:58.984726+00:00
O007981,2026-06-20,C00296,P026,5,394.76,1973.80,sales.csv,2026-09-29T03:58:58.984726+00:00
O007533,2026-03-27,C00401,P027,7,928.21,6497.47,sales.csv,2026-09-29T03:58:58.984726+00:00
O006420,2026-01-01,C00187,P015,1,181.70,181.70,sales.csv,2026-09-29T03:58:58.984726+00:00
O007767,2026-05-26,C00481,P007,10,662.74,6627.40,sales.csv,2026-09-29T03:58:58.984726+00:00
O002805,2026-06-14,C00202,P004,10,563.43,5634.30,sales.csv,2026-09-29T03:58:58.984726+00:00
O005173,2026-05-27,C00360,P050,3,287.83,863.49,sales.csv,2026-09-29T03:58:58.984726+00:00
O004769,2026-01-02,C00296,P027,8,109.32,874.56,sales.csv,2026-09-29T03:58:58.984726+00:00
O008199,2026-01-22,C00358,P046,4,206.22,824.88,sales.csv,2026-09-29T03:58:58.984726+00:00
O003700,2026-05-02,C00071,P022,3,126.64,379.92,sales.csv,2026-09-29T03:58:58.984726+00:00
O006884,2026-02-26,C00030,P002,6,139.89,839.34,sales.csv,2026-09-29T03:58:58.984726+00:00
O002704,2026-02-16,C00241,P048,3,981.55,2944.65,sales.csv,2026-09-29T03:58:58.984726+00:00
O005642,2026-04-10,C00156,P035,5,898.49,4492.45,sales.csv,2026-09-29T03:58:58.984726+00:00
O003672,2026-05-22,C00291,P013,7,244.86,1714.02,sales.csv,2026-09-29T03:58:58.984726+00:00
O005647,2026-03-31,C00112,P007,3,920.49,2761.47,sales.csv,2026-09-29T03:58:58.984726+00:00
O001034,2026-03-16,C00185,P044,6,559.36,3356.16,sales.csv,2026-09-29T03:58:58.984726+00:00
O002810,2026-06-10,C00470,P017,9,209.47,1885.23,sales.csv,2026-09-29T03:58:58.984726+00:00
O006060,2026-04-12,C00138,P032,2,80.36,160.72,sales.csv,2026-09-29T03:58:58.984726+00:00
O009316,2026-02-25,C00048,P036,6,6.73,40.38,sales.csv,2026-09-29T03:58:58.984726+00:00
O005821,2026-03-11,C00387,P006,3,961.19,2883.57,sales.csv,2026-09-29T03:58:58.984726+00:00
O009135,2026-01-21,C00143,P019,6,187.56,1125.36,sales.csv,2026-09-29T03:58:58.984726+00:00
O001646,2026-05-21,C00006,P044,1,90.06,90.06,sales.csv,2026-09-29T03:58:58.984726+00:00
O007575,2026-04-01,C00042,P020,10,584.46,5844.60,sales.csv,2026-09-29T03:58:58.984726+00:00
O000882,2026-01-15,C00120,P039,4,27.12,108.48,sales.csv,2026-09-29T03:58:58.984726+00:00
O006081,2026-02-22,C00302,P032,5,818.14,4090.70,sales.csv,2026-09-29T03:58:58.984726+00:00
O005459,2026-06-06,C00313,P023,6,327.53,1965.18,sales.csv,2026-09-29T03:58:58.984726+00:00
O001622,2026-01-14,C00337,P019,10,36.78,367.80,sales.csv,2026-09-29T03:58:58.984726+00:00
O005641,2026-01-08,C00133,P032,5,630.67,3153.35,sales.csv,2026-09-29T03:58:58.984726+00:00
O005186,2026-03-03,C00215,P043,3,12.10,36.30,sales.csv,2026-09-29T03:58:58.984726+00:00
O001792,2026-01-07,C00206,P040,4,585.54,2342.16,sales.csv,2026-09-29T03:58:58.984726+00:00
O008959,2026-04-10,C00337,P030,4,944.47,3777.88,sales.csv,2026-09-29T03:58:58.984726+00:00
O001843,2026-02-20,C00056,P003,9,778.48,7006.32,sales.csv,2026-09-29T03:58:58.984726+00:00
O000253,2026-01-21,C00437,P022,9,499.08,4491.72,sales.csv,2026-09-29T03:58:58.984726+00:00
O002279,2026-05-08,C00266,P030,3,422.82,1268.46,sales.csv,2026-09-29T03:58:58.984726+00:00
O005440,2026-05-10,C00380,P045,7,709.14,4963.98,sales.csv,2026-09-29T03:58:58.984726+00:00
O005471,2026-03-08,C00212,P007,10,788.37,7883.70,sales.csv,2026-09-29T03:58:58.984726+00:00
O001418,2026-01-19,C00137,P050,7,424.90,2974.30,sales.csv,2026-09-29T03:58:58.984726+00:00
O005875,2026-03-08,C00413,P043,1,90.67,90.67,sales.csv,2026-09-29T03:58:58.984726+00:00
O007168,2026-01-15,C00451,P042,4,308.32,1233.28,sales.csv,2026-09-29T03:58:58.984726+00:00
O005007,2026-03-07,C00448,P035,7,816.39,5714.73,sales.csv,2026-09-29T03:58:58.984726+00:00
O004026,2026-01-31,C00358,P034,8,228.95,1831.60,sales.csv,2026-09-29T03:58:58.984726+00:00
O005603,2026-04-13,C00376,P038,9,699.89,6299.01,sales.csv,2026-09-29T03:58:58.984726+00:00
O001648,2026-06-25,C00229,P023,4,951.60,3806.40,sales.csv,2026-09-29T03:58:58.984726+00:00
O008827,2026-01-02,C00496,P001,2,544.82,1089.64,sales.csv,2026-09-29T03:58:58.984726+00:00
O000084,2026-01-28,C00381,P036,3,357.97,1073.91,sales.csv,2026-09-29T03:58:58.984726+00:00
O008935,2026-03-02,C00085,P007,10,669.21,6692.10,sales.csv,2026-09-29T03:58:58.984726+00:00
O004764,2026-02-23,C00447,P047,10,123.64,1236.40,sales.csv,2026-09-29T03:58:58.984726+00:00
O002674,2026-01-29,C00252,P011,2,295.28,590.56,sales.csv,2026-09-29T03:58:58.984726+00:00
O003393,2026-02-12,C00320,P023,10,566.61,5666.10,sales.csv,2026-09-29T03:58:58.984726+00:00
O009494,2026-01-02,C00162,P031,6,918.37,5510.22,sales.csv,2026-09-29T03:58:58.984726+00:00
O002018,2026-03-25,C00486,P047,10,170.50,1705.00,sales.csv,2026-09-29T03:58:58.984726+00:00
O008299,2026-02-05,C00404,P035,3,833.39,2500.17,sales.csv,2026-09-29T03:58:58.984726+00:00
O004155,2026-05-08,C00065,P003,4,97.22,388.88,sales.csv,2026-09-29T03:58:58.984726+00:00
O001436,2026-06-19,C00139,P043,6,142.41,854.46,sales.csv,2026-09-29T03:58:58.984726+00:00
O007809,2026-02-01,C00285,P023,6,750.60,4503.60,sales.csv,2026-09-29T03:58:58.984726+00:00
O008644,2026-05-01,C00074,P034,8,969.33,7754.64,sales.csv,2026-09-29T03:58:58.984726+00:00
O005052,2026-03-01,C00277,P028,9,729.00,6561.00,sales.csv,2026-09-29T03:58:58.984726+00:00
O005899,2026-03-04,C00268,P010,8,114.59,916.72,sales.csv,2026-09-29T03:58:58.984726+00:00
O007816,2026-01-10,C00482,P025,8,751.75,6014.00,sales.csv,2026-09-29T03:58:58.984726+00:00
O007642,2026-01-23,C00152,P047,7,116.50,815.50,sales.csv,2026-09-29T03:58:58.984726+00:00
O001873,2026-05-02,C00342,P039,7,636.08,4452.56,sales.csv,2026-09-29T03:58:58.984726+00:00
O003154,2026-01-21,C00382,P015,2,429.75,859.50,sales.csv,2026-09-29T03:58:58.984726+00:00
O003473,2026-03-06,C00387,P027,10,355.86,3558.60,sales.csv,2026-09-29T03:58:58.984726+00:00
O006902,2026-06-18,C00083,P009,4,188.20,752.80,sales.csv,2026-09-29T03:58:58.984726+00:00
O007382,2026-05-20,C00434,P034,8,980.68,7845.44,sales.csv,2026-09-29T03:58:58.984726+00:00
O007821,2026-03-02,C00341,P036,10,557.03,5570.30,sales.csv,2026-09-29T03:58:58.984726+00:00
O008037,2026-01-17,C00215,P045,6,633.98,3803.88,sales.csv,2026-09-29T03:58:58.984726+00:00
O006515,2026-04-21,C00426,P011,1,53.44,53.44,sales.csv,2026-09-29T03:58:58.984726+00:00
O003823,2026-03-18,C00347,P026,3,146.45,439.35,sales.csv,2026-09-29T03:58:58.984726+00:00
O008967,2026-02-09,C00212,P020,5,991.18,4955.90,sales.csv,2026-09-29T03:58:58.984726+00:00
O004117,2026-04-24,C00311,P014,6,190.41,1142.46,sales.csv,2026-09-29T03:58:58.984726+00:00
O005373,2026-06-25,C00293,P045,5,267.09,1335.45,sales.csv,2026-09-29T03:58:58.984726+00:00
O008705,2026-02-04,C00243,P041,7,817.52,5722.64,sales.csv,2026-09-29T03:58:58.984726+00:00
O000844,2026-01-28,C00080,P007,3,590.25,1770.75,sales.csv,2026-09-29T03:58:58.984726+00:00
O008000,2026-04-12,C00274,P046,1,559.68,559.68,sales.csv,2026-09-29T03:58:58.984726+00:00
O000525,2026-05-27,C00486,P045,2,251.06,502.12,sales.csv,2026-09-29T03:58:58.984726+00:00
O005445,2026-03-15,C00033,P030,5,247.83,1239.15,sales.csv,2026-09-29T03:58:58.984726+00:00
O005321,2026-01-23,C00260,P023,1,616.43,616.43,sales.csv,2026-09-29T03:58:58.984726+00:00
O001638,2026-03-15,C00475,P029,7,890.31,6232.17,sales.csv,2026-09-29T03:58:58.984726+00:00
O008324,2026-04-02,C00251,P038,6,454.84,2729.04,sales.csv,2026-09-29T03:58:58.984726+00:00
O004606,2026-04-20,C00444,P015,9,319.54,2875.86,sales.csv,2026-09-29T03:58:58.984726+00:00
O009320,2026-02-02,C00414,P004,5,693.51,3467.55,sales.csv,2026-09-29T03:58:58.984726+00:00
O005418,2026-03-19,C00461,P034,6,253.59,1521.54,sales.csv,2026-09-29T03:58:58.984726+00:00
O009134,2026-06-12,C00420,P008,1,509.15,509.15,sales.csv,2026-09-29T03:58:58.984726+00:00
O003384,2026-05-19,C00200,P031,9,17.47,157.23,sales.csv,2026-09-29T03:58:58.984726+00:00
O008305,2026-03-07,C00133,P020,9,365.93,3293.37,sales.csv,2026-09-29T03:58:58.984726+00:00
O004142,2026-02-17,C00126,P001,6,226.17,1357.02,sales.csv,2026-09-29T03:58:58.984726+00:00
O004774,2026-04-30,C00386,P043,3,71.12,213.36,sales.csv,2026-09-29T03:58:58.984726+00:00
O007561,2026-02-26,C00430,P008,8,396.12,3168.96,sales.csv,2026-09-29T03:58:58.984726+00:00
O005764,2026-03-31,C00058,P046,4,431.76,1727.04,sales.csv,2026-09-29T03:58:58.984726+00:00
O005510,2026-01-05,C00215,P006,7,458.82,3211.74,sales.csv,2026-09-29T03:58:58.984726+00:00
O003517,2026-01-06,C00072,P008,7,561.11,3927.77,sales.csv,2026-09-29T03:58:58.984726+00:00
O005626,2026-05-09,C00390,P031,1,857.72,857.72,sales.csv,2026-09-29T03:58:58.984726+00:00
O000028,2026-04-13,C00186,P015,3,668.84,2006.52,sales.csv,2026-09-29T03:58:58.984726+00:00
O004425,2026-02-08,C00181,P021,7,882.03,6174.21,sales.csv,2026-09-29T03:58:58.984726+00:00
O001990,2026-06-03,C00364,P048,1,8.02,8.02,sales.csv,2026-09-29T03:58:58.984726+00:00
O000106,2026-01-08,C00060,P017,3,761.99,2285.97,sales.csv,2026-09-29T03:58:58.984726+00:00
O001240,2026-05-31,C00103,P034,1,966.90,966.90,sales.csv,2026-09-29T03:58:58.984726+00:00
O006167,2026-02-21,C00276,P040,3,177.25,531.75,sales.csv,2026-09-29T03:58:58.984726+00:00
O005657,2026-03-25,C00251,P024,10,111.14,1111.40,sales.csv,2026-09-29T03:58:58.984726+00:00
O004218,2026-04-11,C00422,P032,2,351.39,702.78,sales.csv,2026-09-29T03:58:58.984726+00:00
O000950,2026-02-04,C00154,P048,8,421.56,3372.48,sales.csv,2026-09-29T03:58:58.984726+00:00
O009272,2026-06-01,C00108,P022,1,451.80,451.80,sales.csv,2026-09-29T03:58:58.984726+00:00
O002798,2026-04-06,C00401,P015,9,372.72,3354.48,sales.csv,2026-09-29T03:58:58.984726+00:00
O006448,2026-04-05,C00077,P008,8,809.09,6472.72,sales.csv,2026-09-29T03:58:58.984726+00:00
O001879,2026-06-23,C00168,P010,5,816.22,4081.10,sales.csv,2026-09-29T03:58:58.984726+00:00
O005937,2026-03-20,C00116,P022,10,377.83,3778.30,sales.csv,2026-09-29T03:58:58.984726+00:00
O005600,2026-06-05,C00411,P033,5,148.51,742.55,sales.csv,2026-09-29T03:58:58.984726+00:00
O001044,2026-04-02,C00314,P002,3,634.18,1902.54,sales.csv,2026-09-29T03:58:58.984726+00:00
O002662,2026-01-04,C00391,P042,1,174.24,174.24,sales.csv,2026-09-29T03:58:58.984726+00:00
O006503,2026-02-22,C00481,P005,7,952.55,6667.85,sales.csv,2026-09-29T03:58:58.984726+00:00
O006129,2026-05-05,C00470,P038,8,836.86,6694.88,sales.csv,2026-09-29T03:58:58.984726+00:00
O001696,2026-06-28,C00190,P036,3,575.96,1727.88,sales.csv,2026-09-29T03:58:58.984726+00:00
O003121,2026-04-27,C00008,P011,2,549.70,1099.40,sales.csv,2026-09-29T03:58:58.984726+00:00
O007338,2026-06-15,C00194,P048,9,320.86,2887.74,sales.csv,2026-09-29T03:58:58.984726+00:00
O002496,2026-06-16,C00005,P024,10,134.62,1346.20,sales.csv,2026-09-29T03:58:58.984726+00:00
O003642,2026-05-14,C00020,P026,7,877.96,6145.72,sales.csv,2026-09-29T03:58:58.984726+00:00
O005812,2026-02-06,C00096,P008,1,333.77,333.77,sales.csv,2026-09-29T03:58:58.984726+00:00
O001427,2026-01-04,C00176,P045,2,400.92,801.84,sales.csv,2026-09-29T03:58:58.984726+00:00
O004291,2026-04-01,C00009,P043,6,851.28,5107.68,sales.csv,2026-09-29T03:58:58.984726+00:00
O006284,2026-01-20,C00215,P035,1,555.41,555.41,sales.csv,2026-09-29T03:58:58.984726+00:00
O007770,2026-01-25,C00407,P020,10,217.54,2175.40,sales.csv,2026-09-29T03:58:58.984726+00:00
O006938,2026-04-07,C00035,P047,1,510.22,510.22,sales.csv,2026-09-29T03:58:58.984726+00:00
O009439,2026-06-11,C00295,P006,10,692.64,6926.40,sales.csv,2026-09-29T03:58:58.984726+00:00
O001786,2026-01-02,C00497,P048,9,666.07,5994.63,sales.csv,2026-09-29T03:58:58.984726+00:00
O000152,2026-04-29,C00094,P004,5,497.89,2489.45,sales.csv,2026-09-29T03:58:58.984726+00:00
O001665,2026-05-08,C00077,P042,1,50.59,50.59,sales.csv,2026-09-29T03:58:58.984726+00:00
O001306,2026-06-10,C00065,P009,9,224.61,2021.49,sales.csv,2026-09-29T03:58:58.984726+00:00
O007418,2026-01-20,C00253,P014,6,533.65,3201.90,sales.csv,2026-09-29T03:58:58.984726+00:00
O007932,2026-03-16,C00345,P048,6,549.31,3295.86,sales.csv,2026-09-29T03:58:58.984726+00:00
O000290,2026-03-19,C00333,P027,2,184.20,368.40,sales.csv,2026-09-29T03:58:58.984726+00:00
O005816,2026-01-02,C00233,P017,5,321.96,1609.80,sales.csv,2026-09-29T03:58:58.984726+00:00
O000069,2026-05-09,C00471,P034,3,75.55,226.65,sales.csv,2026-09-29T03:58:58.984726+00:00
O000016,2026-03-01,C00444,P007,7,365.34,2557.38,sales.csv,2026-09-29T03:58:58.984726+00:00
O000532,2026-04-01,C00347,P050,5,800.63,4003.15,sales.csv,2026-09-29T03:58:58.984726+00:00
O006557,2026-03-26,C00256,P043,9,523.44,4710.96,sales.csv,2026-09-29T03:58:58.984726+00:00
O002535,2026-06-18,C00332,P033,10,216.01,2160.10,sales.csv,2026-09-29T03:58:58.984726+00:00
O004267,2026-06-25,C00220,P006,6,848.83,5092.98,sales.csv,2026-09-29T03:58:58.984726+00:00
O004981,2026-03-20,C00335,P024,5,855.86,4279.30,sales.csv,2026-09-29T03:58:58.984726+00:00
O006278,2026-06-03,C00485,P027,9,228.87,2059.83,sales.csv,2026-09-29T03:58:58.984726+00:00
O001362,2026-06-08,C00439,P024,10,313.98,3139.80,sales.csv,2026-09-29T03:58:58.984726+00:00
O002371,2026-06-09,C00189,P003,2,287.47,574.94,sales.csv,2026-09-29T03:58:58.984726+00:00
O005992,2026-02-26,C00013,P001,5,141.42,707.10,sales.csv,2026-09-29T03:58:58.984726+00:00
O005082,2026-03-13,C00434,P031,3,660.42,1981.26,sales.csv,2026-09-29T03:58:58.984726+00:00
O003208,2026-03-04,C00196,P002,8,954.62,7636.96,sales.csv,2026-09-29T03:58:58.984726+00:00
O008237,2026-04-02,C00172,P038,7,587.86,4115.02,sales.csv,2026-09-29T03:58:58.984726+00:00
O003726,2026-04-11,C00388,P035,4,371.35,1485.40,sales.csv,2026-09-29T03:58:58.984726+00:00
O004017,2026-05-20,C00048,P006,4,950.32,3801.28,sales.csv,2026-09-29T03:58:58.984726+00:00
O002891,2026-03-20,C00488,P037,2,194.05,388.10,sales.csv,2026-09-29T03:58:58.984726+00:00
O006037,2026-01-02,C00178,P002,9,792.65,7133.85,sales.csv,2026-09-29T03:58:58.984726+00:00
O005253,2026-06-09,C00477,P027,3,839.16,2517.48,sales.csv,2026-09-29T03:58:58.984726+00:00
O001689,2026-04-27,C00313,P011,10,84.83,848.30,sales.csv,2026-09-29T03:58:58.984726+00:00
O003854,2026-04-24,C00095,P033,1,105.27,105.27,sales.csv,2026-09-29T03:58:58.984726+00:00
O007321,2026-06-25,C00335,P011,10,635.13,6351.30,sales.csv,2026-09-29T03:58:58.984726+00:00
O008392,2026-03-26,C00492,P045,5,867.05,4335.25,sales.csv,2026-09-29T03:58:58.984726+00:00
O007159,2026-03-21,C00202,P035,6,346.85,2081.10,sales.csv,2026-09-29T03:58:58.984726+00:00
O006863,2026-01-24,C00062,P009,9,603.11,5427.99,sales.csv,2026-09-29T03:58:58.984726+00:00
O000099,2026-06-21,C00443,P048,4,350.70,1402.80,sales.csv,2026-09-29T03:58:58.984726+00:00
O001579,2026-03-29,C00279,P045,4,227.86,911.44,sales.csv,2026-09-29T03:58:58.984726+00:00
O001424,2026-04-23,C00023,P015,4,899.31,3597.24,sales.csv,2026-09-29T03:58:58.984726+00:00
O001229,2026-02-07,C00242,P039,7,116.52,815.64,sales.csv,2026-09-29T03:58:58.984726+00:00
O009074,2026-03-23,C00299,P001,3,900.65,2701.95,sales.csv,2026-09-29T03:58:58.984726+00:00
O008922,2026-06-17,C00322,P025,5,485.34,2426.70,sales.csv,2026-09-29T03:58:58.984726+00:00
O003182,2026-05-05,C00373,P015,6,834.96,5009.76,sales.csv,2026-09-29T03:58:58.984726+00:00
O006655,2026-03-26,C00175,P041,1,894.05,894.05,sales.csv,2026-09-29T03:58:58.984726+00:00
O001854,2026-01-26,C00474,P014,9,928.67,8358.03,sales.csv,2026-09-29T03:58:58.984726+00:00
O002834,2026-02-05,C00113,P006,3,351.73,1055.19,sales.csv,2026-09-29T03:58:58.984726+00:00
O009220,2026-01-02,C00061,P008,6,405.03,2430.18,sales.csv,2026-09-29T03:58:58.984726+00:00
O002973,2026-01-01,C00079,P039,2,682.34,1364.68,sales.csv,2026-09-29T03:58:58.984726+00:00
O008100,2026-03-22,C00068,P001,1,601.57,601.57,sales.csv,2026-09-29T03:58:58.984726+00:00
O000140,2026-04-09,C00356,P010,4,85.18,340.72,sales.csv,2026-09-29T03:58:58.984726+00:00
O005338,2026-06-08,C00173,P014,6,860.94,5165.64,sales.csv,2026-09-29T03:58:58.984726+00:00
O005589,2026-02-27,C00309,P018,7,824.49,5771.43,sales.csv,2026-09-29T03:58:58.984726+00:00
O008113,2026-06-18,C00059,P025,4,728.26,2913.04,sales.csv,2026-09-29T03:58:58.984726+00:00
O008583,2026-04-18,C00136,P010,6,808.66,4851.96,sales.csv,2026-09-29T03:58:58.984726+00:00
O003484,2026-05-01,C00053,P044,5,799.91,3999.55,sales.csv,2026-09-29T03:58:58.984726+00:00
O008731,2026-05-23,C00280,P042,9,933.45,8401.05,sales.csv,2026-09-29T03:58:58.984726+00:00
O006763,2026-03-23,C00379,P038,10,186.68,1866.80,sales.csv,2026-09-29T03:58:58.984726+00:00
O004675,2026-03-20,C00046,P021,5,595.64,2978.20,sales.csv,2026-09-29T03:58:58.984726+00:00
O000742,2026-01-30,C00138,P050,9,481.85,4336.65,sales.csv,2026-09-29T03:58:58.984726+00:00
O004964,2026-04-06,C00467,P033,5,700.14,3500.70,sales.csv,2026-09-29T03:58:58.984726+00:00
O008157,2026-01-08,C00298,P006,5,293.81,1469.05,sales.csv,2026-09-29T03:58:58.984726+00:00
O000885,2026-02-15,C00471,P021,1,29.72,29.72,sales.csv,2026-09-29T03:58:58.984726+00:00
O001670,2026-02-27,C00002,P025,8,159.86,1278.88,sales.csv,2026-09-29T03:58:58.984726+00:00
O007972,2026-02-28,C00370,P038,3,222.22,666.66,sales.csv,2026-09-29T03:58:58.984726+00:00
O006926,2026-03-30,C00255,P036,1,884.01,884.01,sales.csv,2026-09-29T03:58:58.984726+00:00
O000907,2026-04-26,C00038,P003,5,27.31,136.55,sales.csv,2026-09-29T03:58:58.984726+00:00
O009042,2026-06-07,C00433,P039,4,257.46,1029.84,sales.csv,2026-09-29T03:58:58.984726+00:00
O006277,2026-02-10,C00206,P010,9,218.06,1962.54,sales.csv,2026-09-29T03:58:58.984726+00:00
O007616,2026-03-09,C00145,P007,1,979.19,979.19,sales.csv,2026-09-29T03:58:58.984726+00:00
O004804,2026-02-28,C00067,P009,5,697.05,3485.25,sales.csv,2026-09-29T03:58:58.984726+00:00
O007467,2026-03-04,C00095,P047,4,569.69,2278.76,sales.csv,2026-09-29T03:58:58.984726+00:00
O002307,2026-01-08,C00192,P009,10,169.22,1692.20,sales.csv,2026-09-29T03:58:58.984726+00:00
O003955,2026-05-08,C00485,P047,7,944.67,6612.69,sales.csv,2026-09-29T03:58:58.984726+00:00
O009146,2026-04-02,C00417,P036,7,822.68,5758.76,sales.csv,2026-09-29T03:58:58.984726+00:00
O000988,2026-02-27,C00382,P020,7,435.26,3046.82,sales.csv,2026-09-29T03:58:58.984726+00:00
O000036,2026-02-15,C00260,P007,5,838.48,4192.40,sales.csv,2026-09-29T03:58:58.984726+00:00
O009218,2026-06-15,C00187,P024,8,811.10,6488.80,sales.csv,2026-09-29T03:58:58.984726+00:00
O008426,2026-04-09,C00328,P050,6,374.30,2245.80,sales.csv,2026-09-29T03:58:58.984726+00:00
O007139,2026-01-23,C00297,P005,5,320.65,1603.25,sales.csv,2026-09-29T03:58:58.984726+00:00
O003457,2026-05-10,C00035,P018,9,701.91,6317.19,sales.csv,2026-09-29T03:58:58.984726+00:00
O009269,2026-03-02,C00442,P002,7,115.28,806.96,sales.csv,2026-09-29T03:58:58.984726+00:00
O005995,2026-01-19,C00194,P031,6,937.25,5623.50,sales.csv,2026-09-29T03:58:58.984726+00:00
O004616,2026-02-27,C00323,P023,6,884.27,5305.62,sales.csv,2026-09-29T03:58:58.984726+00:00
O006666,2026-06-10,C00385,P026,9,789.71,7107.39,sales.csv,2026-09-29T03:58:58.984726+00:00
O006242,2026-03-09,C00332,P036,7,918.71,6430.97,sales.csv,2026-09-29T03:58:58.984726+00:00
O001479,2026-01-14,C00354,P034,3,608.62,1825.86,sales.csv,2026-09-29T03:58:58.984726+00:00
O001501,2026-02-07,C00438,P003,10,791.73,7917.30,sales.csv,2026-09-29T03:58:58.984726+00:00
O004676,2026-01-28,C00168,P021,4,141.53,566.12,sales.csv,2026-09-29T03:58:58.984726+00:00
O003185,2026-06-10,C00057,P040,10,433.12,4331.20,sales.csv,2026-09-29T03:58:58.984726+00:00
O007604,2026-03-01,C00355,P015,1,957.81,957.81,sales.csv,2026-09-29T03:58:58.984726+00:00
O002129,2026-06-23,C00270,P026,10,733.65,7336.50,sales.csv,2026-09-29T03:58:58.984726+00:00
O000418,2026-05-21,C00482,P047,10,692.76,6927.60,sales.csv,2026-09-29T03:58:58.984726+00:00
O008039,2026-02-12,C00208,P025,3,166.00,498.00,sales.csv,2026-09-29T03:58:58.984726+00:00
O006898,2026-05-19,C00307,P004,5,996.74,4983.70,sales.csv,2026-09-29T03:58:58.984726+00:00
O000479,2026-03-06,C00101,P041,9,360.72,3246.48,sales.csv,2026-09-29T03:58:58.984726+00:00
O001839,2026-01-31,C00114,P009,3,902.83,2708.49,sales.csv,2026-09-29T03:58:58.984726+00:00
O009423,2026-05-12,C00212,P032,5,927.47,4637.35,sales.csv,2026-09-29T03:58:58.984726+00:00
O004683,2026-04-27,C00197,P040,9,160.92,1448.28,sales.csv,2026-09-29T03:58:58.984726+00:00
O000699,2026-06-13,C00469,P006,2,326.36,652.72,sales.csv,2026-09-29T03:58:58.984726+00:00
O001624,2026-01-20,C00436,P018,5,174.72,873.60,sales.csv,2026-09-29T03:58:58.984726+00:00
O006059,2026-01-04,C00049,P018,3,890.46,2671.38,sales.csv,2026-09-29T03:58:58.984726+00:00
O003346,2026-04-14,C00412,P001,3,419.15,1257.45,sales.csv,2026-09-29T03:58:58.984726+00:00
O007471,2026-02-09,C00343,P043,1,207.23,207.23,sales.csv,2026-09-29T03:58:58.984726+00:00
O005141,2026-04-23,C00325,P040,6,42.93,257.58,sales.csv,2026-09-29T03:58:58.984726+00:00
O004158,2026-01-07,C00162,P032,4,984.44,3937.76,sales.csv,2026-09-29T03:58:58.984726+00:00
O006778,2026-04-13,C00153,P050,5,799.76,3998.80,sales.csv,2026-09-29T03:58:58.984726+00:00
O006175,2026-05-15,C00366,P023,1,20.30,20.30,sales.csv,2026-09-29T03:58:58.984726+00:00
O004679,2026-05-15,C00050,P016,7,587.32,4111.24,sales.csv,2026-09-29T03:58:58.984726+00:00
O003947,2026-04-25,C00309,P042,9,532.74,4794.66,sales.csv,2026-09-29T03:58:58.984726+00:00
O002492,2026-05-29,C00444,P004,5,600.69,3003.45,sales.csv,2026-09-29T03:58:58.984726+00:00
O004534,2026-05-14,C00152,P010,9,480.96,4328.64,sales.csv,2026-09-29T03:58:58.984726+00:00
O007507,2026-05-14,C00414,P040,6,798.93,4793.58,sales.csv,2026-09-29T03:58:58.984726+00:00
O004750,2026-05-15,C00467,P032,2,281.80,563.60,sales.csv,2026-09-29T03:58:58.984726+00:00
O003178,2026-03-16,C00138,P033,4,537.09,2148.36,sales.csv,2026-09-29T03:58:58.984726+00:00
O005733,2026-06-03,C00206,P037,4,274.92,1099.68,sales.csv,2026-09-29T03:58:58.984726+00:00
O004572,2026-06-14,C00211,P041,3,66.92,200.76,sales.csv,2026-09-29T03:58:58.984726+00:00
O002556,2026-02-28,C00157,P041,2,401.63,803.26,sales.csv,2026-09-29T03:58:58.984726+00:00
O007183,2026-06-22,C00326,P028,9,88.52,796.68,sales.csv,2026-09-29T03:58:58.984726+00:00
O003695,2026-05-16,C00212,P047,3,961.17,2883.51,sales.csv,2026-09-29T03:58:58.984726+00:00
O004650,2026-03-13,C00461,P035,3,979.41,2938.23,sales.csv,2026-09-29T03:58:58.984726+00:00
O003520,2026-05-25,C00224,P003,9,429.69,3867.21,sales.csv,2026-09-29T03:58:58.984726+00:00
O005809,2026-04-26,C00088,P011,2,144.07,288.14,sales.csv,2026-09-29T03:58:58.984726+00:00
O007572,2026-03-03,C00244,P025,8,551.36,4410.88,sales.csv,2026-09-29T03:58:58.984726+00:00
O001191,2026-02-11,C00332,P027,1,320.38,320.38,sales.csv,2026-09-29T03:58:58.984726+00:00
O000668,2026-02-09,C00195,P046,3,970.48,2911.44,sales.csv,2026-09-29T03:58:58.984726+00:00
O001054,2026-05-07,C00446,P011,2,985.91,1971.82,sales.csv,2026-09-29T03:58:58.984726+00:00
O000552,2026-05-07,C00096,P048,5,50.10,250.50,sales.csv,2026-09-29T03:58:58.984726+00:00
O003311,2026-06-15,C00463,P007,3,470.24,1410.72,sales.csv,2026-09-29T03:58:58.984726+00:00
O004973,2026-05-16,C00129,P015,8,449.46,3595.68,sales.csv,2026-09-29T03:58:58.984726+00:00
O003236,2026-05-15,C00367,P031,1,417.40,417.40,sales.csv,2026-09-29T03:58:58.984726+00:00
O003058,2026-02-05,C00431,P034,4,400.68,1602.72,sales.csv,2026-09-29T03:58:58.984726+00:00
O001218,2026-05-30,C00130,P017,9,556.17,5005.53,sales.csv,2026-09-29T03:58:58.984726+00:00
O004185,2026-04-20,C00281,P037,5,277.05,1385.25,sales.csv,2026-09-29T03:58:58.984726+00:00
O007872,2026-05-08,C00076,P003,5,716.12,3580.60,sales.csv,2026-09-29T03:58:58.984726+00:00
O003043,2026-04-05,C00181,P013,6,573.16,3438.96,sales.csv,2026-09-29T03:58:58.984726+00:00
O002137,2026-06-04,C00437,P027,2,159.42,318.84,sales.csv,2026-09-29T03:58:58.984726+00:00
O001079,2026-02-02,C00054,P025,10,795.50,7955.00,sales.csv,2026-09-29T03:58:58.984726+00:00
O001535,2026-06-10,C00274,P011,10,794.88,7948.80,sales.csv,2026-09-29T03:58:58.984726+00:00
O001540,2026-03-19,C00090,P008,6,50.01,300.06,sales.csv,2026-09-29T03:58:58.984726+00:00
O007772,2026-03-12,C00318,P035,3,682.59,2047.77,sales.csv,2026-09-29T03:58:58.984726+00:00
O002738,2026-05-26,C00322,P032,2,20.58,41.16,sales.csv,2026-09-29T03:58:58.984726+00:00
O004809,2026-04-14,C00490,P032,10,839.64,8396.40,sales.csv,2026-09-29T03:58:58.984726+00:00
O001697,2026-03-04,C00474,P038,1,175.81,175.81,sales.csv,2026-09-29T03:58:58.984726+00:00
O009284,2026-05-08,C00211,P033,8,12.77,102.16,sales.csv,2026-09-29T03:58:58.984726+00:00
O000588,2026-06-24,C00494,P043,9,175.31,1577.79,sales.csv,2026-09-29T03:58:58.984726+00:00
O000955,2026-05-10,C00207,P009,9,746.37,6717.33,sales.csv,2026-09-29T03:58:58.984726+00:00
O007744,2026-05-22,C00003,P005,6,288.27,1729.62,sales.csv,2026-09-29T03:58:58.984726+00:00
O000979,2026-02-05,C00370,P002,8,388.45,3107.60,sales.csv,2026-09-29T03:58:58.984726+00:00
O007038,2026-04-25,C00449,P027,8,236.04,1888.32,sales.csv,2026-09-29T03:58:58.984726+00:00
O003036,2026-01-10,C00255,P033,4,853.40,3413.60,sales.csv,2026-09-29T03:58:58.984726+00:00
O004659,2026-05-17,C00390,P022,8,234.17,1873.36,sales.csv,2026-09-29T03:58:58.984726+00:00
O002799,2026-03-10,C00451,P043,5,403.91,2019.55,sales.csv,2026-09-29T03:58:58.984726+00:00
O008309,2026-04-20,C00132,P002,10,928.37,9283.70,sales.csv,2026-09-29T03:58:58.984726+00:00
O008702,2026-06-11,C00364,P012,2,393.38,786.76,sales.csv,2026-09-29T03:58:58.984726+00:00
O003337,2026-04-03,C00175,P033,1,801.28,801.28,sales.csv,2026-09-29T03:58:58.984726+00:00
O002056,2026-01-23,C00155,P050,8,195.20,1561.60,sales.csv,2026-09-29T03:58:58.984726+00:00
O009013,2026-01-03,C00055,P002,2,242.64,485.28,sales.csv,2026-09-29T03:58:58.984726+00:00
O001958,2026-04-16,C00475,P022,7,132.59,928.13,sales.csv,2026-09-29T03:58:58.984726+00:00
O009441,2026-04-15,C00192,P041,2,309.58,619.16,sales.csv,2026-09-29T03:58:58.984726+00:00
O003446,2026-05-13,C00208,P031,10,224.35,2243.50,sales.csv,2026-09-29T03:58:58.984726+00:00
O001963,2026-04-24,C00406,P042,3,5.03,15.09,sales.csv,2026-09-29T03:58:58.984726+00:00
O004634,2026-06-17,C00226,P006,6,235.67,1414.02,sales.csv,2026-09-29T03:58:58.984726+00:00
O002471,2026-06-01,C00480,P013,2,751.83,1503.66,sales.csv,2026-09-29T03:58:58.984726+00:00
O008425,2026-05-29,C00464,P011,7,178.52,1249.64,sales.csv,2026-09-29T03:58:58.984726+00:00
O004585,2026-03-30,C00469,P026,2,613.35,1226.70,sales.csv,2026-09-29T03:58:58.984726+00:00
O003397,2026-02-25,C00109,P008,10,380.25,3802.50,sales.csv,2026-09-29T03:58:58.984726+00:00
O003452,2026-02-27,C00077,P018,10,956.20,9562.00,sales.csv,2026-09-29T03:58:58.984726+00:00
O007889,2026-02-14,C00061,P022,4,88.79,355.16,sales.csv,2026-09-29T03:58:58.984726+00:00
O003412,2026-05-01,C00351,P006,6,30.77,184.62,sales.csv,2026-09-29T03:58:58.984726+00:00
O008014,2026-03-29,C00259,P011,10,136.18,1361.80,sales.csv,2026-09-29T03:58:58.984726+00:00
O006848,2026-02-08,C00272,P036,7,547.56,3832.92,sales.csv,2026-09-29T03:58:58.984726+00:00
O002989,2026-01-11,C00465,P023,3,614.29,1842.87,sales.csv,2026-09-29T03:58:58.984726+00:00
O002664,2026-06-10,C00308,P001,1,140.38,140.38,sales.csv,2026-09-29T03:58:58.984726+00:00
O005674,2026-05-02,C00101,P001,5,728.25,3641.25,sales.csv,2026-09-29T03:58:58.984726+00:00
O000900,2026-06-21,C00328,P047,6,586.40,3518.40,sales.csv,2026-09-29T03:58:58.984726+00:00
O003835,2026-04-10,C00019,P045,5,914.38,4571.90,sales.csv,2026-09-29T03:58:58.984726+00:00
O007779,2026-03-20,C00114,P050,7,704.91,4934.37,sales.csv,2026-09-29T03:58:58.984726+00:00
O002938,2026-06-24,C00077,P034,5,818.62,4093.10,sales.csv,2026-09-29T03:58:58.984726+00:00
O002847,2026-01-08,C00059,P012,6,563.80,3382.80,sales.csv,2026-09-29T03:58:58.984726+00:00
O000576,2026-03-25,C00438,P034,8,153.35,1226.80,sales.csv,2026-09-29T03:58:58.984726+00:00
O004163,2026-04-13,C00239,P046,8,488.02,3904.16,sales.csv,2026-09-29T03:58:58.984726+00:00
O004269,2026-02-03,C00477,P048,5,222.54,1112.70,sales.csv,2026-09-29T03:58:58.984726+00:00
O003206,2026-01-24,C00114,P027,9,366.11,3294.99,sales.csv,2026-09-29T03:58:58.984726+00:00
O003465,2026-05-30,C00390,P038,8,609.52,4876.16,sales.csv,2026-09-29T03:58:58.984726+00:00
O005572,2026-06-03,C00373,P005,9,626.04,5634.36,sales.csv,2026-09-29T03:58:58.984726+00:00
O002909,2026-03-15,C00362,P039,5,962.91,4814.55,sales.csv,2026-09-29T03:58:58.984726+00:00
O000740,2026-05-18,C00148,P011,8,742.40,5939.20,sales.csv,2026-09-29T03:58:58.984726+00:00
O002773,2026-06-20,C00297,P040,3,425.32,1275.96,sales.csv,2026-09-29T03:58:58.984726+00:00
O007002,2026-06-09,C00031,P010,3,323.31,969.93,sales.csv,2026-09-29T03:58:58.984726+00:00
O009459,2026-04-04,C00064,P015,1,562.12,562.12,sales.csv,2026-09-29T03:58:58.984726+00:00
O004014,2026-04-19,C00353,P038,10,461.13,4611.30,sales.csv,2026-09-29T03:58:58.984726+00:00
O003274,2026-01-10,C00190,P002,10,935.95,9359.50,sales.csv,2026-09-29T03:58:58.984726+00:00
O006181,2026-01-24,C00495,P028,5,180.85,904.25,sales.csv,2026-09-29T03:58:58.984726+00:00
O004601,2026-01-20,C00008,P011,2,645.31,1290.62,sales.csv,2026-09-29T03:58:58.984726+00:00
O006229,2026-04-14,C00242,P045,2,719.26,1438.52,sales.csv,2026-09-29T03:58:58.984726+00:00
O001029,2026-01-01,C00007,P043,2,145.74,291.48,sales.csv,2026-09-29T03:58:58.984726+00:00
O001649,2026-03-14,C00129,P013,1,32.06,32.06,sales.csv,2026-09-29T03:58:58.984726+00:00
O007747,2026-03-30,C00168,P017,5,547.34,2736.70,sales.csv,2026-09-29T03:58:58.984726+00:00
O005830,2026-05-19,C00180,P008,7,49.56,346.92,sales.csv,2026-09-29T03:58:58.984726+00:00
O008503,2026-05-29,C00166,P009,5,644.65,3223.25,sales.csv,2026-09-29T03:58:58.984726+00:00
O005879,2026-03-06,C00146,P038,5,531.08,2655.40,sales.csv,2026-09-29T03:58:58.984726+00:00
O008745,2026-03-11,C00488,P017,10,483.18,4831.80,sales.csv,2026-09-29T03:58:58.984726+00:00
O005306,2026-01-07,C00310,P020,4,752.91,3011.64,sales.csv,2026-09-29T03:58:58.984726+00:00
O002365,2026-03-25,C00166,P036,4,819.77,3279.08,sales.csv,2026-09-29T03:58:58.984726+00:00
O003997,2026-04-12,C00268,P043,7,288.14,2016.98,sales.csv,2026-09-29T03:58:58.984726+00:00
O009264,2026-06-10,C00251,P028,1,633.99,633.99,sales.csv,2026-09-29T03:58:58.984726+00:00
O007608,2026-05-17,C00217,P012,3,88.93,266.79,sales.csv,2026-09-29T03:58:58.984726+00:00
O007599,2026-06-21,C00334,P025,9,194.01,1746.09,sales.csv,2026-09-29T03:58:58.984726+00:00
O003944,2026-02-10,C00428,P013,10,336.90,3369.00,sales.csv,2026-09-29T03:58:58.984726+00:00
O007712,2026-02-25,C00079,P016,6,275.81,1654.86,sales.csv,2026-09-29T03:58:58.984726+00:00
O002198,2026-04-10,C00091,P050,1,164.53,164.53,sales.csv,2026-09-29T03:58:58.984726+00:00
O003157,2026-06-26,C00162,P003,7,132.64,928.48,sales.csv,2026-09-29T03:58:58.984726+00:00
O000720,2026-03-13,C00386,P046,2,757.74,1515.48,sales.csv,2026-09-29T03:58:58.984726+00:00
O006110,2026-04-06,C00143,P011,2,20.51,41.02,sales.csv,2026-09-29T03:58:58.984726+00:00
O005614,2026-01-11,C00169,P031,5,874.93,4374.65,sales.csv,2026-09-29T03:58:58.984726+00:00
O006570,2026-05-01,C00445,P003,2,594.27,1188.54,sales.csv,2026-09-29T03:58:58.984726+00:00
O001045,2026-05-05,C00058,P027,8,61.25,490.00,sales.csv,2026-09-29T03:58:58.984726+00:00
O008673,2026-06-23,C00315,P017,6,764.73,4588.38,sales.csv,2026-09-29T03:58:58.984726+00:00
O003993,2026-01-11,C00267,P007,10,6.29,62.90,sales.csv,2026-09-29T03:58:58.984726+00:00
O009261,2026-03-09,C00058,P022,10,193.19,1931.90,sales.csv,2026-09-29T03:58:58.984726+00:00
O000104,2026-03-13,C00443,P005,5,461.25,2306.25,sales.csv,2026-09-29T03:58:58.984726+00:00
O002442,2026-05-02,C00388,P022,10,563.89,5638.90,sales.csv,2026-09-29T03:58:58.984726+00:00
O005437,2026-04-28,C00150,P012,5,533.90,2669.50,sales.csv,2026-09-29T03:58:58.984726+00:00
O008315,2026-04-02,C00296,P007,3,21.72,65.16,sales.csv,2026-09-29T03:58:58.984726+00:00
O000801,2026-05-18,C00276,P040,3,364.68,1094.04,sales.csv,2026-09-29T03:58:58.984726+00:00
O003389,2026-06-11,C00250,P036,6,109.91,659.46,sales.csv,2026-09-29T03:58:58.984726+00:00
O000868,2026-06-11,C00411,P035,1,502.34,502.34,sales.csv,2026-09-29T03:58:58.984726+00:00
O002034,2026-03-16,C00240,P028,2,627.01,1254.02,sales.csv,2026-09-29T03:58:58.984726+00:00
O005513,2026-02-10,C00078,P038,5,154.38,771.90,sales.csv,2026-09-29T03:58:58.984726+00:00
O009001,2026-01-21,C00219,P006,3,233.54,700.62,sales.csv,2026-09-29T03:58:58.984726+00:00
O008688,2026-03-23,C00475,P025,6,798.11,4788.66,sales.csv,2026-09-29T03:58:58.984726+00:00
O005744,2026-04-18,C00393,P042,7,538.21,3767.47,sales.csv,2026-09-29T03:58:58.984726+00:00
O002211,2026-03-12,C00099,P044,1,909.31,909.31,sales.csv,2026-09-29T03:58:58.984726+00:00
O004058,2026-04-03,C00481,P015,5,533.66,2668.30,sales.csv,2026-09-29T03:58:58.984726+00:00
O005204,2026-05-03,C00274,P049,10,284.04,2840.40,sales.csv,2026-09-29T03:58:58.984726+00:00
O006789,2026-03-10,C00250,P049,7,207.70,1453.90,sales.csv,2026-09-29T03:58:58.984726+00:00
O007643,2026-02-20,C00128,P006,6,841.32,5047.92,sales.csv,2026-09-29T03:58:58.984726+00:00
O005826,2026-01-25,C00116,P009,8,537.05,4296.40,sales.csv,2026-09-29T03:58:58.984726+00:00
O009008,2026-02-26,C00111,P014,6,172.73,1036.38,sales.csv,2026-09-29T03:58:58.984726+00:00
O003781,2026-04-26,C00467,P048,4,896.06,3584.24,sales.csv,2026-09-29T03:58:58.984726+00:00
O000629,2026-05-29,C00369,P027,5,200.76,1003.80,sales.csv,2026-09-29T03:58:58.984726+00:00
O005457,2026-04-20,C00402,P030,6,15.03,90.18,sales.csv,2026-09-29T03:58:58.984726+00:00
O005663,2026-03-18,C00225,P034,5,147.97,739.85,sales.csv,2026-09-29T03:58:58.984726+00:00
O006533,2026-03-15,C00288,P022,4,330.61,1322.44,sales.csv,2026-09-29T03:58:58.984726+00:00
O000470,2026-02-03,C00314,P006,2,406.39,812.78,sales.csv,2026-09-29T03:58:58.984726+00:00
O000229,2026-05-08,C00321,P029,1,267.80,267.80,sales.csv,2026-09-29T03:58:58.984726+00:00
O005716,2026-05-24,C00442,P028,7,768.03,5376.21,sales.csv,2026-09-29T03:58:58.984726+00:00
O004125,2026-04-25,C00466,P028,2,574.25,1148.50,sales.csv,2026-09-29T03:58:58.984726+00:00
O001051,2026-03-30,C00340,P044,7,195.84,1370.88,sales.csv,2026-09-29T03:58:58.984726+00:00
O006086,2026-05-20,C00006,P043,2,741.61,1483.22,sales.csv,2026-09-29T03:58:58.984726+00:00
O000365,2026-06-15,C00418,P010,4,135.74,542.96,sales.csv,2026-09-29T03:58:58.984726+00:00
O002816,2026-03-03,C00335,P015,5,255.05,1275.25,sales.csv,2026-09-29T03:58:58.984726+00:00
O008840,2026-05-24,C00145,P006,5,228.71,1143.55,sales.csv,2026-09-29T03:58:58.984726+00:00
O009497,2026-04-14,C00395,P017,4,591.92,2367.68,sales.csv,2026-09-29T03:58:58.984726+00:00
O007141,2026-04-03,C00355,P019,8,881.49,7051.92,sales.csv,2026-09-29T03:58:58.984726+00:00
O008515,2026-01-16,C00408,P039,3,672.93,2018.79,sales.csv,2026-09-29T03:58:58.984726+00:00
O003470,2026-05-26,C00005,P038,7,147.17,1030.19,sales.csv,2026-09-29T03:58:58.984726+00:00
O001872,2026-05-29,C00304,P018,7,467.74,3274.18,sales.csv,2026-09-29T03:58:58.984726+00:00
O007592,2026-01-21,C00045,P036,2,896.02,1792.04,sales.csv,2026-09-29T03:58:58.984726+00:00
O005563,2026-06-06,C00458,P025,4,282.13,1128.52,sales.csv,2026-09-29T03:58:58.984726+00:00
O005047,2026-05-14,C00315,P001,6,737.22,4423.32,sales.csv,2026-09-29T03:58:58.984726+00:00
O006133,2026-03-02,C00363,P017,6,919.04,5514.24,sales.csv,2026-09-29T03:58:58.984726+00:00
O000357,2026-04-20,C00294,P026,7,380.47,2663.29,sales.csv,2026-09-29T03:58:58.984726+00:00
O003699,2026-06-25,C00199,P027,7,913.80,6396.60,sales.csv,2026-09-29T03:58:58.984726+00:00
O008910,2026-05-20,C00355,P038,5,187.87,939.35,sales.csv,2026-09-29T03:58:58.984726+00:00
O002468,2026-04-08,C00335,P042,9,573.73,5163.57,sales.csv,2026-09-29T03:58:58.984726+00:00
O005611,2026-05-17,C00427,P017,6,682.68,4096.08,sales.csv,2026-09-29T03:58:58.984726+00:00
O001024,2026-03-14,C00059,P007,8,261.37,2090.96,sales.csv,2026-09-29T03:58:58.984726+00:00
O000370,2026-06-12,C00320,P021,6,198.86,1193.16,sales.csv,2026-09-29T03:58:58.984726+00:00
O006263,2026-05-24,C00468,P033,5,864.35,4321.75,sales.csv,2026-09-29T03:58:58.984726+00:00
O005632,2026-06-02,C00481,P003,7,635.32,4447.24,sales.csv,2026-09-29T03:58:58.984726+00:00
O004908,2026-03-05,C00184,P043,10,839.98,8399.80,sales.csv,2026-09-29T03:58:58.984726+00:00
O003999,2026-01-28,C00116,P041,8,205.08,1640.64,sales.csv,2026-09-29T03:58:58.984726+00:00
O006244,2026-04-15,C00201,P014,3,81.20,243.60,sales.csv,2026-09-29T03:58:58.984726+00:00
O003850,2026-01-13,C00368,P006,7,420.96,2946.72,sales.csv,2026-09-29T03:58:58.984726+00:00
O004817,2026-04-16,C00284,P015,2,589.94,1179.88,sales.csv,2026-09-29T03:58:58.984726+00:00
O004114,2026-05-19,C00392,P018,4,883.52,3534.08,sales.csv,2026-09-29T03:58:58.984726+00:00
O007335,2026-06-02,C00380,P040,2,490.10,980.20,sales.csv,2026-09-29T03:58:58.984726+00:00
O006451,2026-02-05,C00159,P035,7,40.95,286.65,sales.csv,2026-09-29T03:58:58.984726+00:00
O000077,2026-01-19,C00005,P030,10,738.92,7389.20,sales.csv,2026-09-29T03:58:58.984726+00:00
O009277,2026-01-22,C00326,P045,9,892.55,8032.95,sales.csv,2026-09-29T03:58:58.984726+00:00
O002095,2026-04-17,C00185,P041,4,199.71,798.84,sales.csv,2026-09-29T03:58:58.984726+00:00
O008970,2026-04-02,C00315,P024,5,120.75,603.75,sales.csv,2026-09-29T03:58:58.984726+00:00
O004411,2026-03-03,C00276,P036,2,445.48,890.96,sales.csv,2026-09-29T03:58:58.984726+00:00
O004060,2026-04-12,C00015,P013,6,513.19,3079.14,sales.csv,2026-09-29T03:58:58.984726+00:00
O003078,2026-03-12,C00186,P018,5,856.94,4284.70,sales.csv,2026-09-29T03:58:58.984726+00:00
O004312,2026-03-27,C00138,P048,1,180.42,180.42,sales.csv,2026-09-29T03:58:58.984726+00:00
O006995,2026-06-23,C00315,P045,2,106.22,212.44,sales.csv,2026-09-29T03:58:58.984726+00:00
O001280,2026-01-03,C00091,P027,8,177.25,1418.00,sales.csv,2026-09-29T03:58:58.984726+00:00
O002484,2026-02-09,C00424,P046,4,961.30,3845.20,sales.csv,2026-09-29T03:58:58.984726+00:00
O007401,2026-06-19,C00330,P011,8,76.56,612.48,sales.csv,2026-09-29T03:58:58.984726+00:00
O003035,2026-02-03,C00139,P047,1,137.39,137.39,sales.csv,2026-09-29T03:58:58.984726+00:00
O000595,2026-01-29,C00017,P043,7,806.99,5648.93,sales.csv,2026-09-29T03:58:58.984726+00:00
O008941,2026-04-17,C00242,P006,5,745.80,3729.00,sales.csv,2026-09-29T03:58:58.984726+00:00
O000248,2026-01-10,C00065,P033,10,436.15,4361.50,sales.csv,2026-09-29T03:58:58.984726+00:00
O000049,2026-02-28,C00302,P015,1,94.05,94.05,sales.csv,2026-09-29T03:58:58.984726+00:00
O004786,2026-06-24,C00203,P041,9,185.30,1667.70,sales.csv,2026-09-29T03:58:58.984726+00:00
O009357,2026-06-26,C00378,P027,8,348.53,2788.24,sales.csv,2026-09-29T03:58:58.984726+00:00
O001952,2026-02-01,C00274,P016,8,510.17,4081.36,sales.csv,2026-09-29T03:58:58.984726+00:00
O001183,2026-03-06,C00193,P015,9,532.94,4796.46,sales.csv,2026-09-29T03:58:58.984726+00:00
O002634,2026-06-01,C00357,P001,9,597.95,5381.55,sales.csv,2026-09-29T03:58:58.984726+00:00
O006287,2026-02-03,C00008,P036,1,696.18,696.18,sales.csv,2026-09-29T03:58:58.984726+00:00
O009071,2026-01-12,C00050,P026,5,650.29,3251.45,sales.csv,2026-09-29T03:58:58.984726+00:00
O008432,2026-01-14,C00237,P039,10,563.55,5635.50,sales.csv,2026-09-29T03:58:58.984726+00:00
O009151,2026-06-05,C00131,P014,8,573.92,4591.36,sales.csv,2026-09-29T03:58:58.984726+00:00
O002402,2026-03-18,C00305,P035,3,725.63,2176.89,sales.csv,2026-09-29T03:58:58.984726+00:00
O008564,2026-05-11,C00041,P018,5,772.00,3860.00,sales.csv,2026-09-29T03:58:58.984726+00:00
O003225,2026-01-20,C00193,P009,1,213.45,213.45,sales.csv,2026-09-29T03:58:58.984726+00:00
O006689,2026-03-07,C00200,P012,2,453.69,907.38,sales.csv,2026-09-29T03:58:58.984726+00:00
O006851,2026-03-05,C00150,P010,2,263.89,527.78,sales.csv,2026-09-29T03:58:58.984726+00:00
O002569,2026-04-01,C00488,P004,7,650.47,4553.29,sales.csv,2026-09-29T03:58:58.984726+00:00
O002264,2026-05-22,C00126,P012,4,29.17,116.68,sales.csv,2026-09-29T03:58:58.984726+00:00
O006157,2026-03-04,C00473,P018,2,377.79,755.58,sales.csv,2026-09-29T03:58:58.984726+00:00
O008497,2026-05-19,C00275,P029,3,718.62,2155.86,sales.csv,2026-09-29T03:58:58.984726+00:00
O006137,2026-04-08,C00425,P037,4,274.90,1099.60,sales.csv,2026-09-29T03:58:58.984726+00:00
O008741,2026-05-21,C00462,P037,2,811.52,1623.04,sales.csv,2026-09-29T03:58:58.984726+00:00
O004771,2026-06-05,C00496,P008,3,522.42,1567.26,sales.csv,2026-09-29T03:58:58.984726+00:00
O002735,2026-02-03,C00174,P019,6,818.19,4909.14,sales.csv,2026-09-29T03:58:58.984726+00:00
O008752,2026-04-11,C00014,P013,8,843.12,6744.96,sales.csv,2026-09-29T03:58:58.984726+00:00
O008020,2026-02-16,C00154,P036,8,313.24,2505.92,sales.csv,2026-09-29T03:58:58.984726+00:00
O000677,2026-05-14,C00087,P044,7,223.16,1562.12,sales.csv,2026-09-29T03:58:58.984726+00:00
O007185,2026-04-28,C00458,P045,5,601.30,3006.50,sales.csv,2026-09-29T03:58:58.984726+00:00
O004943,2026-02-04,C00153,P034,10,328.96,3289.60,sales.csv,2026-09-29T03:58:58.984726+00:00
O006801,2026-05-02,C00042,P011,8,846.23,6769.84,sales.csv,2026-09-29T03:58:58.984726+00:00
O002459,2026-02-13,C00459,P029,2,632.98,1265.96,sales.csv,2026-09-29T03:58:58.984726+00:00
O005885,2026-01-01,C00077,P026,3,45.14,135.42,sales.csv,2026-09-29T03:58:58.984726+00:00
O006777,2026-02-02,C00111,P020,3,657.14,1971.42,sales.csv,2026-09-29T03:58:58.984726+00:00
O005488,2026-05-31,C00498,P040,10,331.06,3310.60,sales.csv,2026-09-29T03:58:58.984726+00:00
O009328,2026-04-06,C00440,P006,9,206.53,1858.77,sales.csv,2026-09-29T03:58:58.984726+00:00
O000694,2026-06-22,C00256,P009,5,318.22,1591.10,sales.csv,2026-09-29T03:58:58.984726+00:00
O004937,2026-06-02,C00276,P049,9,518.58,4667.22,sales.csv,2026-09-29T03:58:58.984726+00:00
O009385,2026-01-09,C00189,P024,9,259.08,2331.72,sales.csv,2026-09-29T03:58:58.984726+00:00
O008875,2026-03-04,C00250,P034,1,692.70,692.70,sales.csv,2026-09-29T03:58:58.984726+00:00
O007531,2026-04-22,C00295,P034,6,25.44,152.64,sales.csv,2026-09-29T03:58:58.984726+00:00
O002167,2026-06-07,C00493,P021,3,36.61,109.83,sales.csv,2026-09-29T03:58:58.984726+00:00
O004400,2026-05-17,C00339,P037,4,589.59,2358.36,sales.csv,2026-09-29T03:58:58.984726+00:00
O007239,2026-01-24,C00414,P042,5,400.86,2004.30,sales.csv,2026-09-29T03:58:58.984726+00:00
O008470,2026-03-27,C00027,P009,7,279.19,1954.33,sales.csv,2026-09-29T03:58:58.984726+00:00
O001318,2026-03-01,C00408,P001,9,490.74,4416.66,sales.csv,2026-09-29T03:58:58.984726+00:00
O000915,2026-06-19,C00145,P020,4,126.71,506.84,sales.csv,2026-09-29T03:58:58.984726+00:00
O006295,2026-06-18,C00074,P020,3,862.96,2588.88,sales.csv,2026-09-29T03:58:58.984726+00:00
O007658,2026-01-16,C00459,P049,9,835.20,7516.80,sales.csv,2026-09-29T03:58:58.984726+00:00
O007991,2026-06-08,C00071,P043,2,73.81,147.62,sales.csv,2026-09-29T03:58:58.984726+00:00
O001690,2026-01-28,C00059,P032,10,807.91,8079.10,sales.csv,2026-09-29T03:58:58.984726+00:00
O005080,2026-06-30,C00461,P022,7,361.59,2531.13,sales.csv,2026-09-29T03:58:58.984726+00:00
O004156,2026-06-03,C00189,P020,2,793.19,1586.38,sales.csv,2026-09-29T03:58:58.984726+00:00
O002960,2026-01-23,C00387,P009,10,397.34,3973.40,sales.csv,2026-09-29T03:58:58.984726+00:00
O006534,2026-01-05,C00003,P045,2,240.14,480.28,sales.csv,2026-09-29T03:58:58.984726+00:00
O006067,2026-05-28,C00115,P008,8,210.59,1684.72,sales.csv,2026-09-29T03:58:58.984726+00:00
O001876,2026-06-10,C00483,P009,1,131.55,131.55,sales.csv,2026-09-29T03:58:58.984726+00:00
O001292,2026-03-15,C00238,P041,3,220.64,661.92,sales.csv,2026-09-29T03:58:58.984726+00:00
O000276,2026-01-25,C00463,P041,1,405.92,405.92,sales.csv,2026-09-29T03:58:58.984726+00:00
O005462,2026-05-29,C00285,P050,5,640.15,3200.75,sales.csv,2026-09-29T03:58:58.984726+00:00
O001375,2026-01-15,C00422,P040,5,694.39,3471.95,sales.csv,2026-09-29T03:58:58.984726+00:00
O002826,2026-04-26,C00414,P011,3,392.58,1177.74,sales.csv,2026-09-29T03:58:58.984726+00:00
O001384,2026-05-10,C00173,P043,3,700.79,2102.37,sales.csv,2026-09-29T03:58:58.984726+00:00
O008710,2026-01-03,C00378,P045,3,764.82,2294.46,sales.csv,2026-09-29T03:58:58.984726+00:00
O006759,2026-01-05,C00346,P021,3,221.46,664.38,sales.csv,2026-09-29T03:58:58.984726+00:00
O002681,2026-06-19,C00189,P017,2,3.85,7.70,sales.csv,2026-09-29T03:58:58.984726+00:00
O004644,2026-05-17,C00163,P044,9,1.85,16.65,sales.csv,2026-09-29T03:58:58.984726+00:00
O007595,2026-03-20,C00241,P029,7,122.90,860.30,sales.csv,2026-09-29T03:58:58.984726+00:00
O009440,2026-03-30,C00344,P043,1,447.07,447.07,sales.csv,2026-09-29T03:58:58.984726+00:00
O009248,2026-06-05,C00062,P016,7,788.52,5519.64,sales.csv,2026-09-29T03:58:58.984726+00:00
O004778,2026-01-09,C00229,P009,6,868.32,5209.92,sales.csv,2026-09-29T03:58:58.984726+00:00
O001428,2026-04-26,C00242,P002,6,274.95,1649.70,sales.csv,2026-09-29T03:58:58.984726+00:00
O000447,2026-06-04,C00368,P028,3,905.08,2715.24,sales.csv,2026-09-29T03:58:58.984726+00:00
O003716,2026-03-16,C00056,P023,3,774.46,2323.38,sales.csv,2026-09-29T03:58:58.984726+00:00
O009466,2026-04-16,C00218,P027,6,522.85,3137.10,sales.csv,2026-09-29T03:58:58.984726+00:00
O006843,2026-04-22,C00253,P039,4,50.41,201.64,sales.csv,2026-09-29T03:58:58.984726+00:00
O005712,2026-01-21,C00141,P022,10,15.88,158.80,sales.csv,2026-09-29T03:58:58.984726+00:00
O007456,2026-02-15,C00360,P007,8,634.67,5077.36,sales.csv,2026-09-29T03:58:58.984726+00:00
O001113,2026-03-23,C00270,P015,3,683.36,2050.08,sales.csv,2026-09-29T03:58:58.984726+00:00
O005415,2026-01-03,C00458,P049,10,584.98,5849.80,sales.csv,2026-09-29T03:58:58.984726+00:00
O008038,2026-02-28,C00245,P027,3,378.46,1135.38,sales.csv,2026-09-29T03:58:58.984726+00:00
O009232,2026-05-07,C00337,P028,6,780.25,4681.50,sales.csv,2026-09-29T03:58:58.984726+00:00
O002005,2026-04-02,C00364,P036,8,600.99,4807.92,sales.csv,2026-09-29T03:58:58.984726+00:00
O004608,2026-06-24,C00164,P027,1,444.64,444.64,sales.csv,2026-09-29T03:58:58.984726+00:00
O003442,2026-06-27,C00066,P010,10,384.16,3841.60,sales.csv,2026-09-29T03:58:58.984726+00:00
O008866,2026-05-04,C00293,P038,1,806.44,806.44,sales.csv,2026-09-29T03:58:58.984726+00:00
O001288,2026-06-23,C00494,P039,4,757.09,3028.36,sales.csv,2026-09-29T03:58:58.984726+00:00
O003580,2026-04-29,C00343,P038,9,678.51,6106.59,sales.csv,2026-09-29T03:58:58.984726+00:00
O003912,2026-06-16,C00330,P049,7,104.16,729.12,sales.csv,2026-09-29T03:58:58.984726+00:00
O004154,2026-03-06,C00269,P027,3,660.49,1981.47,sales.csv,2026-09-29T03:58:58.984726+00:00
O006677,2026-06-19,C00107,P008,6,764.22,4585.32,sales.csv,2026-09-29T03:58:58.984726+00:00
O002505,2026-06-16,C00196,P018,8,482.45,3859.60,sales.csv,2026-09-29T03:58:58.984726+00:00
O002433,2026-01-16,C00384,P012,4,340.93,1363.72,sales.csv,2026-09-29T03:58:58.984726+00:00
O006758,2026-04-21,C00448,P022,6,912.44,5474.64,sales.csv,2026-09-29T03:58:58.984726+00:00
O006115,2026-02-28,C00052,P031,6,305.24,1831.44,sales.csv,2026-09-29T03:58:58.984726+00:00
O009028,2026-02-23,C00417,P009,2,256.21,512.42,sales.csv,2026-09-29T03:58:58.984726+00:00
O007344,2026-06-04,C00400,P047,4,359.01,1436.04,sales.csv,2026-09-29T03:58:58.984726+00:00
O000870,2026-05-25,C00258,P021,7,355.46,2488.22,sales.csv,2026-09-29T03:58:58.984726+00:00
O005877,2026-04-16,C00211,P002,8,422.59,3380.72,sales.csv,2026-09-29T03:58:58.984726+00:00
O002306,2026-04-17,C00108,P029,8,732.96,5863.68,sales.csv,2026-09-29T03:58:58.984726+00:00
O003605,2026-06-12,C00440,P040,4,985.48,3941.92,sales.csv,2026-09-29T03:58:58.984726+00:00
O009450,2026-01-20,C00378,P032,1,51.01,51.01,sales.csv,2026-09-29T03:58:58.984726+00:00
O000117,2026-05-26,C00155,P026,9,1.53,13.77,sales.csv,2026-09-29T03:58:58.984726+00:00
O003462,2026-06-05,C00137,P036,5,120.74,603.70,sales.csv,2026-09-29T03:58:58.984726+00:00
O006518,2026-04-16,C00374,P005,5,752.92,3764.60,sales.csv,2026-09-29T03:58:58.984726+00:00
O006556,2026-04-26,C00351,P033,7,365.09,2555.63,sales.csv,2026-09-29T03:58:58.984726+00:00
O001136,2026-01-02,C00329,P047,10,83.88,838.80,sales.csv,2026-09-29T03:58:58.984726+00:00
O003541,2026-04-01,C00014,P009,8,162.36,1298.88,sales.csv,2026-09-29T03:58:58.984726+00:00
O008619,2026-03-18,C00234,P023,7,247.48,1732.36,sales.csv,2026-09-29T03:58:58.984726+00:00
O002052,2026-01-23,C00065,P009,1,251.08,251.08,sales.csv,2026-09-29T03:58:58.984726+00:00
O003085,2026-01-17,C00226,P012,5,362.94,1814.70,sales.csv,2026-09-29T03:58:58.984726+00:00
O001174,2026-05-25,C00486,P037,3,965.58,2896.74,sales.csv,2026-09-29T03:58:58.984726+00:00
O000188,2026-02-17,C00099,P014,8,363.41,2907.28,sales.csv,2026-09-29T03:58:58.984726+00:00
O008693,2026-03-24,C00460,P042,4,903.20,3612.80,sales.csv,2026-09-29T03:58:58.984726+00:00
O006118,2026-04-13,C00129,P025,2,186.94,373.88,sales.csv,2026-09-29T03:58:58.984726+00:00
O002580,2026-05-12,C00461,P010,7,163.32,1143.24,sales.csv,2026-09-29T03:58:58.984726+00:00
O004261,2026-05-18,C00417,P035,7,22.42,156.94,sales.csv,2026-09-29T03:58:58.984726+00:00
O008519,2026-05-07,C00039,P042,9,557.06,5013.54,sales.csv,2026-09-29T03:58:58.984726+00:00
O008879,2026-05-12,C00121,P018,9,356.62,3209.58,sales.csv,2026-09-29T03:58:58.984726+00:00
O006105,2026-04-24,C00400,P022,10,515.87,5158.70,sales.csv,2026-09-29T03:58:58.984726+00:00
O005561,2026-04-21,C00084,P030,7,320.90,2246.30,sales.csv,2026-09-29T03:58:58.984726+00:00
O005810,2026-02-22,C00277,P025,10,55.07,550.70,sales.csv,2026-09-29T03:58:58.984726+00:00
O001686,2026-02-06,C00251,P042,1,618.63,618.63,sales.csv,2026-09-29T03:58:58.984726+00:00
O000674,2026-05-22,C00048,P039,10,426.23,4262.30,sales.csv,2026-09-29T03:58:58.984726+00:00
O005348,2026-06-19,C00205,P015,10,944.84,9448.40,sales.csv,2026-09-29T03:58:58.984726+00:00
O007282,2026-06-20,C00177,P008,1,687.25,687.25,sales.csv,2026-09-29T03:58:58.984726+00:00
O007987,2026-01-06,C00076,P044,3,958.64,2875.92,sales.csv,2026-09-29T03:58:58.984726+00:00
O001575,2026-05-17,C00237,P026,10,542.90,5429.00,sales.csv,2026-09-29T03:58:58.984726+00:00
O008015,2026-03-29,C00275,P041,6,423.98,2543.88,sales.csv,2026-09-29T03:58:58.984726+00:00
O006154,2026-03-18,C00229,P012,9,539.95,4859.55,sales.csv,2026-09-29T03:58:58.984726+00:00
O005994,2026-02-28,C00024,P010,2,483.73,967.46,sales.csv,2026-09-29T03:58:58.984726+00:00
O005065,2026-04-27,C00149,P046,2,880.44,1760.88,sales.csv,2026-09-29T03:58:58.984726+00:00
O004403,2026-01-06,C00101,P026,5,493.20,2466.00,sales.csv,2026-09-29T03:58:58.984726+00:00
O000404,2026-05-27,C00226,P030,5,501.52,2507.60,sales.csv,2026-09-29T03:58:58.984726+00:00
O006739,2026-02-24,C00033,P009,1,380.47,380.47,sales.csv,2026-09-29T03:58:58.984726+00:00
O001683,2026-01-31,C00109,P042,9,601.79,5416.11,sales.csv,2026-09-29T03:58:58.984726+00:00
O003044,2026-01-15,C00122,P015,2,772.51,1545.02,sales.csv,2026-09-29T03:58:58.984726+00:00
O002582,2026-05-01,C00203,P024,5,478.75,2393.75,sales.csv,2026-09-29T03:58:58.984726+00:00
O004704,2026-05-04,C00018,P034,4,831.23,3324.92,sales.csv,2026-09-29T03:58:58.984726+00:00
O007844,2026-01-20,C00136,P041,3,423.40,1270.20,sales.csv,2026-09-29T03:58:58.984726+00:00
O007380,2026-02-26,C00482,P002,6,477.38,2864.28,sales.csv,2026-09-29T03:58:58.984726+00:00
O003128,2026-06-05,C00316,P007,1,97.66,97.66,sales.csv,2026-09-29T03:58:58.984726+00:00
O008763,2026-01-03,C00401,P002,10,650.43,6504.30,sales.csv,2026-09-29T03:58:58.984726+00:00
O000414,2026-06-16,C00172,P010,3,51.20,153.60,sales.csv,2026-09-29T03:58:58.984726+00:00
O000884,2026-02-21,C00413,P009,6,940.70,5644.20,sales.csv,2026-09-29T03:58:58.984726+00:00
O000910,2026-01-20,C00281,P006,6,779.60,4677.60,sales.csv,2026-09-29T03:58:58.984726+00:00
O008338,2026-02-21,C00043,P011,8,301.84,2414.72,sales.csv,2026-09-29T03:58:58.984726+00:00
O006055,2026-05-22,C00120,P003,6,231.32,1387.92,sales.csv,2026-09-29T03:58:58.984726+00:00
O006321,2026-02-09,C00302,P048,10,963.08,9630.80,sales.csv,2026-09-29T03:58:58.984726+00:00
O002935,2026-03-29,C00428,P040,2,569.14,1138.28,sales.csv,2026-09-29T03:58:58.984726+00:00
O001656,2026-04-20,C00355,P043,6,338.29,2029.74,sales.csv,2026-09-29T03:58:58.984726+00:00
O009205,2026-05-15,C00487,P026,2,504.93,1009.86,sales.csv,2026-09-29T03:58:58.984726+00:00
O005701,2026-06-19,C00460,P043,2,181.43,362.86,sales.csv,2026-09-29T03:58:58.984726+00:00
O008502,2026-04-17,C00361,P027,6,660.64,3963.84,sales.csv,2026-09-29T03:58:58.984726+00:00
O006603,2026-01-28,C00293,P027,3,321.72,965.16,sales.csv,2026-09-29T03:58:58.984726+00:00
O005025,2026-04-08,C00059,P003,1,666.74,666.74,sales.csv,2026-09-29T03:58:58.984726+00:00
O000908,2026-03-23,C00134,P007,2,449.01,898.02,sales.csv,2026-09-29T03:58:58.984726+00:00
O004131,2026-02-10,C00048,P040,9,66.62,599.58,sales.csv,2026-09-29T03:58:58.984726+00:00
O002050,2026-06-04,C00372,P032,5,811.67,4058.35,sales.csv,2026-09-29T03:58:58.984726+00:00
O001705,2026-05-08,C00314,P006,5,456.93,2284.65,sales.csv,2026-09-29T03:58:58.984726+00:00
O000477,2026-02-09,C00156,P011,3,423.91,1271.73,sales.csv,2026-09-29T03:58:58.984726+00:00
O005059,2026-02-03,C00221,P045,6,596.79,3580.74,sales.csv,2026-09-29T03:58:58.984726+00:00
O008975,2026-05-06,C00418,P016,5,549.49,2747.45,sales.csv,2026-09-29T03:58:58.984726+00:00
O009438,2026-02-05,C00026,P016,6,109.55,657.30,sales.csv,2026-09-29T03:58:58.984726+00:00
O002856,2026-04-22,C00163,P021,4,259.37,1037.48,sales.csv,2026-09-29T03:58:58.984726+00:00
O002926,2026-01-29,C00139,P044,9,955.48,8599.32,sales.csv,2026-09-29T03:58:58.984726+00:00
O002549,2026-02-02,C00133,P001,9,935.83,8422.47,sales.csv,2026-09-29T03:58:58.984726+00:00
O003093,2026-03-02,C00180,P007,2,665.45,1330.90,sales.csv,2026-09-29T03:58:58.984726+00:00
O003737,2026-04-22,C00379,P033,9,234.68,2112.12,sales.csv,2026-09-29T03:58:58.984726+00:00
O006269,2026-06-15,C00271,P038,1,135.94,135.94,sales.csv,2026-09-29T03:58:58.984726+00:00
O002803,2026-03-27,C00088,P037,7,317.97,2225.79,sales.csv,2026-09-29T03:58:58.984726+00:00
O008142,2026-05-01,C00361,P031,8,318.13,2545.04,sales.csv,2026-09-29T03:58:58.984726+00:00
O006991,2026-05-17,C00394,P005,5,435.50,2177.50,sales.csv,2026-09-29T03:58:58.984726+00:00
O001968,2026-02-04,C00134,P012,10,430.36,4303.60,sales.csv,2026-09-29T03:58:58.984726+00:00
O009143,2026-01-12,C00383,P014,5,297.59,1487.95,sales.csv,2026-09-29T03:58:58.984726+00:00
O003800,2026-04-21,C00093,P029,1,910.59,910.59,sales.csv,2026-09-29T03:58:58.984726+00:00
O008740,2026-01-22,C00006,P042,4,906.42,3625.68,sales.csv,2026-09-29T03:58:58.984726+00:00
O003750,2026-03-13,C00432,P013,8,333.16,2665.28,sales.csv,2026-09-29T03:58:58.984726+00:00
O004086,2026-04-11,C00248,P046,5,745.73,3728.65,sales.csv,2026-09-29T03:58:58.984726+00:00
O003385,2026-03-29,C00175,P021,6,583.46,3500.76,sales.csv,2026-09-29T03:58:58.984726+00:00
O005925,2026-02-07,C00065,P016,6,357.35,2144.10,sales.csv,2026-09-29T03:58:58.984726+00:00
O005939,2026-01-17,C00271,P034,5,769.98,3849.90,sales.csv,2026-09-29T03:58:58.984726+00:00
O003404,2026-02-10,C00474,P012,7,379.02,2653.14,sales.csv,2026-09-29T03:58:58.984726+00:00
O004755,2026-02-18,C00089,P003,1,348.74,348.74,sales.csv,2026-09-29T03:58:58.984726+00:00
O008297,2026-02-27,C00401,P037,2,935.56,1871.12,sales.csv,2026-09-29T03:58:58.984726+00:00
O000548,2026-06-16,C00103,P049,5,421.96,2109.80,sales.csv,2026-09-29T03:58:58.984726+00:00
O005605,2026-01-08,C00136,P019,6,13.94,83.64,sales.csv,2026-09-29T03:58:58.984726+00:00
O008397,2026-05-21,C00115,P002,5,995.30,4976.50,sales.csv,2026-09-29T03:58:58.984726+00:00
O005990,2026-05-18,C00444,P015,10,180.50,1805.00,sales.csv,2026-09-29T03:58:58.984726+00:00
O007265,2026-02-28,C00469,P048,8,186.96,1495.68,sales.csv,2026-09-29T03:58:58.984726+00:00
O004427,2026-03-16,C00134,P011,2,716.35,1432.70,sales.csv,2026-09-29T03:58:58.984726+00:00
O004533,2026-06-03,C00382,P047,8,118.51,948.08,sales.csv,2026-09-29T03:58:58.984726+00:00
O008825,2026-06-28,C00244,P045,6,571.32,3427.92,sales.csv,2026-09-29T03:58:58.984726+00:00
O001823,2026-06-12,C00467,P023,1,380.92,380.92,sales.csv,2026-09-29T03:58:58.984726+00:00
O008692,2026-05-26,C00190,P024,1,450.05,450.05,sales.csv,2026-09-29T03:58:58.984726+00:00
O001632,2026-06-19,C00226,P047,3,277.37,832.11,sales.csv,2026-09-29T03:58:58.984726+00:00
O004956,2026-04-12,C00324,P022,10,798.23,7982.30,sales.csv,2026-09-29T03:58:58.984726+00:00
O008042,2026-06-02,C00390,P006,5,826.13,4130.65,sales.csv,2026-09-29T03:58:58.984726+00:00
O005546,2026-06-07,C00229,P010,7,771.87,5403.09,sales.csv,2026-09-29T03:58:58.984726+00:00
O001481,2026-02-16,C00399,P038,9,178.34,1605.06,sales.csv,2026-09-29T03:58:58.984726+00:00
O005448,2026-02-11,C00083,P036,10,368.43,3684.30,sales.csv,2026-09-29T03:58:58.984726+00:00
O000445,2026-05-20,C00151,P021,2,105.94,211.88,sales.csv,2026-09-29T03:58:58.984726+00:00
O003522,2026-06-12,C00035,P048,2,741.95,1483.90,sales.csv,2026-09-29T03:58:58.984726+00:00
O008565,2026-06-06,C00018,P033,1,278.13,278.13,sales.csv,2026-09-29T03:58:58.984726+00:00
O006590,2026-06-07,C00129,P018,3,853.85,2561.55,sales.csv,2026-09-29T03:58:58.984726+00:00
O007935,2026-05-28,C00108,P019,9,443.83,3994.47,sales.csv,2026-09-29T03:58:58.984726+00:00
O002047,2026-01-28,C00223,P035,1,8.66,8.66,sales.csv,2026-09-29T03:58:58.984726+00:00
O002469,2026-03-01,C00115,P017,2,382.38,764.76,sales.csv,2026-09-29T03:58:58.984726+00:00
O009159,2026-05-01,C00371,P032,5,9.35,46.75,sales.csv,2026-09-29T03:58:58.984726+00:00
O008761,2026-02-25,C00354,P030,1,39.37,39.37,sales.csv,2026-09-29T03:58:58.984726+00:00
O008368,2026-01-08,C00052,P022,2,642.99,1285.98,sales.csv,2026-09-29T03:58:58.984726+00:00
O002392,2026-02-19,C00027,P041,3,268.67,806.01,sales.csv,2026-09-29T03:58:58.984726+00:00
O003062,2026-01-09,C00139,P018,10,504.54,5045.40,sales.csv,2026-09-29T03:58:58.984726+00:00
O006679,2026-06-30,C00343,P010,8,307.08,2456.64,sales.csv,2026-09-29T03:58:58.984726+00:00
O004134,2026-02-17,C00118,P027,5,219.40,1097.00,sales.csv,2026-09-29T03:58:58.984726+00:00
O007824,2026-04-05,C00451,P044,6,922.73,5536.38,sales.csv,2026-09-29T03:58:58.984726+00:00
O001896,2026-03-31,C00415,P048,10,36.25,362.50,sales.csv,2026-09-29T03:58:58.984726+00:00
O005550,2026-01-15,C00113,P028,7,538.16,3767.12,sales.csv,2026-09-29T03:58:58.984726+00:00
O006582,2026-04-10,C00313,P018,9,18.27,164.43,sales.csv,2026-09-29T03:58:58.984726+00:00
O006046,2026-05-15,C00133,P010,3,626.02,1878.06,sales.csv,2026-09-29T03:58:58.984726+00:00
O009037,2026-04-10,C00304,P024,2,563.72,1127.44,sales.csv,2026-09-29T03:58:58.984726+00:00
O001658,2026-04-08,C00199,P022,1,339.47,339.47,sales.csv,2026-09-29T03:58:58.984726+00:00
O002009,2026-06-19,C00300,P014,10,6.40,64.00,sales.csv,2026-09-29T03:58:58.984726+00:00
O000396,2026-01-26,C00260,P050,9,969.15,8722.35,sales.csv,2026-09-29T03:58:58.984726+00:00
O003151,2026-04-27,C00152,P008,2,583.49,1166.98,sales.csv,2026-09-29T03:58:58.984726+00:00
O006598,2026-06-18,C00159,P005,9,558.52,5026.68,sales.csv,2026-09-29T03:58:58.984726+00:00
O008108,2026-01-28,C00023,P006,5,989.68,4948.40,sales.csv,2026-09-29T03:58:58.984726+00:00
O006591,2026-01-12,C00411,P015,2,464.69,929.38,sales.csv,2026-09-29T03:58:58.984726+00:00
O000697,2026-04-13,C00274,P033,7,713.56,4994.92,sales.csv,2026-09-29T03:58:58.984726+00:00
O003941,2026-05-11,C00461,P011,7,279.89,1959.23,sales.csv,2026-09-29T03:58:58.984726+00:00
O005022,2026-02-01,C00023,P008,1,243.63,243.63,sales.csv,2026-09-29T03:58:58.984726+00:00
O005832,2026-01-29,C00164,P035,10,120.16,1201.60,sales.csv,2026-09-29T03:58:58.984726+00:00
O007709,2026-02-12,C00189,P050,9,870.72,7836.48,sales.csv,2026-09-29T03:58:58.984726+00:00
O002350,2026-03-13,C00431,P011,3,24.67,74.01,sales.csv,2026-09-29T03:58:58.984726+00:00
O000337,2026-03-31,C00004,P012,3,743.28,2229.84,sales.csv,2026-09-29T03:58:58.984726+00:00
O004159,2026-01-05,C00111,P028,3,590.74,1772.22,sales.csv,2026-09-29T03:58:58.984726+00:00
O005666,2026-03-08,C00149,P039,4,49.03,196.12,sales.csv,2026-09-29T03:58:58.984726+00:00
O001791,2026-02-05,C00348,P036,2,404.80,809.60,sales.csv,2026-09-29T03:58:58.984726+00:00
O005399,2026-03-16,C00470,P034,10,734.46,7344.60,sales.csv,2026-09-29T03:58:58.984726+00:00
O001545,2026-06-23,C00068,P014,1,603.10,603.10,sales.csv,2026-09-29T03:58:58.984726+00:00
O009332,2026-02-17,C00446,P024,6,848.40,5090.40,sales.csv,2026-09-29T03:58:58.984726+00:00
O004942,2026-06-02,C00336,P042,10,395.70,3957.00,sales.csv,2026-09-29T03:58:58.984726+00:00
O002862,2026-03-14,C00068,P026,1,700.22,700.22,sales.csv,2026-09-29T03:58:58.984726+00:00
O005331,2026-02-21,C00167,P029,5,172.73,863.65,sales.csv,2026-09-29T03:58:58.984726+00:00
O001471,2026-04-08,C00369,P021,7,802.51,5617.57,sales.csv,2026-09-29T03:58:58.984726+00:00
O004271,2026-02-11,C00464,P028,4,956.72,3826.88,sales.csv,2026-09-29T03:58:58.984726+00:00
O001180,2026-05-14,C00325,P018,5,759.42,3797.10,sales.csv,2026-09-29T03:58:58.984726+00:00
O003677,2026-06-29,C00127,P035,10,169.77,1697.70,sales.csv,2026-09-29T03:58:58.984726+00:00
O001548,2026-03-27,C00240,P003,2,683.33,1366.66,sales.csv,2026-09-29T03:58:58.984726+00:00
O004064,2026-03-15,C00255,P050,2,568.20,1136.40,sales.csv,2026-09-29T03:58:58.984726+00:00
O004306,2026-02-01,C00094,P037,4,764.13,3056.52,sales.csv,2026-09-29T03:58:58.984726+00:00
O004082,2026-03-24,C00105,P030,10,682.72,6827.20,sales.csv,2026-09-29T03:58:58.984726+00:00
O004906,2026-06-09,C00427,P005,2,394.08,788.16,sales.csv,2026-09-29T03:58:58.984726+00:00
O004319,2026-02-02,C00087,P048,9,313.72,2823.48,sales.csv,2026-09-29T03:58:58.984726+00:00
O000565,2026-06-17,C00185,P045,4,82.42,329.68,sales.csv,2026-09-29T03:58:58.984726+00:00
O007790,2026-05-18,C00248,P009,3,462.89,1388.67,sales.csv,2026-09-29T03:58:58.984726+00:00
O007252,2026-03-03,C00079,P002,8,620.65,4965.20,sales.csv,2026-09-29T03:58:58.984726+00:00
O002159,2026-03-04,C00425,P046,10,583.26,5832.60,sales.csv,2026-09-29T03:58:58.984726+00:00
O001676,2026-06-28,C00200,P007,6,638.66,3831.96,sales.csv,2026-09-29T03:58:58.984726+00:00
O002016,2026-06-10,C00490,P018,10,863.46,8634.60,sales.csv,2026-09-29T03:58:58.984726+00:00
O003260,2026-02-06,C00431,P028,9,579.87,5218.83,sales.csv,2026-09-29T03:58:58.984726+00:00
O000184,2026-05-02,C00284,P034,6,558.71,3352.26,sales.csv,2026-09-29T03:58:58.984726+00:00
O002902,2026-04-21,C00056,P044,1,848.17,848.17,sales.csv,2026-09-29T03:58:58.984726+00:00
O004188,2026-02-12,C00474,P044,8,150.73,1205.84,sales.csv,2026-09-29T03:58:58.984726+00:00
O000488,2026-03-04,C00413,P044,7,390.85,2735.95,sales.csv,2026-09-29T03:58:58.984726+00:00
O002222,2026-02-20,C00085,P022,5,83.37,416.85,sales.csv,2026-09-29T03:58:58.984726+00:00
O008229,2026-01-28,C00013,P004,8,615.11,4920.88,sales.csv,2026-09-29T03:58:58.984726+00:00
O001373,2026-04-30,C00411,P041,1,474.07,474.07,sales.csv,2026-09-29T03:58:58.984726+00:00
O003559,2026-06-02,C00411,P014,5,488.19,2440.95,sales.csv,2026-09-29T03:58:58.984726+00:00
O005923,2026-01-04,C00019,P027,2,669.80,1339.60,sales.csv,2026-09-29T03:58:58.984726+00:00
O001072,2026-04-11,C00111,P030,4,940.50,3762.00,sales.csv,2026-09-29T03:58:58.984726+00:00
O002559,2026-02-12,C00295,P004,2,975.40,1950.80,sales.csv,2026-09-29T03:58:58.984726+00:00
O000577,2026-06-24,C00106,P046,10,641.71,6417.10,sales.csv,2026-09-29T03:58:58.984726+00:00
O003418,2026-03-04,C00351,P039,8,318.04,2544.32,sales.csv,2026-09-29T03:58:58.984726+00:00
O002330,2026-04-13,C00310,P016,9,432.08,3888.72,sales.csv,2026-09-29T03:58:58.984726+00:00
O005039,2026-04-23,C00428,P005,6,26.61,159.66,sales.csv,2026-09-29T03:58:58.984726+00:00
O001320,2026-03-05,C00084,P046,7,496.92,3478.44,sales.csv,2026-09-29T03:58:58.984726+00:00
O002734,2026-06-05,C00334,P034,6,587.52,3525.12,sales.csv,2026-09-29T03:58:58.984726+00:00
O002029,2026-01-24,C00388,P028,6,805.60,4833.60,sales.csv,2026-09-29T03:58:58.984726+00:00
O005779,2026-03-31,C00136,P011,1,344.36,344.36,sales.csv,2026-09-29T03:58:58.984726+00:00
O003073,2026-04-29,C00218,P037,10,681.14,6811.40,sales.csv,2026-09-29T03:58:58.984726+00:00
O003950,2026-05-26,C00377,P048,5,905.06,4525.30,sales.csv,2026-09-29T03:58:58.984726+00:00
O007134,2026-03-15,C00399,P018,1,23.89,23.89,sales.csv,2026-09-29T03:58:58.984726+00:00
O004983,2026-01-20,C00058,P009,4,203.06,812.24,sales.csv,2026-09-29T03:58:58.984726+00:00
O005536,2026-03-22,C00267,P021,7,836.98,5858.86,sales.csv,2026-09-29T03:58:58.984726+00:00
O008906,2026-05-14,C00119,P030,3,288.19,864.57,sales.csv,2026-09-29T03:58:58.984726+00:00
O005794,2026-06-15,C00345,P014,3,550.47,1651.41,sales.csv,2026-09-29T03:58:58.984726+00:00
O000567,2026-04-14,C00352,P033,5,905.77,4528.85,sales.csv,2026-09-29T03:58:58.984726+00:00
O002792,2026-04-16,C00054,P032,10,714.99,7149.90,sales.csv,2026-09-29T03:58:58.984726+00:00
O004452,2026-06-15,C00033,P026,5,318.49,1592.45,sales.csv,2026-09-29T03:58:58.984726+00:00
O005692,2026-04-15,C00340,P034,5,377.81,1889.05,sales.csv,2026-09-29T03:58:58.984726+00:00
O006858,2026-06-29,C00453,P006,8,153.05,1224.40,sales.csv,2026-09-29T03:58:58.984726+00:00
O002623,2026-02-02,C00099,P027,9,933.71,8403.39,sales.csv,2026-09-29T03:58:58.984726+00:00
O007283,2026-04-04,C00254,P015,9,253.23,2279.07,sales.csv,2026-09-29T03:58:58.984726+00:00
O009204,2026-05-30,C00310,P001,2,4.32,8.64,sales.csv,2026-09-29T03:58:58.984726+00:00
O007687,2026-05-24,C00252,P034,9,670.05,6030.45,sales.csv,2026-09-29T03:58:58.984726+00:00
O004623,2026-06-01,C00274,P050,5,309.30,1546.50,sales.csv,2026-09-29T03:58:58.984726+00:00
O003399,2026-04-15,C00181,P049,4,549.11,2196.44,sales.csv,2026-09-29T03:58:58.984726+00:00
O001176,2026-05-05,C00119,P005,5,485.22,2426.10,sales.csv,2026-09-29T03:58:58.984726+00:00
O002318,2026-01-27,C00346,P036,3,43.02,129.06,sales.csv,2026-09-29T03:58:58.984726+00:00
O001056,2026-01-13,C00260,P015,9,844.20,7597.80,sales.csv,2026-09-29T03:58:58.984726+00:00
O009500,2026-01-16,C00057,P012,6,923.43,5540.58,sales.csv,2026-09-29T03:58:58.984726+00:00
O004673,2026-03-27,C00298,P016,5,50.40,252.00,sales.csv,2026-09-29T03:58:58.984726+00:00
O002806,2026-02-02,C00481,P041,7,955.35,6687.45,sales.csv,2026-09-29T03:58:58.984726+00:00
O000735,2026-05-05,C00070,P013,7,737.07,5159.49,sales.csv,2026-09-29T03:58:58.984726+00:00
O006223,2026-05-24,C00198,P002,5,310.57,1552.85,sales.csv,2026-09-29T03:58:58.984726+00:00
O008917,2026-06-15,C00250,P036,1,354.08,354.08,sales.csv,2026-09-29T03:58:58.984726+00:00
O004590,2026-06-21,C00163,P009,8,650.78,5206.24,sales.csv,2026-09-29T03:58:58.984726+00:00
O009051,2026-04-02,C00016,P023,3,117.72,353.16,sales.csv,2026-09-29T03:58:58.984726+00:00
O000008,2026-02-10,C00358,P028,6,365.21,2191.26,sales.csv,2026-09-29T03:58:58.984726+00:00
O003586,2026-05-04,C00248,P023,4,825.06,3300.24,sales.csv,2026-09-29T03:58:58.984726+00:00
O007451,2026-04-13,C00267,P043,6,815.95,4895.70,sales.csv,2026-09-29T03:58:58.984726+00:00
O008048,2026-01-17,C00268,P018,3,801.03,2403.09,sales.csv,2026-09-29T03:58:58.984726+00:00
O004236,2026-02-19,C00177,P005,1,42.12,42.12,sales.csv,2026-09-29T03:58:58.984726+00:00
O005446,2026-01-10,C00155,P014,6,77.60,465.60,sales.csv,2026-09-29T03:58:58.984726+00:00
O009004,2026-03-22,C00180,P036,7,931.82,6522.74,sales.csv,2026-09-29T03:58:58.984726+00:00
O006717,2026-03-12,C00151,P002,10,216.22,2162.20,sales.csv,2026-09-29T03:58:58.984726+00:00
O000494,2026-03-03,C00239,P008,5,590.29,2951.45,sales.csv,2026-09-29T03:58:58.984726+00:00
O009104,2026-02-08,C00050,P008,7,696.86,4878.02,sales.csv,2026-09-29T03:58:58.984726+00:00
O000433,2026-03-28,C00417,P042,3,898.42,2695.26,sales.csv,2026-09-29T03:58:58.984726+00:00
O005051,2026-04-10,C00311,P030,1,693.00,693.00,sales.csv,2026-09-29T03:58:58.984726+00:00
O004619,2026-03-09,C00208,P037,3,961.08,2883.24,sales.csv,2026-09-29T03:58:58.984726+00:00
O004791,2026-04-08,C00430,P005,1,282.30,282.30,sales.csv,2026-09-29T03:58:58.984726+00:00
O009304,2026-06-10,C00018,P030,6,572.09,3432.54,sales.csv,2026-09-29T03:58:58.984726+00:00
O005560,2026-01-16,C00231,P026,9,915.23,8237.07,sales.csv,2026-09-29T03:58:58.984726+00:00
O002088,2026-01-27,C00086,P041,2,270.20,540.40,sales.csv,2026-09-29T03:58:58.984726+00:00
O004067,2026-01-11,C00190,P018,7,369.09,2583.63,sales.csv,2026-09-29T03:58:58.984726+00:00
O003256,2026-01-31,C00124,P036,7,495.54,3468.78,sales.csv,2026-09-29T03:58:58.984726+00:00
O005114,2026-03-11,C00280,P028,1,977.92,977.92,sales.csv,2026-09-29T03:58:58.984726+00:00
O006444,2026-05-24,C00062,P046,9,781.19,7030.71,sales.csv,2026-09-29T03:58:58.984726+00:00
O001713,2026-03-06,C00172,P040,8,57.77,462.16,sales.csv,2026-09-29T03:58:58.984726+00:00
O001328,2026-05-17,C00012,P012,2,370.77,741.54,sales.csv,2026-09-29T03:58:58.984726+00:00
O007188,2026-06-22,C00400,P048,4,11.96,47.84,sales.csv,2026-09-29T03:58:58.984726+00:00
O002685,2026-01-24,C00166,P009,3,505.65,1516.95,sales.csv,2026-09-29T03:58:58.984726+00:00
O003508,2026-04-16,C00423,P010,3,774.07,2322.21,sales.csv,2026-09-29T03:58:58.984726+00:00
O006943,2026-06-19,C00287,P005,5,771.37,3856.85,sales.csv,2026-09-29T03:58:58.984726+00:00
O006233,2026-05-12,C00232,P033,9,565.79,5092.11,sales.csv,2026-09-29T03:58:58.984726+00:00
O005617,2026-03-30,C00213,P016,1,196.79,196.79,sales.csv,2026-09-29T03:58:58.984726+00:00
O004609,2026-02-28,C00294,P049,8,969.34,7754.72,sales.csv,2026-09-29T03:58:58.984726+00:00
O002243,2026-01-12,C00031,P009,5,767.14,3835.70,sales.csv,2026-09-29T03:58:58.984726+00:00
O005089,2026-05-04,C00034,P004,6,738.22,4429.32,sales.csv,2026-09-29T03:58:58.984726+00:00
O005199,2026-04-06,C00171,P036,9,107.89,971.01,sales.csv,2026-09-29T03:58:58.984726+00:00
O004825,2026-02-28,C00171,P006,1,378.12,378.12,sales.csv,2026-09-29T03:58:58.984726+00:00
O003935,2026-02-05,C00257,P021,6,508.93,3053.58,sales.csv,2026-09-29T03:58:58.984726+00:00
O006979,2026-02-27,C00251,P039,8,112.08,896.64,sales.csv,2026-09-29T03:58:58.984726+00:00
O001293,2026-06-13,C00414,P022,7,828.42,5798.94,sales.csv,2026-09-29T03:58:58.984726+00:00
O007968,2026-04-24,C00211,P049,5,174.03,870.15,sales.csv,2026-09-29T03:58:58.984726+00:00
O001392,2026-02-04,C00456,P020,1,394.65,394.65,sales.csv,2026-09-29T03:58:58.984726+00:00
O007457,2026-06-12,C00398,P013,6,854.08,5124.48,sales.csv,2026-09-29T03:58:58.984726+00:00
O002660,2026-05-15,C00071,P047,1,791.74,791.74,sales.csv,2026-09-29T03:58:58.984726+00:00
O009209,2026-06-19,C00473,P002,7,596.31,4174.17,sales.csv,2026-09-29T03:58:58.984726+00:00
O000675,2026-04-09,C00007,P019,7,509.29,3565.03,sales.csv,2026-09-29T03:58:58.984726+00:00
O000421,2026-06-13,C00407,P040,8,83.32,666.56,sales.csv,2026-09-29T03:58:58.984726+00:00
O005245,2026-02-12,C00233,P013,3,222.43,667.29,sales.csv,2026-09-29T03:58:58.984726+00:00
O006928,2026-06-20,C00075,P007,4,866.93,3467.72,sales.csv,2026-09-29T03:58:58.984726+00:00
O004855,2026-05-27,C00137,P016,4,229.32,917.28,sales.csv,2026-09-29T03:58:58.984726+00:00
O009148,2026-01-24,C00429,P031,9,529.83,4768.47,sales.csv,2026-09-29T03:58:58.984726+00:00
O003752,2026-06-28,C00393,P029,3,869.95,2609.85,sales.csv,2026-09-29T03:58:58.984726+00:00
O007910,2026-03-19,C00038,P009,5,916.73,4583.65,sales.csv,2026-09-29T03:58:58.984726+00:00
O004513,2026-02-14,C00394,P014,5,447.34,2236.70,sales.csv,2026-09-29T03:58:58.984726+00:00
O006099,2026-03-04,C00099,P011,5,323.81,1619.05,sales.csv,2026-09-29T03:58:58.984726+00:00
O006700,2026-02-02,C00303,P047,3,703.56,2110.68,sales.csv,2026-09-29T03:58:58.984726+00:00
O002712,2026-05-14,C00194,P009,4,525.81,2103.24,sales.csv,2026-09-29T03:58:58.984726+00:00
O008396,2026-01-28,C00349,P013,8,777.48,6219.84,sales.csv,2026-09-29T03:58:58.984726+00:00
O000623,2026-03-14,C00195,P030,9,851.29,7661.61,sales.csv,2026-09-29T03:58:58.984726+00:00
O008714,2026-01-10,C00186,P046,3,464.44,1393.32,sales.csv,2026-09-29T03:58:58.984726+00:00
O001268,2026-01-09,C00258,P023,7,900.59,6304.13,sales.csv,2026-09-29T03:58:58.984726+00:00
O007742,2026-06-27,C00026,P006,9,45.02,405.18,sales.csv,2026-09-29T03:58:58.984726+00:00
O009059,2026-03-13,C00290,P023,1,530.45,530.45,sales.csv,2026-09-29T03:58:58.984726+00:00
O002889,2026-06-08,C00263,P013,7,247.35,1731.45,sales.csv,2026-09-29T03:58:58.984726+00:00
O006545,2026-02-21,C00358,P047,5,755.36,3776.80,sales.csv,2026-09-29T03:58:58.984726+00:00
O006140,2026-06-08,C00483,P004,3,447.02,1341.06,sales.csv,2026-09-29T03:58:58.984726+00:00
O004589,2026-02-26,C00385,P028,4,673.78,2695.12,sales.csv,2026-09-29T03:58:58.984726+00:00
O002065,2026-05-05,C00119,P046,1,693.46,693.46,sales.csv,2026-09-29T03:58:58.984726+00:00
O007043,2026-06-18,C00191,P001,3,194.12,582.36,sales.csv,2026-09-29T03:58:58.984726+00:00
O009361,2026-05-31,C00114,P022,1,222.19,222.19,sales.csv,2026-09-29T03:58:58.984726+00:00
O003981,2026-04-06,C00338,P024,9,709.79,6388.11,sales.csv,2026-09-29T03:58:58.984726+00:00
O003759,2026-05-08,C00103,P009,9,47.78,430.02,sales.csv,2026-09-29T03:58:58.984726+00:00
O008946,2026-05-01,C00196,P011,3,136.21,408.63,sales.csv,2026-09-29T03:58:58.984726+00:00
O006337,2026-03-24,C00078,P041,9,617.13,5554.17,sales.csv,2026-09-29T03:58:58.984726+00:00
O002970,2026-05-07,C00070,P015,3,395.38,1186.14,sales.csv,2026-09-29T03:58:58.984726+00:00
O005586,2026-05-28,C00425,P007,3,425.24,1275.72,sales.csv,2026-09-29T03:58:58.984726+00:00
O007328,2026-01-14,C00375,P033,8,300.61,2404.88,sales.csv,2026-09-29T03:58:58.984726+00:00
O009461,2026-01-28,C00206,P036,10,598.39,5983.90,sales.csv,2026-09-29T03:58:58.984726+00:00
O003664,2026-04-12,C00069,P025,2,966.06,1932.12,sales.csv,2026-09-29T03:58:58.984726+00:00
O006742,2026-01-25,C00264,P013,1,916.36,916.36,sales.csv,2026-09-29T03:58:58.984726+00:00
O008480,2026-06-23,C00012,P026,2,601.19,1202.38,sales.csv,2026-09-29T03:58:58.984726+00:00
O002711,2026-02-28,C00217,P011,5,121.50,607.50,sales.csv,2026-09-29T03:58:58.984726+00:00
O004840,2026-01-18,C00408,P008,1,586.80,586.80,sales.csv,2026-09-29T03:58:58.984726+00:00
O005980,2026-04-01,C00434,P030,5,523.20,2616.00,sales.csv,2026-09-29T03:58:58.984726+00:00
O006257,2026-06-25,C00328,P039,1,149.05,149.05,sales.csv,2026-09-29T03:58:58.984726+00:00
O003713,2026-04-23,C00362,P050,3,665.96,1997.88,sales.csv,2026-09-29T03:58:58.984726+00:00
O006332,2026-01-13,C00335,P043,8,523.84,4190.72,sales.csv,2026-09-29T03:58:58.984726+00:00
O008467,2026-04-09,C00152,P019,7,731.67,5121.69,sales.csv,2026-09-29T03:58:58.984726+00:00
O002001,2026-06-18,C00326,P029,1,248.62,248.62,sales.csv,2026-09-29T03:58:58.984726+00:00
O009056,2026-05-19,C00360,P005,10,655.78,6557.80,sales.csv,2026-09-29T03:58:58.984726+00:00
O002265,2026-02-15,C00432,P017,2,28.51,57.02,sales.csv,2026-09-29T03:58:58.984726+00:00
O006563,2026-06-24,C00030,P023,2,544.58,1089.16,sales.csv,2026-09-29T03:58:58.984726+00:00
O001291,2026-04-25,C00456,P006,7,805.34,5637.38,sales.csv,2026-09-29T03:58:58.984726+00:00
O002756,2026-04-21,C00103,P026,6,85.50,513.00,sales.csv,2026-09-29T03:58:58.984726+00:00
O001970,2026-02-16,C00202,P025,10,295.23,2952.30,sales.csv,2026-09-29T03:58:58.984726+00:00
O003060,2026-02-06,C00019,P016,8,852.84,6822.72,sales.csv,2026-09-29T03:58:58.984726+00:00
O003321,2026-05-15,C00102,P037,3,171.25,513.75,sales.csv,2026-09-29T03:58:58.984726+00:00
O002635,2026-05-09,C00363,P047,9,340.25,3062.25,sales.csv,2026-09-29T03:58:58.984726+00:00
O001919,2026-04-27,C00344,P049,9,237.71,2139.39,sales.csv,2026-09-29T03:58:58.984726+00:00
O005188,2026-05-14,C00096,P005,5,606.47,3032.35,sales.csv,2026-09-29T03:58:58.984726+00:00
O004969,2026-06-02,C00452,P023,8,18.85,150.80,sales.csv,2026-09-29T03:58:58.984726+00:00
O006441,2026-03-15,C00383,P036,10,369.98,3699.80,sales.csv,2026-09-29T03:58:58.984726+00:00
O002860,2026-03-02,C00296,P002,5,24.37,121.85,sales.csv,2026-09-29T03:58:58.984726+00:00
O004111,2026-04-25,C00110,P015,2,108.47,216.94,sales.csv,2026-09-29T03:58:58.984726+00:00
O007653,2026-04-15,C00481,P040,10,350.83,3508.30,sales.csv,2026-09-29T03:58:58.984726+00:00
O002404,2026-04-27,C00146,P025,9,795.32,7157.88,sales.csv,2026-09-29T03:58:58.984726+00:00
O002829,2026-03-30,C00248,P040,10,717.28,7172.80,sales.csv,2026-09-29T03:58:58.984726+00:00
O002273,2026-06-07,C00301,P013,9,386.59,3479.31,sales.csv,2026-09-29T03:58:58.984726+00:00
O007519,2026-04-15,C00359,P007,8,918.87,7350.96,sales.csv,2026-09-29T03:58:58.984726+00:00
O001071,2026-03-07,C00313,P013,4,159.26,637.04,sales.csv,2026-09-29T03:58:58.984726+00:00
O006432,2026-01-08,C00074,P024,3,31.54,94.62,sales.csv,2026-09-29T03:58:58.984726+00:00
O009084,2026-05-08,C00488,P009,4,114.68,458.72,sales.csv,2026-09-29T03:58:58.984726+00:00
O000192,2026-05-17,C00065,P018,1,72.46,72.46,sales.csv,2026-09-29T03:58:58.984726+00:00
O004313,2026-01-18,C00049,P038,1,141.02,141.02,sales.csv,2026-09-29T03:58:58.984726+00:00
O000851,2026-04-12,C00263,P004,5,342.00,1710.00,sales.csv,2026-09-29T03:58:58.984726+00:00
O002341,2026-01-20,C00387,P007,9,428.31,3854.79,sales.csv,2026-09-29T03:58:58.984726+00:00
O005370,2026-03-28,C00357,P037,9,701.92,6317.28,sales.csv,2026-09-29T03:58:58.984726+00:00
O006869,2026-06-13,C00256,P020,10,146.75,1467.50,sales.csv,2026-09-29T03:58:58.984726+00:00
O002547,2026-03-30,C00413,P048,9,724.08,6516.72,sales.csv,2026-09-29T03:58:58.984726+00:00
O003111,2026-04-27,C00162,P048,2,909.42,1818.84,sales.csv,2026-09-29T03:58:58.984726+00:00
O001121,2026-06-24,C00454,P021,7,149.60,1047.20,sales.csv,2026-09-29T03:58:58.984726+00:00
O005434,2026-04-05,C00025,P014,5,241.60,1208.00,sales.csv,2026-09-29T03:58:58.984726+00:00
O001354,2026-06-26,C00194,P023,3,329.59,988.77,sales.csv,2026-09-29T03:58:58.984726+00:00
O003191,2026-02-28,C00149,P011,6,435.50,2613.00,sales.csv,2026-09-29T03:58:58.984726+00:00
O001062,2026-06-04,C00494,P040,5,667.28,3336.40,sales.csv,2026-09-29T03:58:58.984726+00:00
O002384,2026-06-14,C00020,P016,10,582.60,5826.00,sales.csv,2026-09-29T03:58:58.984726+00:00
O004100,2026-03-12,C00146,P028,4,303.10,1212.40,sales.csv,2026-09-29T03:58:58.984726+00:00
O000726,2026-06-08,C00089,P044,5,806.41,4032.05,sales.csv,2026-09-29T03:58:58.984726+00:00
O000467,2026-05-11,C00115,P008,4,183.02,732.08,sales.csv,2026-09-29T03:58:58.984726+00:00
O008057,2026-03-25,C00006,P003,4,188.76,755.04,sales.csv,2026-09-29T03:58:58.984726+00:00
O006531,2026-05-21,C00300,P046,9,854.16,7687.44,sales.csv,2026-09-29T03:58:58.984726+00:00
O000671,2026-03-11,C00053,P009,2,246.61,493.22,sales.csv,2026-09-29T03:58:58.984726+00:00
O006925,2026-02-27,C00012,P025,4,991.91,3967.64,sales.csv,2026-09-29T03:58:58.984726+00:00
O002676,2026-06-07,C00171,P008,6,112.15,672.90,sales.csv,2026-09-29T03:58:58.984726+00:00
O003983,2026-02-14,C00298,P026,6,613.74,3682.44,sales.csv,2026-09-29T03:58:58.984726+00:00
O000141,2026-04-17,C00209,P022,9,611.69,5505.21,sales.csv,2026-09-29T03:58:58.984726+00:00
O003218,2026-04-16,C00160,P048,6,198.41,1190.46,sales.csv,2026-09-29T03:58:58.984726+00:00
O007432,2026-03-10,C00297,P003,1,407.94,407.94,sales.csv,2026-09-29T03:58:58.984726+00:00
O003834,2026-03-19,C00195,P013,8,499.09,3992.72,sales.csv,2026-09-29T03:58:58.984726+00:00
O005542,2026-06-26,C00033,P003,5,214.77,1073.85,sales.csv,2026-09-29T03:58:58.984726+00:00
O002518,2026-02-02,C00295,P014,3,116.10,348.30,sales.csv,2026-09-29T03:58:58.984726+00:00
O002927,2026-06-13,C00011,P010,7,289.69,2027.83,sales.csv,2026-09-29T03:58:58.984726+00:00
O008932,2026-06-04,C00234,P040,10,615.39,6153.90,sales.csv,2026-09-29T03:58:58.984726+00:00
O009458,2026-01-12,C00160,P001,8,629.01,5032.08,sales.csv,2026-09-29T03:58:58.984726+00:00
O005058,2026-06-02,C00122,P009,1,115.00,115.00,sales.csv,2026-09-29T03:58:58.984726+00:00
O007001,2026-05-21,C00029,P027,2,946.50,1893.00,sales.csv,2026-09-29T03:58:58.984726+00:00
O000124,2026-02-07,C00013,P003,4,623.77,2495.08,sales.csv,2026-09-29T03:58:58.984726+00:00
O005872,2026-06-15,C00190,P045,5,433.17,2165.85,sales.csv,2026-09-29T03:58:58.984726+00:00
O009285,2026-03-27,C00470,P045,9,16.34,147.06,sales.csv,2026-09-29T03:58:58.984726+00:00
O005184,2026-02-13,C00304,P048,10,556.08,5560.80,sales.csv,2026-09-29T03:58:58.984726+00:00
O005071,2026-02-06,C00309,P031,6,672.38,4034.28,sales.csv,2026-09-29T03:58:58.984726+00:00
O008356,2026-02-06,C00450,P041,5,259.85,1299.25,sales.csv,2026-09-29T03:58:58.984726+00:00
O005183,2026-04-26,C00166,P037,3,115.98,347.94,sales.csv,2026-09-29T03:58:58.984726+00:00
O004519,2026-01-11,C00060,P016,5,727.83,3639.15,sales.csv,2026-09-29T03:58:58.984726+00:00
O006288,2026-02-04,C00431,P002,4,820.06,3280.24,sales.csv,2026-09-29T03:58:58.984726+00:00
O002913,2026-02-17,C00171,P030,3,17.69,53.07,sales.csv,2026-09-29T03:58:58.984726+00:00
O004348,2026-02-27,C00231,P013,5,625.99,3129.95,sales.csv,2026-09-29T03:58:58.984726+00:00
O001093,2026-01-15,C00103,P018,3,376.67,1130.01,sales.csv,2026-09-29T03:58:58.984726+00:00
O007165,2026-03-23,C00045,P038,1,734.31,734.31,sales.csv,2026-09-29T03:58:58.984726+00:00
O000209,2026-03-01,C00474,P017,10,867.62,8676.20,sales.csv,2026-09-29T03:58:58.984726+00:00
O006080,2026-02-12,C00284,P042,5,467.48,2337.40,sales.csv,2026-09-29T03:58:58.984726+00:00
O008427,2026-06-17,C00119,P020,8,465.85,3726.80,sales.csv,2026-09-29T03:58:58.984726+00:00
O006624,2026-04-30,C00229,P038,6,922.78,5536.68,sales.csv,2026-09-29T03:58:58.984726+00:00
O002794,2026-01-09,C00342,P019,7,278.70,1950.90,sales.csv,2026-09-29T03:58:58.984726+00:00
O001937,2026-02-05,C00121,P008,10,963.69,9636.90,sales.csv,2026-09-29T03:58:58.984726+00:00
O000457,2026-05-16,C00188,P026,6,852.39,5114.34,sales.csv,2026-09-29T03:58:58.984726+00:00
O004668,2026-03-15,C00423,P017,4,10.96,43.84,sales.csv,2026-09-29T03:58:58.984726+00:00
O009406,2026-06-27,C00282,P031,8,397.29,3178.32,sales.csv,2026-09-29T03:58:58.984726+00:00
O006939,2026-03-26,C00216,P030,4,307.09,1228.36,sales.csv,2026-09-29T03:58:58.984726+00:00
O002300,2026-04-14,C00485,P026,10,994.27,9942.70,sales.csv,2026-09-29T03:58:58.984726+00:00
O006324,2026-05-12,C00238,P046,8,592.05,4736.40,sales.csv,2026-09-29T03:58:58.984726+00:00
O000037,2026-05-10,C00312,P013,3,491.09,1473.27,sales.csv,2026-09-29T03:58:58.984726+00:00
O002593,2026-02-02,C00080,P023,9,18.88,169.92,sales.csv,2026-09-29T03:58:58.984726+00:00
O009444,2026-02-17,C00427,P012,10,657.28,6572.80,sales.csv,2026-09-29T03:58:58.984726+00:00
O004387,2026-01-12,C00376,P012,4,275.03,1100.12,sales.csv,2026-09-29T03:58:58.984726+00:00
O002446,2026-01-01,C00234,P045,7,951.56,6660.92,sales.csv,2026-09-29T03:58:58.984726+00:00
O005979,2026-06-04,C00343,P049,7,723.84,5066.88,sales.csv,2026-09-29T03:58:58.984726+00:00
O002234,2026-04-08,C00206,P007,10,986.61,9866.10,sales.csv,2026-09-29T03:58:58.984726+00:00
O004959,2026-02-14,C00078,P019,3,999.81,2999.43,sales.csv,2026-09-29T03:58:58.984726+00:00
O007853,2026-05-17,C00341,P049,6,112.84,677.04,sales.csv,2026-09-29T03:58:58.984726+00:00
O003023,2026-03-06,C00200,P046,6,90.06,540.36,sales.csv,2026-09-29T03:58:58.984726+00:00
O000331,2026-02-09,C00337,P031,4,142.84,571.36,sales.csv,2026-09-29T03:58:58.984726+00:00
O000817,2026-05-27,C00346,P047,2,300.37,600.74,sales.csv,2026-09-29T03:58:58.984726+00:00
O005127,2026-01-08,C00342,P039,2,307.14,614.28,sales.csv,2026-09-29T03:58:58.984726+00:00
O005898,2026-01-07,C00028,P006,3,737.04,2211.12,sales.csv,2026-09-29T03:58:58.984726+00:00
O002555,2026-03-12,C00488,P028,9,942.70,8484.30,sales.csv,2026-09-29T03:58:58.984726+00:00
O003843,2026-05-27,C00411,P016,2,99.84,199.68,sales.csv,2026-09-29T03:58:58.984726+00:00
O000130,2026-06-28,C00266,P030,1,731.60,731.60,sales.csv,2026-09-29T03:58:58.984726+00:00
O003560,2026-06-08,C00213,P011,7,226.99,1588.93,sales.csv,2026-09-29T03:58:58.984726+00:00
O003634,2026-06-20,C00137,P007,8,735.88,5887.04,sales.csv,2026-09-29T03:58:58.984726+00:00
O003195,2026-03-14,C00155,P002,4,828.79,3315.16,sales.csv,2026-09-29T03:58:58.984726+00:00
O006815,2026-04-08,C00031,P031,3,6.33,18.99,sales.csv,2026-09-29T03:58:58.984726+00:00
O006952,2026-01-09,C00141,P006,8,930.87,7446.96,sales.csv,2026-09-29T03:58:58.984726+00:00
O004380,2026-06-18,C00388,P045,1,642.66,642.66,sales.csv,2026-09-29T03:58:58.984726+00:00
O009063,2026-02-26,C00351,P040,9,457.63,4118.67,sales.csv,2026-09-29T03:58:58.984726+00:00
O004922,2026-05-19,C00490,P047,1,526.21,526.21,sales.csv,2026-09-29T03:58:58.984726+00:00
O006724,2026-06-14,C00196,P040,6,467.63,2805.78,sales.csv,2026-09-29T03:58:58.984726+00:00
O005408,2026-02-27,C00295,P018,7,346.76,2427.32,sales.csv,2026-09-29T03:58:58.984726+00:00
O009413,2026-01-03,C00483,P010,7,765.59,5359.13,sales.csv,2026-09-29T03:58:58.984726+00:00
O004709,2026-06-26,C00480,P015,7,589.51,4126.57,sales.csv,2026-09-29T03:58:58.984726+00:00
O003915,2026-04-24,C00389,P021,2,359.55,719.10,sales.csv,2026-09-29T03:58:58.984726+00:00
O004088,2026-06-05,C00037,P017,2,494.56,989.12,sales.csv,2026-09-29T03:58:58.984726+00:00
O008708,2026-04-03,C00350,P016,3,949.29,2847.87,sales.csv,2026-09-29T03:58:58.984726+00:00
O002786,2026-05-14,C00499,P049,6,149.60,897.60,sales.csv,2026-09-29T03:58:58.984726+00:00
O000236,2026-03-16,C00261,P046,5,545.59,2727.95,sales.csv,2026-09-29T03:58:58.984726+00:00
O001882,2026-03-17,C00339,P032,8,662.64,5301.12,sales.csv,2026-09-29T03:58:58.984726+00:00
O004859,2026-04-25,C00414,P001,2,933.56,1867.12,sales.csv,2026-09-29T03:58:58.984726+00:00
O001397,2026-03-09,C00188,P038,4,306.39,1225.56,sales.csv,2026-09-29T03:58:58.984726+00:00
O004128,2026-05-30,C00331,P034,10,696.90,6969.00,sales.csv,2026-09-29T03:58:58.984726+00:00
O004988,2026-02-13,C00016,P013,9,707.34,6366.06,sales.csv,2026-09-29T03:58:58.984726+00:00
O006266,2026-05-18,C00058,P027,8,658.97,5271.76,sales.csv,2026-09-29T03:58:58.984726+00:00
O005754,2026-02-06,C00250,P027,4,554.41,2217.64,sales.csv,2026-09-29T03:58:58.984726+00:00
O008407,2026-06-21,C00260,P041,10,677.61,6776.10,sales.csv,2026-09-29T03:58:58.984726+00:00
O007803,2026-04-16,C00086,P016,4,973.11,3892.44,sales.csv,2026-09-29T03:58:58.984726+00:00
O006173,2026-04-18,C00426,P004,8,572.37,4578.96,sales.csv,2026-09-29T03:58:58.984726+00:00
O008629,2026-05-14,C00091,P022,3,100.64,301.92,sales.csv,2026-09-29T03:58:58.984726+00:00
O001748,2026-03-27,C00377,P004,9,885.28,7967.52,sales.csv,2026-09-29T03:58:58.984726+00:00
O003579,2026-02-27,C00129,P012,5,431.73,2158.65,sales.csv,2026-09-29T03:58:58.984726+00:00
O005715,2026-05-28,C00025,P024,6,194.73,1168.38,sales.csv,2026-09-29T03:58:58.984726+00:00
O003855,2026-02-15,C00499,P013,5,189.60,948.00,sales.csv,2026-09-29T03:58:58.984726+00:00
O005405,2026-02-01,C00203,P037,10,773.12,7731.20,sales.csv,2026-09-29T03:58:58.984726+00:00
O002652,2026-04-25,C00119,P047,7,484.18,3389.26,sales.csv,2026-09-29T03:58:58.984726+00:00
O003744,2026-06-18,C00417,P022,3,512.07,1536.21,sales.csv,2026-09-29T03:58:58.984726+00:00
O002239,2026-01-27,C00007,P039,2,778.10,1556.20,sales.csv,2026-09-29T03:58:58.984726+00:00
O004913,2026-03-27,C00400,P045,1,218.02,218.02,sales.csv,2026-09-29T03:58:58.984726+00:00
O007104,2026-02-06,C00049,P030,8,440.28,3522.24,sales.csv,2026-09-29T03:58:58.984726+00:00
O004907,2026-01-19,C00110,P008,10,992.80,9928.00,sales.csv,2026-09-29T03:58:58.984726+00:00
O006061,2026-04-19,C00280,P002,2,591.58,1183.16,sales.csv,2026-09-29T03:58:58.984726+00:00
O009127,2026-01-21,C00371,P043,3,73.89,221.67,sales.csv,2026-09-29T03:58:58.984726+00:00
O006907,2026-01-09,C00001,P018,2,52.13,104.26,sales.csv,2026-09-29T03:58:58.984726+00:00
O007591,2026-05-26,C00303,P048,7,413.03,2891.21,sales.csv,2026-09-29T03:58:58.984726+00:00
O007729,2026-02-27,C00138,P040,7,467.08,3269.56,sales.csv,2026-09-29T03:58:58.984726+00:00
O007624,2026-03-10,C00462,P027,6,701.59,4209.54,sales.csv,2026-09-29T03:58:58.984726+00:00
O008843,2026-06-13,C00110,P031,3,885.08,2655.24,sales.csv,2026-09-29T03:58:58.984726+00:00
O004742,2026-06-15,C00238,P048,8,287.87,2302.96,sales.csv,2026-09-29T03:58:58.984726+00:00
O002900,2026-03-17,C00097,P026,3,779.63,2338.89,sales.csv,2026-09-29T03:58:58.984726+00:00
O005886,2026-05-16,C00178,P033,2,652.27,1304.54,sales.csv,2026-09-29T03:58:58.984726+00:00
O000555,2026-05-07,C00456,P009,9,614.44,5529.96,sales.csv,2026-09-29T03:58:58.984726+00:00
O003467,2026-01-19,C00101,P031,2,580.20,1160.40,sales.csv,2026-09-29T03:58:58.984726+00:00
O004369,2026-02-05,C00119,P027,1,269.64,269.64,sales.csv,2026-09-29T03:58:58.984726+00:00
O006914,2026-01-31,C00328,P045,6,642.43,3854.58,sales.csv,2026-09-29T03:58:58.984726+00:00
O005780,2026-01-18,C00336,P011,4,112.40,449.60,sales.csv,2026-09-29T03:58:58.984726+00:00
O002021,2026-04-08,C00048,P026,5,234.32,1171.60,sales.csv,2026-09-29T03:58:58.984726+00:00
O001390,2026-04-26,C00230,P026,1,952.99,952.99,sales.csv,2026-09-29T03:58:58.984726+00:00
O004001,2026-01-01,C00458,P033,2,650.07,1300.14,sales.csv,2026-09-29T03:58:58.984726+00:00
O006900,2026-01-02,C00242,P027,3,252.88,758.64,sales.csv,2026-09-29T03:58:58.984726+00:00
O009476,2026-03-23,C00237,P005,2,234.08,468.16,sales.csv,2026-09-29T03:58:58.984726+00:00
O003897,2026-05-25,C00241,P002,6,670.72,4024.32,sales.csv,2026-09-29T03:58:58.984726+00:00
O007862,2026-02-20,C00125,P021,5,79.20,396.00,sales.csv,2026-09-29T03:58:58.984726+00:00
O008256,2026-02-21,C00406,P008,8,799.17,6393.36,sales.csv,2026-09-29T03:58:58.984726+00:00
O002109,2026-04-14,C00398,P013,5,111.46,557.30,sales.csv,2026-09-29T03:58:58.984726+00:00
O001118,2026-05-02,C00288,P049,1,151.36,151.36,sales.csv,2026-09-29T03:58:58.984726+00:00
O000501,2026-03-03,C00111,P038,6,64.77,388.62,sales.csv,2026-09-29T03:58:58.984726+00:00
O006867,2026-04-08,C00151,P028,4,794.24,3176.96,sales.csv,2026-09-29T03:58:58.984726+00:00
O002280,2026-04-06,C00270,P045,8,939.01,7512.08,sales.csv,2026-09-29T03:58:58.984726+00:00
O000695,2026-03-06,C00338,P010,7,495.12,3465.84,sales.csv,2026-09-29T03:58:58.984726+00:00
O008017,2026-06-15,C00228,P006,5,789.45,3947.25,sales.csv,2026-09-29T03:58:58.984726+00:00
O000553,2026-01-03,C00153,P037,10,141.64,1416.40,sales.csv,2026-09-29T03:58:58.984726+00:00
O005303,2026-02-08,C00248,P044,3,957.15,2871.45,sales.csv,2026-09-29T03:58:58.984726+00:00
O009213,2026-01-12,C00411,P012,4,601.40,2405.60,sales.csv,2026-09-29T03:58:58.984726+00:00
O007631,2026-01-29,C00193,P030,6,994.39,5966.34,sales.csv,2026-09-29T03:58:58.984726+00:00
O000266,2026-06-23,C00280,P011,2,579.98,1159.96,sales.csv,2026-09-29T03:58:58.984726+00:00
O001343,2026-04-03,C00455,P004,4,149.01,596.04,sales.csv,2026-09-29T03:58:58.984726+00:00
O002141,2026-02-06,C00402,P038,7,64.76,453.32,sales.csv,2026-09-29T03:58:58.984726+00:00
O007169,2026-03-23,C00461,P027,4,500.89,2003.56,sales.csv,2026-09-29T03:58:58.984726+00:00
O004140,2026-02-15,C00274,P008,8,726.40,5811.20,sales.csv,2026-09-29T03:58:58.984726+00:00
O003709,2026-05-25,C00192,P005,3,248.04,744.12,sales.csv,2026-09-29T03:58:58.984726+00:00
O006165,2026-03-01,C00315,P005,1,967.42,967.42,sales.csv,2026-09-29T03:58:58.984726+00:00
O006672,2026-05-02,C00295,P019,1,998.82,998.82,sales.csv,2026-09-29T03:58:58.984726+00:00
O008834,2026-06-24,C00437,P003,1,119.61,119.61,sales.csv,2026-09-29T03:58:58.984726+00:00
O008390,2026-05-20,C00222,P005,5,173.02,865.10,sales.csv,2026-09-29T03:58:58.984726+00:00
O003119,2026-01-31,C00042,P027,7,662.94,4640.58,sales.csv,2026-09-29T03:58:58.984726+00:00
O006250,2026-06-29,C00166,P050,4,306.89,1227.56,sales.csv,2026-09-29T03:58:58.984726+00:00
O003237,2026-04-17,C00092,P010,8,88.88,711.04,sales.csv,2026-09-29T03:58:58.984726+00:00
O005067,2026-02-17,C00402,P005,2,711.16,1422.32,sales.csv,2026-09-29T03:58:58.984726+00:00
O003786,2026-04-05,C00379,P002,7,394.02,2758.14,sales.csv,2026-09-29T03:58:58.984726+00:00
O006968,2026-02-03,C00014,P020,2,534.81,1069.62,sales.csv,2026-09-29T03:58:58.984726+00:00
O000301,2026-01-13,C00403,P022,4,166.05,664.20,sales.csv,2026-09-29T03:58:58.984726+00:00
O003047,2026-01-20,C00030,P009,8,237.70,1901.60,sales.csv,2026-09-29T03:58:58.984726+00:00
O001156,2026-03-20,C00356,P038,3,742.28,2226.84,sales.csv,2026-09-29T03:58:58.984726+00:00
O002420,2026-01-30,C00395,P006,7,522.22,3655.54,sales.csv,2026-09-29T03:58:58.984726+00:00
O008900,2026-05-23,C00103,P031,10,778.98,7789.80,sales.csv,2026-09-29T03:58:58.984726+00:00
O005056,2026-04-20,C00093,P024,8,102.62,820.96,sales.csv,2026-09-29T03:58:58.984726+00:00
O005751,2026-03-09,C00022,P024,2,50.11,100.22,sales.csv,2026-09-29T03:58:58.984726+00:00
O006124,2026-01-28,C00033,P023,4,435.98,1743.92,sales.csv,2026-09-29T03:58:58.984726+00:00
O002165,2026-02-06,C00094,P017,2,203.14,406.28,sales.csv,2026-09-29T03:58:58.984726+00:00
O000655,2026-05-25,C00337,P003,3,413.20,1239.60,sales.csv,2026-09-29T03:58:58.984726+00:00
O003204,2026-04-28,C00104,P007,5,860.89,4304.45,sales.csv,2026-09-29T03:58:58.984726+00:00
O004540,2026-02-06,C00398,P028,7,740.13,5180.91,sales.csv,2026-09-29T03:58:58.984726+00:00
O000493,2026-04-05,C00264,P036,2,419.27,838.54,sales.csv,2026-09-29T03:58:58.984726+00:00
O001415,2026-02-04,C00247,P036,4,640.44,2561.76,sales.csv,2026-09-29T03:58:58.984726+00:00
O007582,2026-03-03,C00382,P019,5,451.10,2255.50,sales.csv,2026-09-29T03:58:58.984726+00:00
O000925,2026-03-09,C00116,P018,10,81.79,817.90,sales.csv,2026-09-29T03:58:58.984726+00:00
O001095,2026-03-17,C00105,P049,9,43.34,390.06,sales.csv,2026-09-29T03:58:58.984726+00:00
O005234,2026-02-08,C00291,P006,4,156.34,625.36,sales.csv,2026-09-29T03:58:58.984726+00:00
O001859,2026-04-30,C00057,P034,3,650.87,1952.61,sales.csv,2026-09-29T03:58:58.984726+00:00
O004190,2026-04-06,C00436,P031,5,757.34,3786.70,sales.csv,2026-09-29T03:58:58.984726+00:00
O007046,2026-03-30,C00498,P032,10,608.70,6087.00,sales.csv,2026-09-29T03:58:58.984726+00:00
O006466,2026-04-28,C00064,P037,2,995.14,1990.28,sales.csv,2026-09-29T03:58:58.984726+00:00
O007943,2026-01-09,C00320,P050,8,578.64,4629.12,sales.csv,2026-09-29T03:58:58.984726+00:00
O004433,2026-01-07,C00023,P039,1,4.66,4.66,sales.csv,2026-09-29T03:58:58.984726+00:00
O005088,2026-05-19,C00474,P050,6,9.18,55.08,sales.csv,2026-09-29T03:58:58.984726+00:00
O009208,2026-01-23,C00176,P031,4,696.09,2784.36,sales.csv,2026-09-29T03:58:58.984726+00:00
O007606,2026-04-19,C00466,P019,1,414.59,414.59,sales.csv,2026-09-29T03:58:58.984726+00:00
O004571,2026-06-11,C00268,P013,10,582.06,5820.60,sales.csv,2026-09-29T03:58:58.984726+00:00
O001353,2026-03-30,C00413,P029,4,28.98,115.92,sales.csv,2026-09-29T03:58:58.984726+00:00
O003938,2026-01-18,C00021,P013,10,48.19,481.90,sales.csv,2026-09-29T03:58:58.984726+00:00
O007458,2026-01-24,C00215,P026,9,85.37,768.33,sales.csv,2026-09-29T03:58:58.984726+00:00
O001534,2026-03-13,C00431,P002,6,492.83,2956.98,sales.csv,2026-09-29T03:58:58.984726+00:00
O009475,2026-05-05,C00022,P028,10,4.59,45.90,sales.csv,2026-09-29T03:58:58.984726+00:00
O006239,2026-01-07,C00380,P021,6,29.71,178.26,sales.csv,2026-09-29T03:58:58.984726+00:00
O002084,2026-06-26,C00448,P033,10,878.50,8785.00,sales.csv,2026-09-29T03:58:58.984726+00:00
O007453,2026-06-19,C00157,P024,10,706.66,7066.60,sales.csv,2026-09-29T03:58:58.984726+00:00
O000362,2026-03-21,C00382,P022,4,437.55,1750.20,sales.csv,2026-09-29T03:58:58.984726+00:00
O008779,2026-04-12,C00450,P037,4,191.53,766.12,sales.csv,2026-09-29T03:58:58.984726+00:00
O000667,2026-03-05,C00366,P005,2,352.23,704.46,sales.csv,2026-09-29T03:58:58.984726+00:00
O001565,2026-04-30,C00050,P030,5,898.15,4490.75,sales.csv,2026-09-29T03:58:58.984726+00:00
O005957,2026-04-10,C00453,P010,6,897.19,5383.14,sales.csv,2026-09-29T03:58:58.984726+00:00
O001137,2026-05-30,C00024,P045,2,469.84,939.68,sales.csv,2026-09-29T03:58:58.984726+00:00
O000019,2026-06-24,C00332,P005,10,833.27,8332.70,sales.csv,2026-09-29T03:58:58.984726+00:00
O009122,2026-05-11,C00493,P031,3,10.32,30.96,sales.csv,2026-09-29T03:58:58.984726+00:00
O001350,2026-06-10,C00031,P004,6,845.85,5075.10,sales.csv,2026-09-29T03:58:58.984726+00:00
O007377,2026-04-17,C00385,P010,7,316.25,2213.75,sales.csv,2026-09-29T03:58:58.984726+00:00
O000881,2026-03-21,C00090,P032,1,119.30,119.30,sales.csv,2026-09-29T03:58:58.984726+00:00
O000839,2026-06-13,C00420,P026,2,776.80,1553.60,sales.csv,2026-09-29T03:58:58.984726+00:00
O007720,2026-06-12,C00103,P006,8,423.54,3388.32,sales.csv,2026-09-29T03:58:58.984726+00:00
O004763,2026-01-29,C00236,P005,6,214.65,1287.90,sales.csv,2026-09-29T03:58:58.984726+00:00
O008099,2026-04-04,C00457,P046,7,312.22,2185.54,sales.csv,2026-09-29T03:58:58.984726+00:00
O008632,2026-03-22,C00428,P040,5,512.32,2561.60,sales.csv,2026-09-29T03:58:58.984726+00:00
O008630,2026-02-13,C00469,P043,9,924.91,8324.19,sales.csv,2026-09-29T03:58:58.984726+00:00
O007925,2026-02-25,C00432,P008,9,122.54,1102.86,sales.csv,2026-09-29T03:58:58.984726+00:00
O006331,2026-01-02,C00460,P005,5,390.92,1954.60,sales.csv,2026-09-29T03:58:58.984726+00:00
O006960,2026-06-18,C00074,P040,6,886.59,5319.54,sales.csv,2026-09-29T03:58:58.984726+00:00
O000636,2026-01-13,C00392,P001,7,181.21,1268.47,sales.csv,2026-09-29T03:58:58.984726+00:00
O008845,2026-06-18,C00252,P037,9,164.43,1479.87,sales.csv,2026-09-29T03:58:58.984726+00:00
O000074,2026-05-14,C00162,P017,4,878.82,3515.28,sales.csv,2026-09-29T03:58:58.984726+00:00
O002771,2026-04-22,C00182,P045,10,511.05,5110.50,sales.csv,2026-09-29T03:58:58.984726+00:00
O003161,2026-04-07,C00447,P015,4,348.71,1394.84,sales.csv,2026-09-29T03:58:58.984726+00:00
O000303,2026-05-31,C00111,P015,6,194.40,1166.40,sales.csv,2026-09-29T03:58:58.984726+00:00
O005152,2026-03-14,C00033,P005,9,394.07,3546.63,sales.csv,2026-09-29T03:58:58.984726+00:00
O008040,2026-04-04,C00134,P039,3,44.32,132.96,sales.csv,2026-09-29T03:58:58.984726+00:00
O008293,2026-06-26,C00322,P028,10,313.91,3139.10,sales.csv,2026-09-29T03:58:58.984726+00:00
O004023,2026-04-24,C00036,P033,3,608.09,1824.27,sales.csv,2026-09-29T03:58:58.984726+00:00
O007479,2026-01-17,C00460,P013,8,52.02,416.16,sales.csv,2026-09-29T03:58:58.984726+00:00
O000524,2026-02-07,C00421,P044,4,42.38,169.52,sales.csv,2026-09-29T03:58:58.984726+00:00
O006520,2026-06-15,C00301,P014,2,686.13,1372.26,sales.csv,2026-09-29T03:58:58.984726+00:00
O007032,2026-03-15,C00363,P024,2,29.41,58.82,sales.csv,2026-09-29T03:58:58.984726+00:00
O009082,2026-04-07,C00081,P032,8,897.29,7178.32,sales.csv,2026-09-29T03:58:58.984726+00:00
O001205,2026-02-15,C00244,P040,10,52.16,521.60,sales.csv,2026-09-29T03:58:58.984726+00:00
O006653,2026-05-05,C00227,P016,2,224.88,449.76,sales.csv,2026-09-29T03:58:58.984726+00:00
O008833,2026-05-12,C00311,P032,2,901.27,1802.54,sales.csv,2026-09-29T03:58:58.984726+00:00
O000840,2026-05-26,C00032,P028,3,311.34,934.02,sales.csv,2026-09-29T03:58:58.984726+00:00
O004974,2026-02-28,C00221,P023,10,957.16,9571.60,sales.csv,2026-09-29T03:58:58.984726+00:00
O002536,2026-04-18,C00421,P010,6,569.36,3416.16,sales.csv,2026-09-29T03:58:58.984726+00:00
O007481,2026-03-25,C00048,P044,10,74.14,741.40,sales.csv,2026-09-29T03:58:58.984726+00:00
O003653,2026-03-20,C00052,P047,2,839.14,1678.28,sales.csv,2026-09-29T03:58:58.984726+00:00
O003386,2026-02-08,C00237,P048,8,277.08,2216.64,sales.csv,2026-09-29T03:58:58.984726+00:00
O005134,2026-03-01,C00162,P018,2,895.68,1791.36,sales.csv,2026-09-29T03:58:58.984726+00:00
O004874,2026-04-23,C00478,P001,9,227.19,2044.71,sales.csv,2026-09-29T03:58:58.984726+00:00
O007086,2026-04-25,C00057,P032,8,720.47,5763.76,sales.csv,2026-09-29T03:58:58.984726+00:00
O006628,2026-06-25,C00021,P029,4,607.56,2430.24,sales.csv,2026-09-29T03:58:58.984726+00:00
O008304,2026-02-17,C00465,P040,7,999.25,6994.75,sales.csv,2026-09-29T03:58:58.984726+00:00
O000217,2026-03-06,C00014,P006,4,884.81,3539.24,sales.csv,2026-09-29T03:58:58.984726+00:00
O005943,2026-01-24,C00083,P024,5,257.99,1289.95,sales.csv,2026-09-29T03:58:58.984726+00:00
O000936,2026-03-08,C00164,P047,2,115.06,230.12,sales.csv,2026-09-29T03:58:58.984726+00:00
O003189,2026-06-17,C00026,P034,4,475.60,1902.40,sales.csv,2026-09-29T03:58:58.984726+00:00
O004837,2026-06-29,C00438,P031,1,43.05,43.05,sales.csv,2026-09-29T03:58:58.984726+00:00
O006033,2026-04-15,C00459,P043,1,346.04,346.04,sales.csv,2026-09-29T03:58:58.984726+00:00
O008539,2026-01-18,C00047,P003,10,1.66,16.60,sales.csv,2026-09-29T03:58:58.984726+00:00
O000109,2026-05-11,C00060,P025,10,250.14,2501.40,sales.csv,2026-09-29T03:58:58.984726+00:00
O003406,2026-02-14,C00350,P007,7,761.42,5329.94,sales.csv,2026-09-29T03:58:58.984726+00:00
O009344,2026-04-16,C00305,P024,6,462.76,2776.56,sales.csv,2026-09-29T03:58:58.984726+00:00
O007545,2026-04-09,C00101,P021,9,460.79,4147.11,sales.csv,2026-09-29T03:58:58.984726+00:00
O000582,2026-01-01,C00382,P014,10,96.72,967.20,sales.csv,2026-09-29T03:58:58.984726+00:00
O005208,2026-06-18,C00050,P033,3,221.36,664.08,sales.csv,2026-09-29T03:58:58.984726+00:00
O006701,2026-04-14,C00148,P043,4,264.82,1059.28,sales.csv,2026-09-29T03:58:58.984726+00:00
O009169,2026-03-18,C00370,P050,6,844.90,5069.40,sales.csv,2026-09-29T03:58:58.984726+00:00
O006102,2026-05-25,C00383,P048,9,846.55,7618.95,sales.csv,2026-09-29T03:58:58.984726+00:00
O008105,2026-04-28,C00450,P005,5,249.83,1249.15,sales.csv,2026-09-29T03:58:58.984726+00:00
O002528,2026-05-22,C00111,P038,6,364.58,2187.48,sales.csv,2026-09-29T03:58:58.984726+00:00
O001377,2026-02-25,C00492,P034,2,133.67,267.34,sales.csv,2026-09-29T03:58:58.984726+00:00
O007699,2026-03-20,C00038,P038,2,341.28,682.56,sales.csv,2026-09-29T03:58:58.984726+00:00
O003146,2026-01-25,C00106,P036,9,990.41,8913.69,sales.csv,2026-09-29T03:58:58.984726+00:00
O006766,2026-02-02,C00070,P009,5,49.96,249.80,sales.csv,2026-09-29T03:58:58.984726+00:00
O005576,2026-02-12,C00004,P041,9,686.04,6174.36,sales.csv,2026-09-29T03:58:58.984726+00:00
O005243,2026-02-18,C00368,P015,10,547.35,5473.50,sales.csv,2026-09-29T03:58:58.984726+00:00
O004384,2026-04-26,C00285,P045,3,36.25,108.75,sales.csv,2026-09-29T03:58:58.984726+00:00
O003920,2026-04-07,C00282,P002,7,848.15,5937.05,sales.csv,2026-09-29T03:58:58.984726+00:00
O006085,2026-04-16,C00434,P002,3,59.45,178.35,sales.csv,2026-09-29T03:58:58.984726+00:00
O001955,2026-02-23,C00441,P011,8,828.52,6628.16,sales.csv,2026-09-29T03:58:58.984726+00:00
O008259,2026-02-28,C00423,P021,8,797.29,6378.32,sales.csv,2026-09-29T03:58:58.984726+00:00
O002457,2026-05-10,C00017,P009,8,115.15,921.20,sales.csv,2026-09-29T03:58:58.984726+00:00
O001150,2026-05-21,C00237,P042,9,96.87,871.83,sales.csv,2026-09-29T03:58:58.984726+00:00
O008737,2026-04-24,C00492,P010,4,997.63,3990.52,sales.csv,2026-09-29T03:58:58.984726+00:00
O004122,2026-05-25,C00125,P042,2,593.76,1187.52,sales.csv,2026-09-29T03:58:58.984726+00:00
O005933,2026-06-14,C00420,P006,2,133.48,266.96,sales.csv,2026-09-29T03:58:58.984726+00:00
O000211,2026-06-15,C00077,P018,3,94.59,283.77,sales.csv,2026-09-29T03:58:58.984726+00:00
O000625,2026-05-08,C00239,P007,8,999.28,7994.24,sales.csv,2026-09-29T03:58:58.984726+00:00
O001611,2026-05-29,C00247,P045,2,187.23,374.46,sales.csv,2026-09-29T03:58:58.984726+00:00
O008291,2026-06-11,C00322,P046,4,39.08,156.32,sales.csv,2026-09-29T03:58:58.984726+00:00
O002657,2026-04-11,C00352,P039,4,92.03,368.12,sales.csv,2026-09-29T03:58:58.984726+00:00
O002131,2026-05-08,C00326,P028,8,904.10,7232.80,sales.csv,2026-09-29T03:58:58.984726+00:00
O001406,2026-06-11,C00196,P004,5,688.31,3441.55,sales.csv,2026-09-29T03:58:58.984726+00:00
O004569,2026-03-13,C00042,P019,10,96.89,968.90,sales.csv,2026-09-29T03:58:58.984726+00:00
O007280,2026-02-17,C00454,P030,5,196.28,981.40,sales.csv,2026-09-29T03:58:58.984726+00:00
O006659,2026-03-12,C00364,P018,5,59.60,298.00,sales.csv,2026-09-29T03:58:58.984726+00:00
O003814,2026-04-15,C00082,P036,9,825.02,7425.18,sales.csv,2026-09-29T03:58:58.984726+00:00
O002783,2026-01-05,C00155,P020,9,164.50,1480.50,sales.csv,2026-09-29T03:58:58.984726+00:00
O001922,2026-06-13,C00273,P040,7,743.02,5201.14,sales.csv,2026-09-29T03:58:58.984726+00:00
O007354,2026-05-21,C00087,P024,4,228.81,915.24,sales.csv,2026-09-29T03:58:58.984726+00:00
O005631,2026-03-17,C00156,P017,3,789.33,2367.99,sales.csv,2026-09-29T03:58:58.984726+00:00
O008080,2026-01-19,C00205,P004,3,326.76,980.28,sales.csv,2026-09-29T03:58:58.984726+00:00
O008201,2026-06-21,C00002,P020,5,591.39,2956.95,sales.csv,2026-09-29T03:58:58.984726+00:00
O004660,2026-03-29,C00200,P011,10,226.25,2262.50,sales.csv,2026-09-29T03:58:58.984726+00:00
O007238,2026-06-28,C00415,P021,8,905.89,7247.12,sales.csv,2026-09-29T03:58:58.984726+00:00
O003934,2026-01-11,C00022,P015,4,201.05,804.20,sales.csv,2026-09-29T03:58:58.984726+00:00
O007018,2026-02-23,C00065,P031,9,936.33,8426.97,sales.csv,2026-09-29T03:58:58.984726+00:00
O004334,2026-01-29,C00425,P045,1,542.79,542.79,sales.csv,2026-09-29T03:58:58.984726+00:00
O006529,2026-02-26,C00500,P038,5,500.39,2501.95,sales.csv,2026-09-29T03:58:58.984726+00:00
O000617,2026-01-11,C00448,P005,4,999.37,3997.48,sales.csv,2026-09-29T03:58:58.984726+00:00
O005333,2026-02-11,C00471,P046,9,23.13,208.17,sales.csv,2026-09-29T03:58:58.984726+00:00
O007733,2026-01-03,C00468,P004,10,271.72,2717.20,sales.csv,2026-09-29T03:58:58.984726+00:00
O003020,2026-02-02,C00401,P034,5,133.26,666.30,sales.csv,2026-09-29T03:58:58.984726+00:00
O002139,2026-02-09,C00061,P024,5,491.81,2459.05,sales.csv,2026-09-29T03:58:58.984726+00:00
O000977,2026-02-08,C00265,P049,4,75.41,301.64,sales.csv,2026-09-29T03:58:58.984726+00:00
O006632,2026-06-10,C00200,P011,7,721.80,5052.60,sales.csv,2026-09-29T03:58:58.984726+00:00
O002590,2026-04-18,C00251,P036,8,894.56,7156.48,sales.csv,2026-09-29T03:58:58.984726+00:00
O003807,2026-01-22,C00011,P001,1,435.51,435.51,sales.csv,2026-09-29T03:58:58.984726+00:00
O000018,2026-04-01,C00108,P043,5,920.88,4604.40,sales.csv,2026-09-29T03:58:58.984726+00:00
O006997,2026-04-20,C00175,P004,6,232.72,1396.32,sales.csv,2026-09-29T03:58:58.984726+00:00
O009179,2026-01-08,C00447,P025,4,614.00,2456.00,sales.csv,2026-09-29T03:58:58.984726+00:00
O002951,2026-03-24,C00412,P038,3,896.64,2689.92,sales.csv,2026-09-29T03:58:58.984726+00:00
O000969,2026-06-14,C00141,P028,7,458.06,3206.42,sales.csv,2026-09-29T03:58:58.984726+00:00
O006652,2026-03-28,C00182,P045,8,18.39,147.12,sales.csv,2026-09-29T03:58:58.984726+00:00
O004669,2026-02-19,C00157,P041,10,158.25,1582.50,sales.csv,2026-09-29T03:58:58.984726+00:00
O005286,2026-06-15,C00352,P047,2,650.70,1301.40,sales.csv,2026-09-29T03:58:58.984726+00:00
O006265,2026-06-23,C00421,P048,2,611.67,1223.34,sales.csv,2026-09-29T03:58:58.984726+00:00
O004062,2026-06-07,C00487,P033,7,847.77,5934.39,sales.csv,2026-09-29T03:58:58.984726+00:00
O007227,2026-06-12,C00007,P005,9,514.04,4626.36,sales.csv,2026-09-29T03:58:58.984726+00:00
O004328,2026-04-14,C00303,P013,5,907.10,4535.50,sales.csv,2026-09-29T03:58:58.984726+00:00
O005066,2026-02-05,C00250,P019,7,790.21,5531.47,sales.csv,2026-09-29T03:58:58.984726+00:00
O005094,2026-01-12,C00381,P024,4,578.48,2313.92,sales.csv,2026-09-29T03:58:58.984726+00:00
O007434,2026-06-22,C00084,P039,6,983.69,5902.14,sales.csv,2026-09-29T03:58:58.984726+00:00
O005340,2026-05-03,C00443,P016,2,850.02,1700.04,sales.csv,2026-09-29T03:58:58.984726+00:00
O001757,2026-04-19,C00142,P004,2,489.65,979.30,sales.csv,2026-09-29T03:58:58.984726+00:00
O002648,2026-06-26,C00196,P042,5,821.81,4109.05,sales.csv,2026-09-29T03:58:58.984726+00:00
O001674,2026-03-16,C00332,P013,3,727.76,2183.28,sales.csv,2026-09-29T03:58:58.984726+00:00
O009247,2026-04-14,C00298,P013,3,946.83,2840.49,sales.csv,2026-09-29T03:58:58.984726+00:00
O003613,2026-02-06,C00247,P011,4,513.80,2055.20,sales.csv,2026-09-29T03:58:58.984726+00:00
O002075,2026-01-23,C00342,P031,3,228.13,684.39,sales.csv,2026-09-29T03:58:58.984726+00:00
O001422,2026-01-07,C00395,P020,3,459.38,1378.14,sales.csv,2026-09-29T03:58:58.984726+00:00
O003623,2026-01-19,C00451,P049,6,357.65,2145.90,sales.csv,2026-09-29T03:58:58.984726+00:00
O008482,2026-01-18,C00490,P022,2,227.28,454.56,sales.csv,2026-09-29T03:58:58.984726+00:00
O007197,2026-05-16,C00278,P014,7,310.57,2173.99,sales.csv,2026-09-29T03:58:58.984726+00:00
O004885,2026-01-31,C00133,P006,10,556.11,5561.10,sales.csv,2026-09-29T03:58:58.984726+00:00
O004806,2026-03-08,C00488,P011,1,291.76,291.76,sales.csv,2026-09-29T03:58:58.984726+00:00
O002362,2026-02-19,C00349,P043,2,290.10,580.20,sales.csv,2026-09-29T03:58:58.984726+00:00
O009490,2026-03-20,C00279,P033,1,415.26,415.26,sales.csv,2026-09-29T03:58:58.984726+00:00
O005412,2026-05-03,C00371,P014,10,877.88,8778.80,sales.csv,2026-09-29T03:58:58.984726+00:00
O002062,2026-05-07,C00378,P038,10,959.23,9592.30,sales.csv,2026-09-29T03:58:58.984726+00:00
O007390,2026-03-18,C00090,P041,2,491.98,983.96,sales.csv,2026-09-29T03:58:58.984726+00:00
O001423,2026-06-07,C00421,P029,10,192.12,1921.20,sales.csv,2026-09-29T03:58:58.984726+00:00
O005001,2026-04-20,C00028,P035,4,702.34,2809.36,sales.csv,2026-09-29T03:58:58.984726+00:00
O005257,2026-02-04,C00369,P019,8,245.65,1965.20,sales.csv,2026-09-29T03:58:58.984726+00:00
O004024,2026-03-12,C00357,P037,7,703.10,4921.70,sales.csv,2026-09-29T03:58:58.984726+00:00
O008395,2026-04-24,C00254,P039,10,116.68,1166.80,sales.csv,2026-09-29T03:58:58.984726+00:00
O002238,2026-05-13,C00169,P038,4,142.56,570.24,sales.csv,2026-09-29T03:58:58.984726+00:00
O003342,2026-03-14,C00160,P025,8,46.64,373.12,sales.csv,2026-09-29T03:58:58.984726+00:00
O007454,2026-04-29,C00070,P041,5,957.01,4785.05,sales.csv,2026-09-29T03:58:58.984726+00:00
O001008,2026-04-27,C00373,P034,10,687.97,6879.70,sales.csv,2026-09-29T03:58:58.984726+00:00
O005113,2026-02-08,C00216,P034,1,532.66,532.66,sales.csv,2026-09-29T03:58:58.984726+00:00
O001323,2026-06-25,C00140,P019,9,353.35,3180.15,sales.csv,2026-09-29T03:58:58.984726+00:00
O000612,2026-04-16,C00496,P027,9,695.67,6261.03,sales.csv,2026-09-29T03:58:58.984726+00:00
O008418,2026-03-08,C00398,P016,10,613.64,6136.40,sales.csv,2026-09-29T03:58:58.984726+00:00
O007367,2026-05-24,C00187,P002,9,796.15,7165.35,sales.csv,2026-09-29T03:58:58.984726+00:00
O009055,2026-03-06,C00131,P048,7,56.70,396.90,sales.csv,2026-09-29T03:58:58.984726+00:00
O004143,2026-03-11,C00263,P002,9,662.27,5960.43,sales.csv,2026-09-29T03:58:58.984726+00:00
O001947,2026-06-24,C00127,P018,3,476.78,1430.34,sales.csv,2026-09-29T03:58:58.984726+00:00
O003102,2026-05-11,C00402,P038,6,282.63,1695.78,sales.csv,2026-09-29T03:58:58.984726+00:00
O002460,2026-06-19,C00277,P016,4,278.40,1113.60,sales.csv,2026-09-29T03:58:58.984726+00:00
O006294,2026-02-15,C00006,P048,5,868.59,4342.95,sales.csv,2026-09-29T03:58:58.984726+00:00
O005124,2026-05-25,C00094,P047,1,779.65,779.65,sales.csv,2026-09-29T03:58:58.984726+00:00
O007015,2026-06-29,C00358,P005,4,188.69,754.76,sales.csv,2026-09-29T03:58:58.984726+00:00
O001472,2026-05-27,C00305,P035,9,841.68,7575.12,sales.csv,2026-09-29T03:58:58.984726+00:00
O002452,2026-03-25,C00348,P029,4,796.29,3185.16,sales.csv,2026-09-29T03:58:58.984726+00:00
O005887,2026-03-09,C00353,P021,3,613.85,1841.55,sales.csv,2026-09-29T03:58:58.984726+00:00
O004354,2026-06-18,C00265,P020,7,27.60,193.20,sales.csv,2026-09-29T03:58:58.984726+00:00
O004541,2026-05-24,C00492,P004,7,816.55,5715.85,sales.csv,2026-09-29T03:58:58.984726+00:00
O005176,2026-06-14,C00459,P027,1,467.83,467.83,sales.csv,2026-09-29T03:58:58.984726+00:00
O000664,2026-05-06,C00117,P023,9,493.07,4437.63,sales.csv,2026-09-29T03:58:58.984726+00:00
O006660,2026-03-21,C00189,P033,9,275.25,2477.25,sales.csv,2026-09-29T03:58:58.984726+00:00
O009485,2026-06-30,C00271,P015,1,194.86,194.86,sales.csv,2026-09-29T03:58:58.984726+00:00
O002367,2026-01-31,C00119,P014,2,468.37,936.74,sales.csv,2026-09-29T03:58:58.984726+00:00
O005256,2026-02-26,C00103,P036,6,314.81,1888.86,sales.csv,2026-09-29T03:58:58.984726+00:00
O009009,2026-05-20,C00213,P046,7,2.66,18.62,sales.csv,2026-09-29T03:58:58.984726+00:00
O002724,2026-03-22,C00048,P020,1,468.46,468.46,sales.csv,2026-09-29T03:58:58.984726+00:00
O008861,2026-01-02,C00029,P031,9,735.67,6621.03,sales.csv,2026-09-29T03:58:58.984726+00:00
O002401,2026-01-06,C00391,P025,7,110.09,770.63,sales.csv,2026-09-29T03:58:58.984726+00:00
O002171,2026-06-02,C00301,P016,8,667.66,5341.28,sales.csv,2026-09-29T03:58:58.984726+00:00
O008878,2026-02-12,C00019,P032,1,748.94,748.94,sales.csv,2026-09-29T03:58:58.984726+00:00
O007287,2026-03-01,C00166,P007,2,625.73,1251.46,sales.csv,2026-09-29T03:58:58.984726+00:00
O002173,2026-03-23,C00238,P036,7,86.79,607.53,sales.csv,2026-09-29T03:58:58.984726+00:00
O002782,2026-06-23,C00296,P001,6,477.83,2866.98,sales.csv,2026-09-29T03:58:58.984726+00:00
O003828,2026-03-13,C00267,P002,8,418.55,3348.40,sales.csv,2026-09-29T03:58:58.984726+00:00
O000863,2026-03-12,C00144,P029,3,46.41,139.23,sales.csv,2026-09-29T03:58:58.984726+00:00
O007997,2026-03-16,C00377,P035,4,265.32,1061.28,sales.csv,2026-09-29T03:58:58.984726+00:00
O000689,2026-03-25,C00193,P018,7,479.43,3356.01,sales.csv,2026-09-29T03:58:58.984726+00:00
O007652,2026-02-17,C00306,P038,2,186.28,372.56,sales.csv,2026-09-29T03:58:58.984726+00:00
O002380,2026-01-06,C00316,P049,2,405.81,811.62,sales.csv,2026-09-29T03:58:58.984726+00:00
O002220,2026-01-21,C00451,P037,1,967.58,967.58,sales.csv,2026-09-29T03:58:58.984726+00:00
O001667,2026-03-26,C00464,P026,10,5.85,58.50,sales.csv,2026-09-29T03:58:58.984726+00:00
O008121,2026-05-05,C00081,P001,9,148.14,1333.26,sales.csv,2026-09-29T03:58:58.984726+00:00
O007728,2026-06-08,C00253,P028,5,439.62,2198.10,sales.csv,2026-09-29T03:58:58.984726+00:00
O005345,2026-05-24,C00166,P010,1,866.06,866.06,sales.csv,2026-09-29T03:58:58.984726+00:00
O007242,2026-01-13,C00369,P025,9,647.11,5823.99,sales.csv,2026-09-29T03:58:58.984726+00:00
O009442,2026-02-27,C00163,P036,6,66.09,396.54,sales.csv,2026-09-29T03:58:58.984726+00:00
O006064,2026-03-29,C00351,P001,1,382.68,382.68,sales.csv,2026-09-29T03:58:58.984726+00:00
O000961,2026-04-25,C00091,P031,10,723.64,7236.40,sales.csv,2026-09-29T03:58:58.984726+00:00
O005871,2026-03-23,C00048,P043,10,728.83,7288.30,sales.csv,2026-09-29T03:58:58.984726+00:00
O006548,2026-01-07,C00386,P044,6,676.43,4058.58,sales.csv,2026-09-29T03:58:58.984726+00:00
O002975,2026-01-07,C00427,P033,8,513.11,4104.88,sales.csv,2026-09-29T03:58:58.984726+00:00
O002981,2026-05-11,C00380,P045,9,263.60,2372.40,sales.csv,2026-09-29T03:58:58.984726+00:00
O002182,2026-05-04,C00140,P039,5,892.28,4461.40,sales.csv,2026-09-29T03:58:58.984726+00:00
O009498,2026-04-25,C00017,P041,3,126.68,380.04,sales.csv,2026-09-29T03:58:58.984726+00:00
O002321,2026-03-01,C00150,P043,9,92.72,834.48,sales.csv,2026-09-29T03:58:58.984726+00:00
O000264,2026-03-01,C00237,P041,5,603.36,3016.80,sales.csv,2026-09-29T03:58:58.984726+00:00
O003764,2026-06-02,C00394,P003,9,248.68,2238.12,sales.csv,2026-09-29T03:58:58.984726+00:00
O002986,2026-01-08,C00146,P030,2,740.52,1481.04,sales.csv,2026-09-29T03:58:58.984726+00:00
O001598,2026-02-14,C00244,P009,4,729.00,2916.00,sales.csv,2026-09-29T03:58:58.984726+00:00
O001779,2026-03-02,C00060,P003,6,754.04,4524.24,sales.csv,2026-09-29T03:58:58.984726+00:00
O007266,2026-06-01,C00162,P018,6,875.19,5251.14,sales.csv,2026-09-29T03:58:58.984726+00:00
O001491,2026-03-20,C00159,P047,8,379.51,3036.08,sales.csv,2026-09-29T03:58:58.984726+00:00
O003438,2026-03-15,C00014,P015,6,739.64,4437.84,sales.csv,2026-09-29T03:58:58.984726+00:00
O004560,2026-02-08,C00124,P038,5,668.19,3340.95,sales.csv,2026-09-29T03:58:58.984726+00:00
O004327,2026-06-15,C00310,P032,1,151.22,151.22,sales.csv,2026-09-29T03:58:58.984726+00:00
O007117,2026-01-03,C00328,P030,4,729.19,2916.76,sales.csv,2026-09-29T03:58:58.984726+00:00
O006552,2026-02-09,C00104,P026,2,67.44,134.88,sales.csv,2026-09-29T03:58:58.984726+00:00
O003287,2026-05-24,C00180,P008,6,612.12,3672.72,sales.csv,2026-09-29T03:58:58.984726+00:00
O003405,2026-01-01,C00273,P022,8,861.08,6888.64,sales.csv,2026-09-29T03:58:58.984726+00:00
O007158,2026-04-04,C00075,P050,9,187.10,1683.90,sales.csv,2026-09-29T03:58:58.984726+00:00
O001451,2026-02-22,C00335,P009,10,710.56,7105.60,sales.csv,2026-09-29T03:58:58.984726+00:00
O002813,2026-01-08,C00317,P046,9,104.24,938.16,sales.csv,2026-09-29T03:58:58.984726+00:00
O005645,2026-05-17,C00116,P021,1,642.07,642.07,sales.csv,2026-09-29T03:58:58.984726+00:00
O007228,2026-06-10,C00019,P032,5,225.02,1125.10,sales.csv,2026-09-29T03:58:58.984726+00:00
O002093,2026-01-02,C00126,P031,6,376.85,2261.10,sales.csv,2026-09-29T03:58:58.984726+00:00
O001608,2026-03-02,C00365,P033,5,539.49,2697.45,sales.csv,2026-09-29T03:58:58.984726+00:00
O008379,2026-03-31,C00472,P018,1,917.76,917.76,sales.csv,2026-09-29T03:58:58.984726+00:00
O003264,2026-04-19,C00110,P040,9,251.32,2261.88,sales.csv,2026-09-29T03:58:58.984726+00:00
O003068,2026-03-31,C00480,P002,10,989.90,9899.00,sales.csv,2026-09-29T03:58:58.984726+00:00
O008945,2026-05-16,C00172,P012,5,193.19,965.95,sales.csv,2026-09-29T03:58:58.984726+00:00
O001092,2026-01-07,C00196,P010,1,879.51,879.51,sales.csv,2026-09-29T03:58:58.984726+00:00
O007189,2026-06-06,C00222,P032,4,793.54,3174.16,sales.csv,2026-09-29T03:58:58.984726+00:00
O005662,2026-04-04,C00327,P014,6,186.00,1116.00,sales.csv,2026-09-29T03:58:58.984726+00:00
O002145,2026-05-27,C00159,P037,8,443.79,3550.32,sales.csv,2026-09-29T03:58:58.984726+00:00
O000956,2026-01-08,C00089,P013,4,76.53,306.12,sales.csv,2026-09-29T03:58:58.984726+00:00
O009402,2026-01-08,C00132,P030,9,255.44,2298.96,sales.csv,2026-09-29T03:58:58.984726+00:00
O006387,2026-04-11,C00394,P011,1,313.66,313.66,sales.csv,2026-09-29T03:58:58.984726+00:00
O002214,2026-06-14,C00345,P042,1,424.36,424.36,sales.csv,2026-09-29T03:58:58.984726+00:00
O009116,2026-03-21,C00152,P048,3,169.11,507.33,sales.csv,2026-09-29T03:58:58.984726+00:00
O001593,2026-04-05,C00462,P036,1,2.10,2.10,sales.csv,2026-09-29T03:58:58.984726+00:00
O003475,2026-05-04,C00264,P019,5,347.29,1736.45,sales.csv,2026-09-29T03:58:58.984726+00:00
O009214,2026-02-16,C00222,P020,4,885.24,3540.96,sales.csv,2026-09-29T03:58:58.984726+00:00
O000855,2026-02-03,C00102,P026,6,900.52,5403.12,sales.csv,2026-09-29T03:58:58.984726+00:00
O006981,2026-01-06,C00095,P046,10,850.38,8503.80,sales.csv,2026-09-29T03:58:58.984726+00:00
O000464,2026-06-24,C00496,P021,6,931.00,5586.00,sales.csv,2026-09-29T03:58:58.984726+00:00
O009006,2026-05-25,C00463,P041,1,56.58,56.58,sales.csv,2026-09-29T03:58:58.984726+00:00
O008191,2026-02-01,C00426,P007,10,807.92,8079.20,sales.csv,2026-09-29T03:58:58.984726+00:00
O008192,2026-02-02,C00376,P021,7,863.16,6042.12,sales.csv,2026-09-29T03:58:58.984726+00:00
O007693,2026-04-08,C00005,P018,8,773.17,6185.36,sales.csv,2026-09-29T03:58:58.984726+00:00
O000025,2026-06-17,C00256,P026,8,188.26,1506.08,sales.csv,2026-09-29T03:58:58.984726+00:00
O007332,2026-05-04,C00059,P050,1,471.52,471.52,sales.csv,2026-09-29T03:58:58.984726+00:00
O008551,2026-03-21,C00131,P049,3,455.22,1365.66,sales.csv,2026-09-29T03:58:58.984726+00:00
O007020,2026-06-24,C00255,P027,6,748.27,4489.62,sales.csv,2026-09-29T03:58:58.984726+00:00
O001923,2026-06-10,C00031,P034,4,478.46,1913.84,sales.csv,2026-09-29T03:58:58.984726+00:00
O006803,2026-06-10,C00281,P015,6,356.79,2140.74,sales.csv,2026-09-29T03:58:58.984726+00:00
O001850,2026-02-11,C00438,P033,10,317.96,3179.60,sales.csv,2026-09-29T03:58:58.984726+00:00
O007099,2026-05-31,C00179,P028,6,577.36,3464.16,sales.csv,2026-09-29T03:58:58.984726+00:00
O008587,2026-06-06,C00073,P005,5,617.66,3088.30,sales.csv,2026-09-29T03:58:58.984726+00:00
O002732,2026-03-01,C00453,P014,3,942.82,2828.46,sales.csv,2026-09-29T03:58:58.984726+00:00
O002040,2026-03-07,C00300,P006,9,22.32,200.88,sales.csv,2026-09-29T03:58:58.984726+00:00
O003878,2026-01-05,C00201,P031,3,356.06,1068.18,sales.csv,2026-09-29T03:58:58.984726+00:00
O001275,2026-02-23,C00215,P045,6,479.51,2877.06,sales.csv,2026-09-29T03:58:58.984726+00:00
O007957,2026-02-28,C00349,P001,7,803.12,5621.84,sales.csv,2026-09-29T03:58:58.984726+00:00
O006464,2026-04-04,C00110,P007,6,911.15,5466.90,sales.csv,2026-09-29T03:58:58.984726+00:00
O001361,2026-06-13,C00260,P025,3,25.53,76.59,sales.csv,2026-09-29T03:58:58.984726+00:00
O003320,2026-02-12,C00473,P020,10,915.39,9153.90,sales.csv,2026-09-29T03:58:58.984726+00:00
O003719,2026-06-18,C00281,P025,8,153.54,1228.32,sales.csv,2026-09-29T03:58:58.984726+00:00
O005420,2026-03-28,C00242,P038,3,165.70,497.10,sales.csv,2026-09-29T03:58:58.984726+00:00
O003411,2026-06-06,C00128,P011,10,820.84,8208.40,sales.csv,2026-09-29T03:58:58.984726+00:00
O008981,2026-01-23,C00284,P013,8,711.83,5694.64,sales.csv,2026-09-29T03:58:58.984726+00:00
O006006,2026-06-01,C00191,P049,10,653.41,6534.10,sales.csv,2026-09-29T03:58:58.984726+00:00
O008869,2026-02-22,C00282,P014,10,848.49,8484.90,sales.csv,2026-09-29T03:58:58.984726+00:00
O004939,2026-06-15,C00065,P007,9,760.25,6842.25,sales.csv,2026-09-29T03:58:58.984726+00:00
O005818,2026-03-19,C00151,P009,3,473.57,1420.71,sales.csv,2026-09-29T03:58:58.984726+00:00
O001073,2026-03-28,C00056,P049,7,61.94,433.58,sales.csv,2026-09-29T03:58:58.984726+00:00
O002842,2026-06-09,C00056,P039,7,563.70,3945.90,sales.csv,2026-09-29T03:58:58.984726+00:00
O006522,2026-05-05,C00384,P037,9,929.07,8361.63,sales.csv,2026-09-29T03:58:58.984726+00:00
O003219,2026-01-10,C00165,P045,10,785.76,7857.60,sales.csv,2026-09-29T03:58:58.984726+00:00
O006217,2026-06-18,C00153,P045,2,681.87,1363.74,sales.csv,2026-09-29T03:58:58.984726+00:00
O005922,2026-02-10,C00297,P004,4,474.96,1899.84,sales.csv,2026-09-29T03:58:58.984726+00:00
O002615,2026-04-03,C00380,P024,10,694.19,6941.90,sales.csv,2026-09-29T03:58:58.984726+00:00
O001905,2026-04-07,C00293,P025,6,751.43,4508.58,sales.csv,2026-09-29T03:58:58.984726+00:00
O004565,2026-01-30,C00427,P049,7,661.47,4630.29,sales.csv,2026-09-29T03:58:58.984726+00:00
O009270,2026-03-09,C00129,P014,6,587.13,3522.78,sales.csv,2026-09-29T03:58:58.984726+00:00
O002036,2026-05-14,C00219,P019,10,63.55,635.50,sales.csv,2026-09-29T03:58:58.984726+00:00
O003727,2026-03-24,C00070,P029,4,384.98,1539.92,sales.csv,2026-09-29T03:58:58.984726+00:00
O005549,2026-06-28,C00102,P008,9,27.08,243.72,sales.csv,2026-09-29T03:58:58.984726+00:00
O001109,2026-01-02,C00170,P030,3,53.35,160.05,sales.csv,2026-09-29T03:58:58.984726+00:00
O002184,2026-05-11,C00145,P003,3,969.86,2909.58,sales.csv,2026-09-29T03:58:58.984726+00:00
O002343,2026-05-10,C00023,P030,1,96.93,96.93,sales.csv,2026-09-29T03:58:58.984726+00:00
O004373,2026-04-05,C00050,P003,5,16.33,81.65,sales.csv,2026-09-29T03:58:58.984726+00:00
O002345,2026-03-29,C00382,P026,4,520.92,2083.68,sales.csv,2026-09-29T03:58:58.984726+00:00
O003147,2026-02-13,C00015,P039,1,708.56,708.56,sales.csv,2026-09-29T03:58:58.984726+00:00
O006274,2026-04-16,C00323,P020,1,585.93,585.93,sales.csv,2026-09-29T03:58:58.984726+00:00
O002526,2026-01-12,C00122,P003,4,186.68,746.72,sales.csv,2026-09-29T03:58:58.984726+00:00
O004330,2026-06-21,C00128,P009,1,303.58,303.58,sales.csv,2026-09-29T03:58:58.984726+00:00
O006553,2026-05-20,C00031,P037,3,547.80,1643.40,sales.csv,2026-09-29T03:58:58.984726+00:00
O004968,2026-02-02,C00101,P006,3,758.38,2275.14,sales.csv,2026-09-29T03:58:58.984726+00:00
O008807,2026-05-08,C00398,P010,4,686.06,2744.24,sales.csv,2026-09-29T03:58:58.984726+00:00
O001602,2026-05-05,C00337,P028,3,111.97,335.91,sales.csv,2026-09-29T03:58:58.984726+00:00
O005456,2026-04-23,C00035,P047,2,879.61,1759.22,sales.csv,2026-09-29T03:58:58.984726+00:00
O003285,2026-02-20,C00353,P033,7,227.71,1593.97,sales.csv,2026-09-29T03:58:58.984726+00:00
O004121,2026-04-08,C00308,P031,1,900.79,900.79,sales.csv,2026-09-29T03:58:58.984726+00:00
O004714,2026-02-14,C00363,P035,2,967.06,1934.12,sales.csv,2026-09-29T03:58:58.984726+00:00
O001989,2026-03-02,C00242,P023,10,880.21,8802.10,sales.csv,2026-09-29T03:58:58.984726+00:00
O005017,2026-03-02,C00122,P037,2,198.85,397.70,sales.csv,2026-09-29T03:58:58.984726+00:00
O006682,2026-01-23,C00170,P036,6,925.34,5552.04,sales.csv,2026-09-29T03:58:58.984726+00:00
O008187,2026-05-31,C00416,P008,5,160.28,801.40,sales.csv,2026-09-29T03:58:58.984726+00:00
O000246,2026-01-12,C00163,P048,8,925.35,7402.80,sales.csv,2026-09-29T03:58:58.984726+00:00
O002089,2026-04-03,C00081,P047,5,929.20,4646.00,sales.csv,2026-09-29T03:58:58.984726+00:00
O007383,2026-03-15,C00422,P003,3,957.08,2871.24,sales.csv,2026-09-29T03:58:58.984726+00:00
O005735,2026-01-02,C00321,P022,9,422.73,3804.57,sales.csv,2026-09-29T03:58:58.984726+00:00
O001339,2026-06-20,C00107,P031,7,894.18,6259.26,sales.csv,2026-09-29T03:58:58.984726+00:00
O000131,2026-03-05,C00470,P008,8,175.77,1406.16,sales.csv,2026-09-29T03:58:58.984726+00:00
O005137,2026-01-16,C00006,P011,7,996.55,6975.85,sales.csv,2026-09-29T03:58:58.984726+00:00
O005608,2026-02-11,C00205,P009,8,52.22,417.76,sales.csv,2026-09-29T03:58:58.984726+00:00
O007306,2026-02-28,C00347,P007,3,997.91,2993.73,sales.csv,2026-09-29T03:58:58.984726+00:00
O003872,2026-04-29,C00445,P030,8,201.12,1608.96,sales.csv,2026-09-29T03:58:58.984726+00:00
O008343,2026-05-01,C00130,P044,2,573.59,1147.18,sales.csv,2026-09-29T03:58:58.984726+00:00
O005938,2026-05-09,C00448,P033,3,949.98,2849.94,sales.csv,2026-09-29T03:58:58.984726+00:00
O005150,2026-03-13,C00179,P009,1,282.16,282.16,sales.csv,2026-09-29T03:58:58.984726+00:00
O001761,2026-04-05,C00410,P044,2,247.87,495.74,sales.csv,2026-09-29T03:58:58.984726+00:00
O001558,2026-05-19,C00228,P004,3,39.00,117.00,sales.csv,2026-09-29T03:58:58.984726+00:00
O007780,2026-05-01,C00337,P032,2,441.77,883.54,sales.csv,2026-09-29T03:58:58.984726+00:00
O007180,2026-04-24,C00214,P028,2,318.77,637.54,sales.csv,2026-09-29T03:58:58.984726+00:00
O004979,2026-03-01,C00258,P021,5,475.51,2377.55,sales.csv,2026-09-29T03:58:58.984726+00:00
O005075,2026-03-17,C00191,P032,1,419.06,419.06,sales.csv,2026-09-29T03:58:58.984726+00:00
O001405,2026-06-17,C00435,P039,1,831.84,831.84,sales.csv,2026-09-29T03:58:58.984726+00:00
O007843,2026-02-02,C00345,P009,4,218.90,875.60,sales.csv,2026-09-29T03:58:58.984726+00:00
O003757,2026-03-14,C00439,P037,5,143.20,716.00,sales.csv,2026-09-29T03:58:58.984726+00:00
O008016,2026-02-01,C00040,P028,4,793.14,3172.56,sales.csv,2026-09-29T03:58:58.984726+00:00
O001431,2026-02-06,C00356,P045,1,494.62,494.62,sales.csv,2026-09-29T03:58:58.984726+00:00
O004087,2026-04-28,C00276,P022,3,334.87,1004.61,sales.csv,2026-09-29T03:58:58.984726+00:00
O008726,2026-01-30,C00078,P002,3,812.65,2437.95,sales.csv,2026-09-29T03:58:58.984726+00:00
O008440,2026-06-13,C00441,P013,6,862.91,5177.46,sales.csv,2026-09-29T03:58:58.984726+00:00
O001932,2026-03-11,C00070,P002,5,365.08,1825.40,sales.csv,2026-09-29T03:58:58.984726+00:00
O006422,2026-01-05,C00067,P024,8,729.13,5833.04,sales.csv,2026-09-29T03:58:58.984726+00:00
O003886,2026-05-06,C00007,P020,3,444.78,1334.34,sales.csv,2026-09-29T03:58:58.984726+00:00
O009471,2026-04-18,C00234,P009,1,885.01,885.01,sales.csv,2026-09-29T03:58:58.984726+00:00
O004621,2026-05-27,C00072,P021,10,522.57,5225.70,sales.csv,2026-09-29T03:58:58.984726+00:00
O004294,2026-05-14,C00288,P050,2,778.10,1556.20,sales.csv,2026-09-29T03:58:58.984726+00:00
O002194,2026-05-23,C00459,P045,8,515.83,4126.64,sales.csv,2026-09-29T03:58:58.984726+00:00
O004360,2026-05-26,C00175,P001,8,254.51,2036.08,sales.csv,2026-09-29T03:58:58.984726+00:00
O001496,2026-05-31,C00338,P031,8,538.59,4308.72,sales.csv,2026-09-29T03:58:58.984726+00:00
O005651,2026-04-29,C00254,P011,7,355.81,2490.67,sales.csv,2026-09-29T03:58:58.984726+00:00
O005279,2026-02-01,C00478,P019,1,876.16,876.16,sales.csv,2026-09-29T03:58:58.984726+00:00
O008391,2026-02-15,C00312,P015,6,921.80,5530.80,sales.csv,2026-09-29T03:58:58.984726+00:00
O005212,2026-02-09,C00031,P017,2,364.62,729.24,sales.csv,2026-09-29T03:58:58.984726+00:00
O002895,2026-04-01,C00136,P008,9,111.18,1000.62,sales.csv,2026-09-29T03:58:58.984726+00:00
O008544,2026-02-11,C00352,P049,4,922.86,3691.44,sales.csv,2026-09-29T03:58:58.984726+00:00
O000486,2026-06-08,C00328,P002,8,823.03,6584.24,sales.csv,2026-09-29T03:58:58.984726+00:00
O001219,2026-05-25,C00188,P040,5,893.08,4465.40,sales.csv,2026-09-29T03:58:58.984726+00:00
O005969,2026-02-09,C00067,P013,10,994.74,9947.40,sales.csv,2026-09-29T03:58:58.984726+00:00
O001554,2026-05-24,C00264,P007,4,712.10,2848.40,sales.csv,2026-09-29T03:58:58.984726+00:00
O007062,2026-06-22,C00296,P025,1,668.82,668.82,sales.csv,2026-09-29T03:58:58.984726+00:00
O002643,2026-06-30,C00453,P036,5,947.44,4737.20,sales.csv,2026-09-29T03:58:58.984726+00:00
O008645,2026-04-07,C00015,P047,4,197.00,788.00,sales.csv,2026-09-29T03:58:58.984726+00:00
O005384,2026-04-13,C00153,P037,8,778.36,6226.88,sales.csv,2026-09-29T03:58:58.984726+00:00
O003772,2026-03-15,C00286,P011,3,718.12,2154.36,sales.csv,2026-09-29T03:58:58.984726+00:00
O003608,2026-05-14,C00498,P027,8,614.42,4915.36,sales.csv,2026-09-29T03:58:58.984726+00:00
O001329,2026-03-10,C00065,P046,8,954.03,7632.24,sales.csv,2026-09-29T03:58:58.984726+00:00
O007160,2026-06-01,C00462,P011,8,878.93,7031.44,sales.csv,2026-09-29T03:58:58.984726+00:00
O004136,2026-01-14,C00294,P042,3,378.80,1136.40,sales.csv,2026-09-29T03:58:58.984726+00:00
O003704,2026-04-26,C00385,P007,9,338.86,3049.74,sales.csv,2026-09-29T03:58:58.984726+00:00
O002502,2026-01-09,C00061,P016,7,641.45,4490.15,sales.csv,2026-09-29T03:58:58.984726+00:00
O001885,2026-01-31,C00197,P029,6,494.27,2965.62,sales.csv,2026-09-29T03:58:58.984726+00:00
O007842,2026-04-20,C00481,P038,2,116.94,233.88,sales.csv,2026-09-29T03:58:58.984726+00:00
O002868,2026-06-14,C00496,P008,6,810.99,4865.94,sales.csv,2026-09-29T03:58:58.984726+00:00
O008071,2026-05-23,C00356,P015,6,599.57,3597.42,sales.csv,2026-09-29T03:58:58.984726+00:00
O005767,2026-06-14,C00496,P028,9,734.93,6614.37,sales.csv,2026-09-29T03:58:58.984726+00:00
O002061,2026-03-27,C00005,P007,7,545.84,3820.88,sales.csv,2026-09-29T03:58:58.984726+00:00
O000035,2026-04-27,C00002,P047,5,657.12,3285.60,sales.csv,2026-09-29T03:58:58.984726+00:00
O001685,2026-05-29,C00120,P005,1,964.98,964.98,sales.csv,2026-09-29T03:58:58.984726+00:00
O005452,2026-03-01,C00005,P009,1,177.21,177.21,sales.csv,2026-09-29T03:58:58.984726+00:00
O001250,2026-04-28,C00460,P038,1,632.72,632.72,sales.csv,2026-09-29T03:58:58.984726+00:00
O007245,2026-01-17,C00144,P025,7,720.54,5043.78,sales.csv,2026-09-29T03:58:58.984726+00:00
O001057,2026-04-07,C00207,P016,2,602.74,1205.48,sales.csv,2026-09-29T03:58:58.984726+00:00
O000329,2026-01-14,C00496,P019,10,410.53,4105.30,sales.csv,2026-09-29T03:58:58.984726+00:00
O008548,2026-03-10,C00332,P030,6,839.86,5039.16,sales.csv,2026-09-29T03:58:58.984726+00:00
O003824,2026-06-21,C00101,P041,6,384.18,2305.08,sales.csv,2026-09-29T03:58:58.984726+00:00
O007763,2026-04-12,C00245,P042,9,350.95,3158.55,sales.csv,2026-09-29T03:58:58.984726+00:00
O007128,2026-01-25,C00388,P040,7,158.69,1110.83,sales.csv,2026-09-29T03:58:58.984726+00:00
O003959,2026-06-07,C00055,P001,1,812.69,812.69,sales.csv,2026-09-29T03:58:58.984726+00:00
O007369,2026-01-02,C00271,P024,2,145.34,290.68,sales.csv,2026-09-29T03:58:58.984726+00:00
O007635,2026-01-15,C00101,P035,2,339.42,678.84,sales.csv,2026-09-29T03:58:58.984726+00:00
O002713,2026-06-08,C00029,P015,7,241.77,1692.39,sales.csv,2026-09-29T03:58:58.984726+00:00
O002511,2026-05-27,C00065,P007,6,84.22,505.32,sales.csv,2026-09-29T03:58:58.984726+00:00
O003459,2026-05-26,C00268,P016,4,336.63,1346.52,sales.csv,2026-09-29T03:58:58.984726+00:00
O003686,2026-06-24,C00182,P005,5,747.78,3738.90,sales.csv,2026-09-29T03:58:58.984726+00:00
O000775,2026-02-27,C00266,P044,8,13.17,105.36,sales.csv,2026-09-29T03:58:58.984726+00:00
O008462,2026-06-02,C00048,P041,3,627.01,1881.03,sales.csv,2026-09-29T03:58:58.984726+00:00
O001256,2026-05-22,C00477,P012,8,412.39,3299.12,sales.csv,2026-09-29T03:58:58.984726+00:00
O004656,2026-04-11,C00426,P015,4,716.89,2867.56,sales.csv,2026-09-29T03:58:58.984726+00:00
O000320,2026-02-25,C00221,P029,4,543.39,2173.56,sales.csv,2026-09-29T03:58:58.984726+00:00
O003965,2026-01-09,C00461,P008,5,186.91,934.55,sales.csv,2026-09-29T03:58:58.984726+00:00
O008492,2026-05-03,C00044,P011,3,548.75,1646.25,sales.csv,2026-09-29T03:58:58.984726+00:00
O008846,2026-06-18,C00107,P004,3,544.36,1633.08,sales.csv,2026-09-29T03:58:58.984726+00:00
O006045,2026-01-20,C00301,P046,1,317.19,317.19,sales.csv,2026-09-29T03:58:58.984726+00:00
O003270,2026-01-12,C00357,P046,5,360.36,1801.80,sales.csv,2026-09-29T03:58:58.984726+00:00
O004625,2026-05-20,C00445,P002,3,167.29,501.87,sales.csv,2026-09-29T03:58:58.984726+00:00
O002196,2026-01-08,C00457,P043,8,882.12,7056.96,sales.csv,2026-09-29T03:58:58.984726+00:00
O001059,2026-05-08,C00229,P021,2,652.91,1305.82,sales.csv,2026-09-29T03:58:58.984726+00:00
O002772,2026-01-03,C00288,P039,4,102.98,411.92,sales.csv,2026-09-29T03:58:58.984726+00:00
O007050,2026-02-04,C00048,P019,8,729.10,5832.80,sales.csv,2026-09-29T03:58:58.984726+00:00
O004788,2026-03-25,C00069,P010,10,376.80,3768.00,sales.csv,2026-09-29T03:58:58.984726+00:00
O000584,2026-01-16,C00479,P005,8,42.59,340.72,sales.csv,2026-09-29T03:58:58.984726+00:00
O003409,2026-06-06,C00318,P033,2,786.86,1573.72,sales.csv,2026-09-29T03:58:58.984726+00:00
O003597,2026-03-20,C00232,P028,9,109.74,987.66,sales.csv,2026-09-29T03:58:58.984726+00:00
O003808,2026-01-24,C00161,P023,4,975.63,3902.52,sales.csv,2026-09-29T03:58:58.984726+00:00
O003295,2026-03-15,C00092,P018,3,741.60,2224.80,sales.csv,2026-09-29T03:58:58.984726+00:00
O005696,2026-04-05,C00225,P011,9,487.19,4384.71,sales.csv,2026-09-29T03:58:58.984726+00:00
O008812,2026-03-25,C00429,P044,8,29.14,233.12,sales.csv,2026-09-29T03:58:58.984726+00:00
O004095,2026-02-16,C00063,P024,1,54.78,54.78,sales.csv,2026-09-29T03:58:58.984726+00:00
O008455,2026-01-09,C00300,P016,6,412.51,2475.06,sales.csv,2026-09-29T03:58:58.984726+00:00
O005724,2026-05-27,C00243,P020,3,848.14,2544.42,sales.csv,2026-09-29T03:58:58.984726+00:00
O002747,2026-04-04,C00263,P040,6,490.79,2944.74,sales.csv,2026-09-29T03:58:58.984726+00:00
O007445,2026-02-01,C00357,P035,7,306.75,2147.25,sales.csv,2026-09-29T03:58:58.984726+00:00
O006726,2026-06-25,C00225,P025,5,122.47,612.35,sales.csv,2026-09-29T03:58:58.984726+00:00
O002248,2026-06-18,C00348,P010,1,312.14,312.14,sales.csv,2026-09-29T03:58:58.984726+00:00
O006919,2026-03-19,C00040,P040,6,995.90,5975.40,sales.csv,2026-09-29T03:58:58.984726+00:00
O007773,2026-06-22,C00390,P016,9,845.22,7606.98,sales.csv,2026-09-29T03:58:58.984726+00:00
O006170,2026-01-12,C00215,P002,9,189.17,1702.53,sales.csv,2026-09-29T03:58:58.984726+00:00
O000818,2026-05-11,C00002,P003,1,321.53,321.53,sales.csv,2026-09-29T03:58:58.984726+00:00
O001019,2026-05-02,C00360,P010,4,912.20,3648.80,sales.csv,2026-09-29T03:58:58.984726+00:00
O007487,2026-05-03,C00196,P046,7,568.25,3977.75,sales.csv,2026-09-29T03:58:58.984726+00:00
O000512,2026-05-11,C00206,P033,1,60.38,60.38,sales.csv,2026-09-29T03:58:58.984726+00:00
O004732,2026-04-24,C00404,P046,4,740.88,2963.52,sales.csv,2026-09-29T03:58:58.984726+00:00
O000987,2026-03-27,C00336,P006,4,466.67,1866.68,sales.csv,2026-09-29T03:58:58.984726+00:00
O004270,2026-06-18,C00150,P043,5,545.70,2728.50,sales.csv,2026-09-29T03:58:58.984726+00:00
O005388,2026-04-15,C00126,P023,6,917.23,5503.38,sales.csv,2026-09-29T03:58:58.984726+00:00
O008050,2026-03-11,C00230,P020,3,207.98,623.94,sales.csv,2026-09-29T03:58:58.984726+00:00
O002019,2026-02-24,C00442,P004,5,424.58,2122.90,sales.csv,2026-09-29T03:58:58.984726+00:00
O000658,2026-05-25,C00124,P037,7,888.40,6218.80,sales.csv,2026-09-29T03:58:58.984726+00:00
O005610,2026-01-16,C00010,P035,3,355.62,1066.86,sales.csv,2026-09-29T03:58:58.984726+00:00
O008197,2026-01-18,C00265,P007,2,738.10,1476.20,sales.csv,2026-09-29T03:58:58.984726+00:00
O002440,2026-01-25,C00109,P034,1,493.39,493.39,sales.csv,2026-09-29T03:58:58.984726+00:00
O008972,2026-01-06,C00307,P013,8,127.78,1022.24,sales.csv,2026-09-29T03:58:58.984726+00:00
O002523,2026-05-17,C00228,P009,10,643.83,6438.30,sales.csv,2026-09-29T03:58:58.984726+00:00
O008352,2026-01-13,C00007,P014,7,15.07,105.49,sales.csv,2026-09-29T03:58:58.984726+00:00
O004950,2026-05-18,C00457,P002,10,591.63,5916.30,sales.csv,2026-09-29T03:58:58.984726+00:00
O005409,2026-01-05,C00270,P049,9,225.57,2030.13,sales.csv,2026-09-29T03:58:58.984726+00:00
O006048,2026-02-22,C00093,P004,3,230.95,692.85,sales.csv,2026-09-29T03:58:58.984726+00:00
O003669,2026-02-27,C00226,P042,4,191.54,766.16,sales.csv,2026-09-29T03:58:58.984726+00:00
O000459,2026-02-17,C00256,P034,7,737.19,5160.33,sales.csv,2026-09-29T03:58:58.984726+00:00
O006795,2026-04-22,C00369,P021,4,444.10,1776.40,sales.csv,2026-09-29T03:58:58.984726+00:00
O008809,2026-06-25,C00065,P045,2,855.10,1710.20,sales.csv,2026-09-29T03:58:58.984726+00:00
O006498,2026-02-21,C00283,P015,2,39.60,79.20,sales.csv,2026-09-29T03:58:58.984726+00:00
O008252,2026-03-26,C00497,P043,4,815.91,3263.64,sales.csv,2026-09-29T03:58:58.984726+00:00
O007827,2026-05-18,C00110,P018,2,281.01,562.02,sales.csv,2026-09-29T03:58:58.984726+00:00
O007326,2026-02-24,C00439,P011,9,147.20,1324.80,sales.csv,2026-09-29T03:58:58.984726+00:00
O001340,2026-03-21,C00480,P021,3,825.65,2476.95,sales.csv,2026-09-29T03:58:58.984726+00:00
O000734,2026-04-26,C00318,P004,6,13.56,81.36,sales.csv,2026-09-29T03:58:58.984726+00:00
O005386,2026-02-21,C00198,P023,7,906.21,6343.47,sales.csv,2026-09-29T03:58:58.984726+00:00
O005168,2026-01-03,C00112,P011,6,15.48,92.88,sales.csv,2026-09-29T03:58:58.984726+00:00
O003199,2026-05-10,C00370,P046,7,27.41,191.87,sales.csv,2026-09-29T03:58:58.984726+00:00
O006645,2026-02-26,C00247,P050,3,773.64,2320.92,sales.csv,2026-09-29T03:58:58.984726+00:00
O007138,2026-02-21,C00491,P045,3,167.70,503.10,sales.csv,2026-09-29T03:58:58.984726+00:00
O007208,2026-05-25,C00275,P007,3,424.96,1274.88,sales.csv,2026-09-29T03:58:58.984726+00:00
O004449,2026-03-08,C00493,P042,3,718.58,2155.74,sales.csv,2026-09-29T03:58:58.984726+00:00
O006437,2026-01-11,C00026,P040,9,565.11,5085.99,sales.csv,2026-09-29T03:58:58.984726+00:00
O000804,2026-06-12,C00391,P042,2,407.54,815.08,sales.csv,2026-09-29T03:58:58.984726+00:00
O007552,2026-05-02,C00025,P014,7,430.32,3012.24,sales.csv,2026-09-29T03:58:58.984726+00:00
O001454,2026-02-07,C00336,P037,3,417.14,1251.42,sales.csv,2026-09-29T03:58:58.984726+00:00
O001273,2026-03-09,C00122,P018,8,804.58,6436.64,sales.csv,2026-09-29T03:58:58.984726+00:00
O004476,2026-01-27,C00047,P007,10,597.04,5970.40,sales.csv,2026-09-29T03:58:58.984726+00:00
O007686,2026-04-01,C00221,P009,4,675.78,2703.12,sales.csv,2026-09-29T03:58:58.984726+00:00
O001084,2026-06-29,C00281,P021,9,830.13,7471.17,sales.csv,2026-09-29T03:58:58.984726+00:00
O008628,2026-01-08,C00085,P041,9,893.15,8038.35,sales.csv,2026-09-29T03:58:58.984726+00:00
O006574,2026-04-16,C00032,P012,1,910.22,910.22,sales.csv,2026-09-29T03:58:58.984726+00:00
O008901,2026-01-07,C00032,P047,6,276.17,1657.02,sales.csv,2026-09-29T03:58:58.984726+00:00
O004962,2026-01-18,C00200,P002,2,104.63,209.26,sales.csv,2026-09-29T03:58:58.984726+00:00
O008357,2026-04-27,C00170,P014,10,151.37,1513.70,sales.csv,2026-09-29T03:58:58.984726+00:00
O000483,2026-06-04,C00173,P037,1,38.18,38.18,sales.csv,2026-09-29T03:58:58.984726+00:00
O005962,2026-04-23,C00175,P015,6,695.82,4174.92,sales.csv,2026-09-29T03:58:58.984726+00:00
O008694,2026-06-11,C00199,P009,10,931.70,9317.00,sales.csv,2026-09-29T03:58:58.984726+00:00
O000509,2026-06-09,C00349,P040,2,169.64,339.28,sales.csv,2026-09-29T03:58:58.984726+00:00
O006281,2026-01-05,C00235,P010,9,666.37,5997.33,sales.csv,2026-09-29T03:58:58.984726+00:00
O003203,2026-05-12,C00381,P002,5,360.20,1801.00,sales.csv,2026-09-29T03:58:58.984726+00:00
O008528,2026-01-05,C00044,P037,10,113.19,1131.90,sales.csv,2026-09-29T03:58:58.984726+00:00
O004189,2026-01-21,C00343,P030,6,809.44,4856.64,sales.csv,2026-09-29T03:58:58.984726+00:00
O003167,2026-06-26,C00135,P040,7,828.09,5796.63,sales.csv,2026-09-29T03:58:58.984726+00:00
O001036,2026-02-05,C00340,P042,3,431.78,1295.34,sales.csv,2026-09-29T03:58:58.984726+00:00
O008773,2026-04-06,C00282,P022,5,467.70,2338.50,sales.csv,2026-09-29T03:58:58.984726+00:00
O001475,2026-05-18,C00203,P048,1,731.98,731.98,sales.csv,2026-09-29T03:58:58.984726+00:00
O001769,2026-01-06,C00447,P015,9,845.98,7613.82,sales.csv,2026-09-29T03:58:58.984726+00:00
O008285,2026-03-04,C00322,P027,6,416.51,2499.06,sales.csv,2026-09-29T03:58:58.984726+00:00
O000179,2026-05-13,C00486,P013,2,317.35,634.70,sales.csv,2026-09-29T03:58:58.984726+00:00
O008928,2026-04-26,C00102,P042,10,562.87,5628.70,sales.csv,2026-09-29T03:58:58.984726+00:00
O003871,2026-04-30,C00451,P030,6,529.53,3177.18,sales.csv,2026-09-29T03:58:58.984726+00:00
O009249,2026-04-08,C00156,P048,9,57.22,514.98,sales.csv,2026-09-29T03:58:58.984726+00:00
O000423,2026-01-05,C00324,P033,10,318.11,3181.10,sales.csv,2026-09-29T03:58:58.984726+00:00
O003071,2026-04-20,C00401,P047,1,144.14,144.14,sales.csv,2026-09-29T03:58:58.984726+00:00
O008753,2026-05-09,C00373,P005,2,856.01,1712.02,sales.csv,2026-09-29T03:58:58.984726+00:00
O007254,2026-06-05,C00149,P016,3,853.55,2560.65,sales.csv,2026-09-29T03:58:58.984726+00:00
O007448,2026-03-23,C00120,P007,6,511.67,3070.02,sales.csv,2026-09-29T03:58:58.984726+00:00
O002737,2026-02-23,C00313,P039,2,200.75,401.50,sales.csv,2026-09-29T03:58:58.984726+00:00
O007240,2026-04-11,C00485,P043,10,482.66,4826.60,sales.csv,2026-09-29T03:58:58.984726+00:00
O002678,2026-05-16,C00172,P039,3,891.54,2674.62,sales.csv,2026-09-29T03:58:58.984726+00:00
O008152,2026-02-23,C00291,P032,7,828.19,5797.33,sales.csv,2026-09-29T03:58:58.984726+00:00
O001380,2026-02-15,C00286,P048,9,545.19,4906.71,sales.csv,2026-09-29T03:58:58.984726+00:00
O008400,2026-04-10,C00001,P036,10,468.46,4684.60,sales.csv,2026-09-29T03:58:58.984726+00:00
O005369,2026-04-23,C00334,P025,1,604.43,604.43,sales.csv,2026-09-29T03:58:58.984726+00:00
O005275,2026-05-28,C00196,P026,5,586.47,2932.35,sales.csv,2026-09-29T03:58:58.984726+00:00
O005567,2026-03-05,C00223,P036,5,143.42,717.10,sales.csv,2026-09-29T03:58:58.984726+00:00
O000661,2026-01-26,C00224,P015,2,447.42,894.84,sales.csv,2026-09-29T03:58:58.984726+00:00
O004819,2026-02-11,C00217,P034,1,714.52,714.52,sales.csv,2026-09-29T03:58:58.984726+00:00
O004467,2026-02-27,C00375,P007,6,317.46,1904.76,sales.csv,2026-09-29T03:58:58.984726+00:00
O006435,2026-04-30,C00357,P039,6,304.12,1824.72,sales.csv,2026-09-29T03:58:58.984726+00:00
O007365,2026-01-26,C00400,P004,8,12.58,100.64,sales.csv,2026-09-29T03:58:58.984726+00:00
O000389,2026-06-02,C00363,P006,5,733.59,3667.95,sales.csv,2026-09-29T03:58:58.984726+00:00
O003723,2026-06-18,C00363,P049,10,130.47,1304.70,sales.csv,2026-09-29T03:58:58.984726+00:00
O009223,2026-04-16,C00003,P038,7,666.81,4667.67,sales.csv,2026-09-29T03:58:58.984726+00:00
O000812,2026-01-31,C00395,P002,6,563.72,3382.32,sales.csv,2026-09-29T03:58:58.984726+00:00
O008064,2026-06-14,C00128,P008,7,812.65,5688.55,sales.csv,2026-09-29T03:58:58.984726+00:00
O008817,2026-01-05,C00124,P018,9,824.61,7421.49,sales.csv,2026-09-29T03:58:58.984726+00:00
O004105,2026-06-07,C00009,P011,2,749.73,1499.46,sales.csv,2026-09-29T03:58:58.984726+00:00
O008261,2026-02-04,C00174,P002,7,915.20,6406.40,sales.csv,2026-09-29T03:58:58.984726+00:00
O008136,2026-03-31,C00343,P039,6,528.13,3168.78,sales.csv,2026-09-29T03:58:58.984726+00:00
O003813,2026-02-11,C00213,P008,9,811.40,7302.60,sales.csv,2026-09-29T03:58:58.984726+00:00
O001021,2026-06-19,C00052,P043,9,354.86,3193.74,sales.csv,2026-09-29T03:58:58.984726+00:00
O007317,2026-06-01,C00013,P048,5,825.06,4125.30,sales.csv,2026-09-29T03:58:58.984726+00:00
O008019,2026-04-28,C00155,P045,2,407.02,814.04,sales.csv,2026-09-29T03:58:58.984726+00:00
O008513,2026-05-12,C00257,P039,8,201.74,1613.92,sales.csv,2026-09-29T03:58:58.984726+00:00
O004772,2026-01-13,C00325,P010,3,152.46,457.38,sales.csv,2026-09-29T03:58:58.984726+00:00
O002684,2026-01-29,C00296,P028,5,190.61,953.05,sales.csv,2026-09-29T03:58:58.984726+00:00
O005242,2026-04-11,C00101,P044,5,793.53,3967.65,sales.csv,2026-09-29T03:58:58.984726+00:00
O008222,2026-03-24,C00116,P026,1,510.21,510.21,sales.csv,2026-09-29T03:58:58.984726+00:00
O000044,2026-03-09,C00271,P039,7,278.60,1950.20,sales.csv,2026-09-29T03:58:58.984726+00:00
O005239,2026-05-27,C00263,P026,6,475.04,2850.24,sales.csv,2026-09-29T03:58:58.984726+00:00
O005282,2026-03-19,C00398,P021,5,280.82,1404.10,sales.csv,2026-09-29T03:58:58.984726+00:00
O007330,2026-05-21,C00127,P026,10,99.98,999.80,sales.csv,2026-09-29T03:58:58.984726+00:00
O009429,2026-04-01,C00173,P005,3,519.51,1558.53,sales.csv,2026-09-29T03:58:58.984726+00:00
O008394,2026-04-01,C00289,P027,8,421.97,3375.76,sales.csv,2026-09-29T03:58:58.984726+00:00
O000994,2026-02-21,C00176,P027,10,600.74,6007.40,sales.csv,2026-09-29T03:58:58.984726+00:00
O001217,2026-04-03,C00055,P010,7,855.03,5985.21,sales.csv,2026-09-29T03:58:58.984726+00:00
O004605,2026-06-25,C00311,P029,4,994.36,3977.44,sales.csv,2026-09-29T03:58:58.984726+00:00
O001272,2026-04-03,C00314,P017,3,720.01,2160.03,sales.csv,2026-09-29T03:58:58.984726+00:00
O003234,2026-04-06,C00266,P039,5,619.80,3099.00,sales.csv,2026-09-29T03:58:58.984726+00:00
O005915,2026-06-23,C00065,P030,3,517.73,1553.19,sales.csv,2026-09-29T03:58:58.984726+00:00
O009499,2026-04-29,C00006,P048,5,578.81,2894.05,sales.csv,2026-09-29T03:58:58.984726+00:00
O004636,2026-04-10,C00245,P013,9,861.78,7756.02,sales.csv,2026-09-29T03:58:58.984726+00:00
O000380,2026-06-15,C00089,P003,4,928.49,3713.96,sales.csv,2026-09-29T03:58:58.984726+00:00
O003420,2026-01-29,C00412,P039,6,209.75,1258.50,sales.csv,2026-09-29T03:58:58.984726+00:00
O005538,2026-01-31,C00306,P028,3,286.35,859.05,sales.csv,2026-09-29T03:58:58.984726+00:00
O007919,2026-06-13,C00391,P031,4,59.46,237.84,sales.csv,2026-09-29T03:58:58.984726+00:00
O001371,2026-01-13,C00188,P015,10,941.89,9418.90,sales.csv,2026-09-29T03:58:58.984726+00:00
O004897,2026-02-09,C00288,P022,2,506.85,1013.70,sales.csv,2026-09-29T03:58:58.984726+00:00
O000669,2026-04-10,C00163,P024,2,120.95,241.90,sales.csv,2026-09-29T03:58:58.984726+00:00
O002804,2026-05-23,C00499,P026,4,808.75,3235.00,sales.csv,2026-09-29T03:58:58.984726+00:00
O002796,2026-01-30,C00101,P031,2,460.55,921.10,sales.csv,2026-09-29T03:58:58.984726+00:00
O000258,2026-02-12,C00356,P020,1,61.28,61.28,sales.csv,2026-09-29T03:58:58.984726+00:00
O009140,2026-02-28,C00420,P016,5,762.04,3810.20,sales.csv,2026-09-29T03:58:58.984726+00:00
O007249,2026-02-28,C00339,P023,9,563.24,5069.16,sales.csv,2026-09-29T03:58:58.984726+00:00
O009386,2026-06-02,C00041,P006,2,485.21,970.42,sales.csv,2026-09-29T03:58:58.984726+00:00
O004204,2026-04-17,C00243,P002,6,486.46,2918.76,sales.csv,2026-09-29T03:58:58.984726+00:00
O006505,2026-03-18,C00374,P031,1,581.58,581.58,sales.csv,2026-09-29T03:58:58.984726+00:00
O003094,2026-04-24,C00058,P033,2,311.61,623.22,sales.csv,2026-09-29T03:58:58.984726+00:00
O001571,2026-01-29,C00180,P031,8,224.87,1798.96,sales.csv,2026-09-29T03:58:58.984726+00:00
O005241,2026-03-18,C00336,P003,8,566.55,4532.40,sales.csv,2026-09-29T03:58:58.984726+00:00
O002942,2026-01-14,C00251,P020,1,565.03,565.03,sales.csv,2026-09-29T03:58:58.984726+00:00
O009097,2026-06-04,C00044,P010,10,356.03,3560.30,sales.csv,2026-09-29T03:58:58.984726+00:00
O006741,2026-04-23,C00254,P042,7,557.95,3905.65,sales.csv,2026-09-29T03:58:58.984726+00:00
O007673,2026-02-02,C00131,P013,9,607.96,5471.64,sales.csv,2026-09-29T03:58:58.984726+00:00
O009079,2026-06-02,C00268,P009,5,525.31,2626.55,sales.csv,2026-09-29T03:58:58.984726+00:00
O001851,2026-05-10,C00292,P005,2,758.77,1517.54,sales.csv,2026-09-29T03:58:58.984726+00:00
O001816,2026-01-31,C00392,P018,8,88.45,707.60,sales.csv,2026-09-29T03:58:58.984726+00:00
O008283,2026-01-16,C00136,P043,5,694.66,3473.30,sales.csv,2026-09-29T03:58:58.984726+00:00
O008682,2026-05-21,C00320,P004,6,719.42,4316.52,sales.csv,2026-09-29T03:58:58.984726+00:00
O006569,2026-04-20,C00009,P033,4,418.17,1672.68,sales.csv,2026-09-29T03:58:58.984726+00:00
O001368,2026-01-09,C00104,P007,8,252.15,2017.20,sales.csv,2026-09-29T03:58:58.984726+00:00
O001664,2026-05-27,C00373,P017,8,25.59,204.72,sales.csv,2026-09-29T03:58:58.984726+00:00
O000436,2026-03-17,C00104,P003,4,55.92,223.68,sales.csv,2026-09-29T03:58:58.984726+00:00
O008096,2026-03-01,C00089,P033,3,364.94,1094.82,sales.csv,2026-09-29T03:58:58.984726+00:00
O006329,2026-05-16,C00382,P013,10,111.93,1119.30,sales.csv,2026-09-29T03:58:58.984726+00:00
O002744,2026-06-16,C00474,P009,2,746.45,1492.90,sales.csv,2026-09-29T03:58:58.984726+00:00
O003525,2026-04-30,C00313,P042,4,986.54,3946.16,sales.csv,2026-09-29T03:58:58.984726+00:00
O008512,2026-01-14,C00223,P006,3,806.85,2420.55,sales.csv,2026-09-29T03:58:58.984726+00:00
O008727,2026-01-23,C00453,P045,4,659.63,2638.52,sales.csv,2026-09-29T03:58:58.984726+00:00
O007657,2026-04-08,C00354,P040,2,23.63,47.26,sales.csv,2026-09-29T03:58:58.984726+00:00
O008774,2026-03-22,C00446,P008,4,813.91,3255.64,sales.csv,2026-09-29T03:58:58.984726+00:00
O009090,2026-01-28,C00186,P004,6,197.86,1187.16,sales.csv,2026-09-29T03:58:58.984726+00:00
O001831,2026-04-16,C00175,P011,2,286.57,573.14,sales.csv,2026-09-29T03:58:58.984726+00:00
O008665,2026-04-28,C00120,P034,7,450.93,3156.51,sales.csv,2026-09-29T03:58:58.984726+00:00
O008620,2026-01-17,C00410,P007,3,820.91,2462.73,sales.csv,2026-09-29T03:58:58.984726+00:00
O002688,2026-03-27,C00071,P042,4,503.24,2012.96,sales.csv,2026-09-29T03:58:58.984726+00:00
O002418,2026-04-27,C00484,P044,3,334.30,1002.90,sales.csv,2026-09-29T03:58:58.984726+00:00
O008637,2026-01-21,C00343,P015,3,809.57,2428.71,sales.csv,2026-09-29T03:58:58.984726+00:00
O002625,2026-04-04,C00230,P041,2,572.63,1145.26,sales.csv,2026-09-29T03:58:58.984726+00:00
O006298,2026-04-04,C00128,P001,3,723.62,2170.86,sales.csv,2026-09-29T03:58:58.984726+00:00
O007388,2026-03-17,C00488,P044,2,94.87,189.74,sales.csv,2026-09-29T03:58:58.984726+00:00
O003063,2026-03-18,C00424,P006,1,366.81,366.81,sales.csv,2026-09-29T03:58:58.984726+00:00
O005740,2026-04-08,C00149,P016,7,890.77,6235.39,sales.csv,2026-09-29T03:58:58.984726+00:00
O009201,2026-05-15,C00496,P001,5,372.01,1860.05,sales.csv,2026-09-29T03:58:58.984726+00:00
O003825,2026-01-22,C00182,P039,8,21.91,175.28,sales.csv,2026-09-29T03:58:58.984726+00:00
O001247,2026-03-07,C00449,P035,10,328.86,3288.60,sales.csv,2026-09-29T03:58:58.984726+00:00
O004347,2026-05-31,C00233,P023,5,845.43,4227.15,sales.csv,2026-09-29T03:58:58.984726+00:00
O002916,2026-06-23,C00390,P001,10,462.56,4625.60,sales.csv,2026-09-29T03:58:58.984726+00:00
O003518,2026-04-12,C00413,P032,1,693.58,693.58,sales.csv,2026-09-29T03:58:58.984726+00:00
O009157,2026-06-25,C00061,P020,9,287.18,2584.62,sales.csv,2026-09-29T03:58:58.984726+00:00
O000410,2026-04-22,C00047,P015,8,459.20,3673.60,sales.csv,2026-09-29T03:58:58.984726+00:00
O008633,2026-05-31,C00473,P046,10,690.40,6904.00,sales.csv,2026-09-29T03:58:58.984726+00:00
O006234,2026-03-26,C00112,P033,6,887.37,5324.22,sales.csv,2026-09-29T03:58:58.984726+00:00
O001856,2026-04-23,C00345,P007,3,466.07,1398.21,sales.csv,2026-09-29T03:58:58.984726+00:00
O002749,2026-03-09,C00450,P044,1,814.45,814.45,sales.csv,2026-09-29T03:58:58.984726+00:00
O009125,2026-02-02,C00277,P035,8,393.20,3145.60,sales.csv,2026-09-29T03:58:58.984726+00:00
O002929,2026-03-04,C00296,P048,7,472.09,3304.63,sales.csv,2026-09-29T03:58:58.984726+00:00
O001869,2026-02-13,C00034,P024,4,444.85,1779.40,sales.csv,2026-09-29T03:58:58.984726+00:00
O004638,2026-04-08,C00400,P005,10,84.20,842.00,sales.csv,2026-09-29T03:58:58.984726+00:00
O003312,2026-03-20,C00084,P030,9,245.00,2205.00,sales.csv,2026-09-29T03:58:58.984726+00:00
O000159,2026-05-02,C00343,P008,10,286.69,2866.90,sales.csv,2026-09-29T03:58:58.984726+00:00
O003890,2026-02-02,C00190,P037,8,83.73,669.84,sales.csv,2026-09-29T03:58:58.984726+00:00
O000764,2026-05-07,C00138,P021,5,443.70,2218.50,sales.csv,2026-09-29T03:58:58.984726+00:00
O000873,2026-05-01,C00272,P023,10,306.08,3060.80,sales.csv,2026-09-29T03:58:58.984726+00:00
O004170,2026-03-26,C00100,P020,9,218.50,1966.50,sales.csv,2026-09-29T03:58:58.984726+00:00
O000544,2026-05-16,C00116,P041,4,69.80,279.20,sales.csv,2026-09-29T03:58:58.984726+00:00
O003054,2026-03-16,C00445,P042,4,691.54,2766.16,sales.csv,2026-09-29T03:58:58.984726+00:00
O002305,2026-01-22,C00161,P013,7,915.80,6410.60,sales.csv,2026-09-29T03:58:58.984726+00:00
O007908,2026-06-29,C00014,P013,1,453.72,453.72,sales.csv,2026-09-29T03:58:58.984726+00:00
O002186,2026-04-12,C00358,P008,3,951.36,2854.08,sales.csv,2026-09-29T03:58:58.984726+00:00
O007409,2026-01-14,C00435,P031,6,888.54,5331.24,sales.csv,2026-09-29T03:58:58.984726+00:00
O000960,2026-01-08,C00124,P024,8,779.62,6236.96,sales.csv,2026-09-29T03:58:58.984726+00:00
O007622,2026-01-20,C00259,P044,4,12.35,49.40,sales.csv,2026-09-29T03:58:58.984726+00:00
O001889,2026-04-10,C00250,P049,2,746.60,1493.20,sales.csv,2026-09-29T03:58:58.984726+00:00
O007133,2026-06-24,C00194,P034,4,256.29,1025.16,sales.csv,2026-09-29T03:58:58.984726+00:00
O004989,2026-04-08,C00351,P011,2,623.24,1246.48,sales.csv,2026-09-29T03:58:58.984726+00:00
O008075,2026-02-16,C00118,P028,5,133.99,669.95,sales.csv,2026-09-29T03:58:58.984726+00:00
O004665,2026-01-07,C00488,P042,8,681.17,5449.36,sales.csv,2026-09-29T03:58:58.984726+00:00
O008649,2026-02-26,C00137,P041,6,989.79,5938.74,sales.csv,2026-09-29T03:58:58.984726+00:00
O001192,2026-01-12,C00066,P037,10,212.19,2121.90,sales.csv,2026-09-29T03:58:58.984726+00:00
O006107,2026-02-04,C00488,P004,2,187.96,375.92,sales.csv,2026-09-29T03:58:58.984726+00:00
O001864,2026-04-15,C00149,P028,4,92.23,368.92,sales.csv,2026-09-29T03:58:58.984726+00:00
O007881,2026-06-24,C00011,P025,5,746.96,3734.80,sales.csv,2026-09-29T03:58:58.984726+00:00
O008361,2026-06-06,C00198,P036,8,953.74,7629.92,sales.csv,2026-09-29T03:58:58.984726+00:00
O003584,2026-02-16,C00008,P010,1,312.72,312.72,sales.csv,2026-09-29T03:58:58.984726+00:00
O004214,2026-06-23,C00352,P045,6,874.01,5244.06,sales.csv,2026-09-29T03:58:58.984726+00:00
O005062,2026-01-02,C00390,P037,6,183.45,1100.70,sales.csv,2026-09-29T03:58:58.984726+00:00
O008559,2026-05-27,C00395,P044,10,587.27,5872.70,sales.csv,2026-09-29T03:58:58.984726+00:00
O002854,2026-05-24,C00143,P046,10,880.94,8809.40,sales.csv,2026-09-29T03:58:58.984726+00:00
O003483,2026-03-20,C00257,P020,6,696.20,4177.20,sales.csv,2026-09-29T03:58:58.984726+00:00
O005616,2026-05-02,C00135,P048,2,726.26,1452.52,sales.csv,2026-09-29T03:58:58.984726+00:00
O007585,2026-02-03,C00483,P027,7,42.80,299.60,sales.csv,2026-09-29T03:58:58.984726+00:00
O001298,2026-05-31,C00267,P029,7,220.30,1542.10,sales.csv,2026-09-29T03:58:58.984726+00:00
O000094,2026-04-04,C00461,P003,6,276.35,1658.10,sales.csv,2026-09-29T03:58:58.984726+00:00
O000128,2026-02-07,C00336,P045,1,985.30,985.30,sales.csv,2026-09-29T03:58:58.984726+00:00
O009398,2026-01-03,C00279,P015,5,672.74,3363.70,sales.csv,2026-09-29T03:58:58.984726+00:00
O006535,2026-06-25,C00231,P028,3,181.18,543.54,sales.csv,2026-09-29T03:58:58.984726+00:00
O005247,2026-03-17,C00496,P010,5,284.69,1423.45,sales.csv,2026-09-29T03:58:58.984726+00:00
O007962,2026-04-08,C00442,P017,5,697.07,3485.35,sales.csv,2026-09-29T03:58:58.984726+00:00
O007480,2026-03-23,C00160,P041,3,394.32,1182.96,sales.csv,2026-09-29T03:58:58.984726+00:00
O001601,2026-01-03,C00037,P042,1,189.73,189.73,sales.csv,2026-09-29T03:58:58.984726+00:00
O004013,2026-05-02,C00441,P025,9,129.45,1165.05,sales.csv,2026-09-29T03:58:58.984726+00:00
O000298,2026-06-25,C00189,P035,6,80.36,482.16,sales.csv,2026-09-29T03:58:58.984726+00:00
O005697,2026-05-06,C00169,P041,10,457.82,4578.20,sales.csv,2026-09-29T03:58:58.984726+00:00
O001842,2026-01-05,C00397,P031,7,56.72,397.04,sales.csv,2026-09-29T03:58:58.984726+00:00
O000573,2026-05-15,C00229,P034,6,103.37,620.22,sales.csv,2026-09-29T03:58:58.984726+00:00
O003069,2026-03-28,C00473,P017,10,284.82,2848.20,sales.csv,2026-09-29T03:58:58.984726+00:00
O007929,2026-03-18,C00412,P031,7,154.83,1083.81,sales.csv,2026-09-29T03:58:58.984726+00:00
O006987,2026-06-09,C00416,P010,4,1.61,6.44,sales.csv,2026-09-29T03:58:58.984726+00:00
O002003,2026-05-01,C00134,P011,8,573.03,4584.24,sales.csv,2026-09-29T03:58:58.984726+00:00
O004005,2026-01-08,C00152,P008,4,244.41,977.64,sales.csv,2026-09-29T03:58:58.984726+00:00
O003008,2026-02-04,C00327,P037,9,262.79,2365.11,sales.csv,2026-09-29T03:58:58.984726+00:00
O000746,2026-04-26,C00135,P023,2,576.49,1152.98,sales.csv,2026-09-29T03:58:58.984726+00:00
O007947,2026-02-27,C00255,P030,10,241.82,2418.20,sales.csv,2026-09-29T03:58:58.984726+00:00
O002752,2026-04-07,C00082,P037,7,96.65,676.55,sales.csv,2026-09-29T03:58:58.984726+00:00
O001304,2026-06-08,C00080,P006,7,406.49,2845.43,sales.csv,2026-09-29T03:58:58.984726+00:00
O002908,2026-02-22,C00088,P014,6,835.79,5014.74,sales.csv,2026-09-29T03:58:58.984726+00:00
O008541,2026-05-08,C00285,P048,6,37.80,226.80,sales.csv,2026-09-29T03:58:58.984726+00:00
O004770,2026-02-23,C00352,P038,8,122.80,982.40,sales.csv,2026-09-29T03:58:58.984726+00:00
O001091,2026-04-19,C00414,P001,9,140.55,1264.95,sales.csv,2026-09-29T03:58:58.984726+00:00
O003553,2026-06-16,C00154,P015,2,853.53,1707.06,sales.csv,2026-09-29T03:58:58.984726+00:00
O006472,2026-03-09,C00322,P043,9,603.93,5435.37,sales.csv,2026-09-29T03:58:58.984726+00:00
O003971,2026-06-27,C00079,P014,2,522.06,1044.12,sales.csv,2026-09-29T03:58:58.984726+00:00
O001200,2026-06-18,C00262,P017,3,950.20,2850.60,sales.csv,2026-09-29T03:58:58.984726+00:00
O003544,2026-02-22,C00395,P025,10,164.38,1643.80,sales.csv,2026-09-29T03:58:58.984726+00:00
O002489,2026-04-11,C00201,P005,9,953.57,8582.13,sales.csv,2026-09-29T03:58:58.984726+00:00
O005961,2026-01-03,C00322,P008,2,271.05,542.10,sales.csv,2026-09-29T03:58:58.984726+00:00
O001629,2026-02-16,C00410,P034,1,450.37,450.37,sales.csv,2026-09-29T03:58:58.984726+00:00
O003940,2026-03-31,C00360,P006,10,483.49,4834.90,sales.csv,2026-09-29T03:58:58.984726+00:00
O002512,2026-05-18,C00095,P026,1,517.15,517.15,sales.csv,2026-09-29T03:58:58.984726+00:00
O000097,2026-02-09,C00474,P016,3,233.06,699.18,sales.csv,2026-09-29T03:58:58.984726+00:00
O002956,2026-05-15,C00227,P045,6,661.36,3968.16,sales.csv,2026-09-29T03:58:58.984726+00:00
O008212,2026-04-26,C00002,P039,4,324.65,1298.60,sales.csv,2026-09-29T03:58:58.984726+00:00
O001570,2026-04-27,C00250,P002,2,624.03,1248.06,sales.csv,2026-09-29T03:58:58.984726+00:00
O003524,2026-02-10,C00409,P033,2,753.25,1506.50,sales.csv,2026-09-29T03:58:58.984726+00:00
O006317,2026-05-25,C00318,P009,1,504.09,504.09,sales.csv,2026-09-29T03:58:58.984726+00:00
O001258,2026-06-24,C00477,P013,8,967.14,7737.12,sales.csv,2026-09-29T03:58:58.984726+00:00
O008854,2026-04-08,C00365,P042,2,136.09,272.18,sales.csv,2026-09-29T03:58:58.984726+00:00
O002621,2026-06-08,C00176,P020,8,998.44,7987.52,sales.csv,2026-09-29T03:58:58.984726+00:00
O002585,2026-02-05,C00182,P048,7,8.61,60.27,sales.csv,2026-09-29T03:58:58.984726+00:00
O001492,2026-06-10,C00093,P008,3,266.88,800.64,sales.csv,2026-09-29T03:58:58.984726+00:00
O000039,2026-06-03,C00166,P032,1,147.62,147.62,sales.csv,2026-09-29T03:58:58.984726+00:00
O004059,2026-01-16,C00386,P028,1,421.06,421.06,sales.csv,2026-09-29T03:58:58.984726+00:00
O008091,2026-03-31,C00367,P048,4,956.81,3827.24,sales.csv,2026-09-29T03:58:58.984726+00:00
O008094,2026-03-27,C00355,P032,6,470.16,2820.96,sales.csv,2026-09-29T03:58:58.984726+00:00
O003334,2026-04-11,C00274,P005,6,641.03,3846.18,sales.csv,2026-09-29T03:58:58.984726+00:00
O002216,2026-06-24,C00266,P030,8,474.78,3798.24,sales.csv,2026-09-29T03:58:58.984726+00:00
O001117,2026-04-03,C00151,P014,10,696.33,6963.30,sales.csv,2026-09-29T03:58:58.984726+00:00
O006895,2026-04-18,C00441,P012,5,54.11,270.55,sales.csv,2026-09-29T03:58:58.984726+00:00
O007683,2026-01-22,C00325,P033,10,662.99,6629.90,sales.csv,2026-09-29T03:58:58.984726+00:00
O004389,2026-06-19,C00231,P015,10,177.31,1773.10,sales.csv,2026-09-29T03:58:58.984726+00:00
O003124,2026-06-26,C00086,P005,3,675.88,2027.64,sales.csv,2026-09-29T03:58:58.984726+00:00
O006473,2026-04-12,C00281,P001,6,901.02,5406.12,sales.csv,2026-09-29T03:58:58.984726+00:00
O000454,2026-04-09,C00487,P037,1,794.10,794.10,sales.csv,2026-09-29T03:58:58.984726+00:00
O004057,2026-02-12,C00127,P041,7,821.01,5747.07,sales.csv,2026-09-29T03:58:58.984726+00:00
O001663,2026-03-08,C00053,P003,2,93.29,186.58,sales.csv,2026-09-29T03:58:58.984726+00:00
O003856,2026-05-19,C00295,P013,2,922.26,1844.52,sales.csv,2026-09-29T03:58:58.984726+00:00
O009111,2026-06-23,C00171,P024,9,621.58,5594.22,sales.csv,2026-09-29T03:58:58.984726+00:00
O004911,2026-03-29,C00096,P016,1,334.59,334.59,sales.csv,2026-09-29T03:58:58.984726+00:00
O003761,2026-01-10,C00427,P025,3,110.58,331.74,sales.csv,2026-09-29T03:58:58.984726+00:00
O001421,2026-02-18,C00165,P023,10,860.05,8600.50,sales.csv,2026-09-29T03:58:58.984726+00:00
O008894,2026-02-27,C00124,P001,10,939.14,9391.40,sales.csv,2026-09-29T03:58:58.984726+00:00
O005309,2026-02-12,C00466,P003,4,160.41,641.64,sales.csv,2026-09-29T03:58:58.984726+00:00
O007000,2026-01-23,C00421,P045,6,625.93,3755.58,sales.csv,2026-09-29T03:58:58.984726+00:00
O001367,2026-06-18,C00035,P003,3,235.14,705.42,sales.csv,2026-09-29T03:58:58.984726+00:00
O005902,2026-03-31,C00046,P009,1,859.34,859.34,sales.csv,2026-09-29T03:58:58.984726+00:00
O004028,2026-06-03,C00170,P028,2,901.21,1802.42,sales.csv,2026-09-29T03:58:58.984726+00:00
O000312,2026-06-18,C00267,P020,8,844.23,6753.84,sales.csv,2026-09-29T03:58:58.984726+00:00
O004175,2026-06-09,C00168,P019,6,67.73,406.38,sales.csv,2026-09-29T03:58:58.984726+00:00
O004106,2026-06-07,C00499,P018,8,164.26,1314.08,sales.csv,2026-09-29T03:58:58.984726+00:00
O004454,2026-04-13,C00317,P044,5,952.56,4762.80,sales.csv,2026-09-29T03:58:58.984726+00:00
O002776,2026-03-23,C00059,P044,7,345.46,2418.22,sales.csv,2026-09-29T03:58:58.984726+00:00
O007715,2026-04-19,C00249,P027,8,659.48,5275.84,sales.csv,2026-09-29T03:58:58.984726+00:00
O006327,2026-02-14,C00026,P034,5,797.92,3989.60,sales.csv,2026-09-29T03:58:58.984726+00:00
O008228,2026-01-04,C00460,P042,4,532.21,2128.84,sales.csv,2026-09-29T03:58:58.984726+00:00
O002766,2026-04-26,C00447,P027,9,281.63,2534.67,sales.csv,2026-09-29T03:58:58.984726+00:00
O006486,2026-02-10,C00115,P047,9,444.21,3997.89,sales.csv,2026-09-29T03:58:58.984726+00:00
O009379,2026-02-10,C00048,P041,10,599.72,5997.20,sales.csv,2026-09-29T03:58:58.984726+00:00
O000790,2026-05-13,C00311,P033,4,981.21,3924.84,sales.csv,2026-09-29T03:58:58.984726+00:00
O008572,2026-01-25,C00462,P008,2,907.32,1814.64,sales.csv,2026-09-29T03:58:58.984726+00:00
O006330,2026-02-09,C00065,P026,1,39.44,39.44,sales.csv,2026-09-29T03:58:58.984726+00:00
O004887,2026-05-22,C00329,P016,3,639.98,1919.94,sales.csv,2026-09-29T03:58:58.984726+00:00
O001641,2026-06-16,C00440,P018,6,355.32,2131.92,sales.csv,2026-09-29T03:58:58.984726+00:00
O005791,2026-05-28,C00209,P014,3,233.59,700.77,sales.csv,2026-09-29T03:58:58.984726+00:00
O009337,2026-03-19,C00135,P048,9,595.38,5358.42,sales.csv,2026-09-29T03:58:58.984726+00:00
O001727,2026-04-18,C00088,P049,6,289.16,1734.96,sales.csv,2026-09-29T03:58:58.984726+00:00
O006517,2026-06-19,C00183,P041,7,344.89,2414.23,sales.csv,2026-09-29T03:58:58.984726+00:00
O006819,2026-02-23,C00061,P009,2,375.17,750.34,sales.csv,2026-09-29T03:58:58.984726+00:00
O007053,2026-01-15,C00475,P037,5,416.04,2080.20,sales.csv,2026-09-29T03:58:58.984726+00:00
O008734,2026-01-28,C00347,P037,10,48.31,483.10,sales.csv,2026-09-29T03:58:58.984726+00:00
O004151,2026-04-12,C00282,P035,7,689.19,4824.33,sales.csv,2026-09-29T03:58:58.984726+00:00
O003948,2026-02-22,C00095,P008,1,508.84,508.84,sales.csv,2026-09-29T03:58:58.984726+00:00
O003153,2026-03-13,C00375,P043,2,464.62,929.24,sales.csv,2026-09-29T03:58:58.984726+00:00
O002898,2026-04-23,C00140,P024,2,65.40,130.80,sales.csv,2026-09-29T03:58:58.984726+00:00
O007660,2026-02-01,C00208,P035,3,548.09,1644.27,sales.csv,2026-09-29T03:58:58.984726+00:00
O004432,2026-05-01,C00021,P033,7,613.51,4294.57,sales.csv,2026-09-29T03:58:58.984726+00:00
O000899,2026-03-30,C00164,P011,2,930.25,1860.50,sales.csv,2026-09-29T03:58:58.984726+00:00
O007760,2026-03-29,C00448,P021,9,182.87,1645.83,sales.csv,2026-09-29T03:58:58.984726+00:00
O002714,2026-05-24,C00310,P005,8,626.75,5014.00,sales.csv,2026-09-29T03:58:58.984726+00:00
O006765,2026-02-22,C00435,P048,9,185.35,1668.15,sales.csv,2026-09-29T03:58:58.984726+00:00
O004984,2026-04-25,C00147,P050,9,806.80,7261.20,sales.csv,2026-09-29T03:58:58.984726+00:00
O004015,2026-06-25,C00252,P002,7,51.68,361.76,sales.csv,2026-09-29T03:58:58.984726+00:00
O007993,2026-03-23,C00333,P048,1,129.02,129.02,sales.csv,2026-09-29T03:58:58.984726+00:00
O008907,2026-05-08,C00346,P012,3,442.73,1328.19,sales.csv,2026-09-29T03:58:58.984726+00:00
O007339,2026-05-24,C00254,P036,10,45.84,458.40,sales.csv,2026-09-29T03:58:58.984726+00:00
O005365,2026-05-17,C00291,P042,8,533.13,4265.04,sales.csv,2026-09-29T03:58:58.984726+00:00
O008584,2026-05-07,C00340,P009,1,440.02,440.02,sales.csv,2026-09-29T03:58:58.984726+00:00
O003453,2026-01-31,C00333,P013,6,654.77,3928.62,sales.csv,2026-09-29T03:58:58.984726+00:00
O002398,2026-05-04,C00041,P024,7,496.08,3472.56,sales.csv,2026-09-29T03:58:58.984726+00:00
O006232,2026-03-13,C00398,P006,10,22.16,221.60,sales.csv,2026-09-29T03:58:58.984726+00:00
O006177,2026-02-21,C00139,P028,2,583.86,1167.72,sales.csv,2026-09-29T03:58:58.984726+00:00
O003021,2026-01-31,C00256,P015,1,789.38,789.38,sales.csv,2026-09-29T03:58:58.984726+00:00
O007811,2026-03-14,C00191,P046,7,49.60,347.20,sales.csv,2026-09-29T03:58:58.984726+00:00
O002707,2026-01-29,C00080,P004,1,792.90,792.90,sales.csv,2026-09-29T03:58:58.984726+00:00
O008656,2026-06-12,C00343,P009,3,722.88,2168.64,sales.csv,2026-09-29T03:58:58.984726+00:00
O005496,2026-06-15,C00196,P013,4,970.98,3883.92,sales.csv,2026-09-29T03:58:58.984726+00:00
O008947,2026-03-25,C00181,P037,7,318.21,2227.47,sales.csv,2026-09-29T03:58:58.984726+00:00
O000269,2026-05-04,C00055,P016,7,750.63,5254.41,sales.csv,2026-09-29T03:58:58.984726+00:00
O005833,2026-02-13,C00413,P028,9,531.32,4781.88,sales.csv,2026-09-29T03:58:58.984726+00:00
O002602,2026-01-31,C00068,P026,1,359.95,359.95,sales.csv,2026-09-29T03:58:58.984726+00:00
O008284,2026-02-01,C00253,P044,8,824.25,6594.00,sales.csv,2026-09-29T03:58:58.984726+00:00
O006693,2026-01-01,C00173,P001,3,218.03,654.09,sales.csv,2026-09-29T03:58:58.984726+00:00
O008488,2026-06-25,C00419,P015,10,963.97,9639.70,sales.csv,2026-09-29T03:58:58.984726+00:00
O003447,2026-03-30,C00330,P010,10,657.79,6577.90,sales.csv,2026-09-29T03:58:58.984726+00:00
O009240,2026-05-07,C00087,P039,1,733.89,733.89,sales.csv,2026-09-29T03:58:58.984726+00:00
O007069,2026-02-18,C00075,P017,10,485.43,4854.30,sales.csv,2026-09-29T03:58:58.984726+00:00
O009464,2026-03-14,C00126,P006,10,166.49,1664.90,sales.csv,2026-09-29T03:58:58.984726+00:00
O005057,2026-05-26,C00233,P025,1,909.60,909.60,sales.csv,2026-09-29T03:58:58.984726+00:00
O006182,2026-02-21,C00367,P007,7,458.39,3208.73,sales.csv,2026-09-29T03:58:58.984726+00:00
O006425,2026-03-02,C00022,P026,7,313.87,2197.09,sales.csv,2026-09-29T03:58:58.984726+00:00
O007061,2026-02-22,C00386,P014,7,592.60,4148.20,sales.csv,2026-09-29T03:58:58.984726+00:00
O006542,2026-05-20,C00333,P031,1,433.31,433.31,sales.csv,2026-09-29T03:58:58.984726+00:00
O005091,2026-01-30,C00295,P024,1,801.08,801.08,sales.csv,2026-09-29T03:58:58.984726+00:00
O002554,2026-04-23,C00182,P030,9,376.94,3392.46,sales.csv,2026-09-29T03:58:58.984726+00:00
O008287,2026-01-19,C00396,P034,9,179.53,1615.77,sales.csv,2026-09-29T03:58:58.984726+00:00
O007182,2026-01-07,C00263,P006,3,180.70,542.10,sales.csv,2026-09-29T03:58:58.984726+00:00
O000825,2026-05-13,C00024,P026,2,610.60,1221.20,sales.csv,2026-09-29T03:58:58.984726+00:00
O009382,2026-03-04,C00446,P005,7,48.24,337.68,sales.csv,2026-09-29T03:58:58.984726+00:00
O007503,2026-04-09,C00484,P040,3,727.77,2183.31,sales.csv,2026-09-29T03:58:58.984726+00:00
O006601,2026-02-03,C00430,P039,6,841.67,5050.02,sales.csv,2026-09-29T03:58:58.984726+00:00
O008173,2026-01-12,C00364,P035,2,236.52,473.04,sales.csv,2026-09-29T03:58:58.984726+00:00
O004818,2026-04-13,C00142,P049,2,641.92,1283.84,sales.csv,2026-09-29T03:58:58.984726+00:00
O003481,2026-03-29,C00327,P044,9,240.41,2163.69,sales.csv,2026-09-29T03:58:58.984726+00:00
O007666,2026-05-27,C00410,P046,2,978.47,1956.94,sales.csv,2026-09-29T03:58:58.984726+00:00
O000892,2026-06-07,C00403,P023,4,873.32,3493.28,sales.csv,2026-09-29T03:58:58.984726+00:00
O003247,2026-02-15,C00135,P037,2,167.07,334.14,sales.csv,2026-09-29T03:58:58.984726+00:00
O005381,2026-01-02,C00365,P004,1,184.86,184.86,sales.csv,2026-09-29T03:58:58.984726+00:00
O007087,2026-03-09,C00019,P006,10,49.76,497.60,sales.csv,2026-09-29T03:58:58.984726+00:00
O007551,2026-05-06,C00236,P023,9,493.89,4445.01,sales.csv,2026-09-29T03:58:58.984726+00:00
O000420,2026-03-19,C00063,P004,4,551.27,2205.08,sales.csv,2026-09-29T03:58:58.984726+00:00
O004265,2026-03-02,C00474,P025,9,952.21,8569.89,sales.csv,2026-09-29T03:58:58.984726+00:00
O002181,2026-06-17,C00498,P011,1,79.87,79.87,sales.csv,2026-09-29T03:58:58.984726+00:00
O005008,2026-05-26,C00297,P028,10,692.65,6926.50,sales.csv,2026-09-29T03:58:58.984726+00:00
O001425,2026-04-06,C00080,P049,2,148.28,296.56,sales.csv,2026-09-29T03:58:58.984726+00:00
O000540,2026-04-24,C00336,P017,8,281.47,2251.76,sales.csv,2026-09-29T03:58:58.984726+00:00
O006051,2026-05-06,C00219,P039,2,645.63,1291.26,sales.csv,2026-09-29T03:58:58.984726+00:00
O002723,2026-05-25,C00405,P031,1,63.97,63.97,sales.csv,2026-09-29T03:58:58.984726+00:00
O002504,2026-04-07,C00398,P045,2,608.74,1217.48,sales.csv,2026-09-29T03:58:58.984726+00:00
O003117,2026-06-22,C00300,P043,3,794.70,2384.10,sales.csv,2026-09-29T03:58:58.984726+00:00
O009447,2026-01-13,C00400,P018,3,272.59,817.77,sales.csv,2026-09-29T03:58:58.984726+00:00
O002435,2026-06-12,C00086,P006,5,113.33,566.65,sales.csv,2026-09-29T03:58:58.984726+00:00
O003282,2026-06-20,C00343,P004,2,253.89,507.78,sales.csv,2026-09-29T03:58:58.984726+00:00
O001997,2026-02-02,C00256,P018,6,564.72,3388.32,sales.csv,2026-09-29T03:58:58.984726+00:00
O002932,2026-05-15,C00090,P017,6,435.10,2610.60,sales.csv,2026-09-29T03:58:58.984726+00:00
O002544,2026-01-25,C00271,P023,10,370.61,3706.10,sales.csv,2026-09-29T03:58:58.984726+00:00
O007974,2026-01-24,C00319,P046,6,735.24,4411.44,sales.csv,2026-09-29T03:58:58.984726+00:00
O003616,2026-03-12,C00072,P026,2,952.55,1905.10,sales.csv,2026-09-29T03:58:58.984726+00:00
O001270,2026-03-22,C00353,P001,1,884.56,884.56,sales.csv,2026-09-29T03:58:58.984726+00:00
O000758,2026-04-17,C00193,P029,2,831.50,1663.00,sales.csv,2026-09-29T03:58:58.984726+00:00
O007732,2026-04-23,C00272,P039,7,312.40,2186.80,sales.csv,2026-09-29T03:58:58.984726+00:00
O003030,2026-02-05,C00105,P036,6,993.66,5961.96,sales.csv,2026-09-29T03:58:58.984726+00:00
O000941,2026-05-30,C00389,P007,2,738.52,1477.04,sales.csv,2026-09-29T03:58:58.984726+00:00
O003507,2026-02-04,C00451,P048,2,426.38,852.76,sales.csv,2026-09-29T03:58:58.984726+00:00
O007040,2026-01-06,C00315,P029,10,283.47,2834.70,sales.csv,2026-09-29T03:58:58.984726+00:00
O002359,2026-01-02,C00025,P050,7,265.42,1857.94,sales.csv,2026-09-29T03:58:58.984726+00:00
O004666,2026-03-09,C00490,P025,9,426.16,3835.44,sales.csv,2026-09-29T03:58:58.984726+00:00
O001149,2026-02-19,C00059,P012,10,72.28,722.80,sales.csv,2026-09-29T03:58:58.984726+00:00
O004474,2026-05-15,C00132,P038,6,930.14,5580.84,sales.csv,2026-09-29T03:58:58.984726+00:00
O000739,2026-02-26,C00150,P003,5,295.70,1478.50,sales.csv,2026-09-29T03:58:58.984726+00:00
O006771,2026-01-30,C00389,P014,5,701.16,3505.80,sales.csv,2026-09-29T03:58:58.984726+00:00
O006497,2026-05-26,C00354,P039,10,92.01,920.10,sales.csv,2026-09-29T03:58:58.984726+00:00
O007941,2026-06-16,C00368,P027,2,287.37,574.74,sales.csv,2026-09-29T03:58:58.984726+00:00
O003766,2026-01-04,C00486,P010,6,329.73,1978.38,sales.csv,2026-09-29T03:58:58.984726+00:00
O002138,2026-04-05,C00293,P019,1,686.21,686.21,sales.csv,2026-09-29T03:58:58.984726+00:00
O009465,2026-04-24,C00145,P016,2,236.42,472.84,sales.csv,2026-09-29T03:58:58.984726+00:00
O003244,2026-03-20,C00189,P040,7,334.90,2344.30,sales.csv,2026-09-29T03:58:58.984726+00:00
O006034,2026-05-13,C00471,P034,7,776.05,5432.35,sales.csv,2026-09-29T03:58:58.984726+00:00
O007864,2026-05-19,C00107,P025,1,257.37,257.37,sales.csv,2026-09-29T03:58:58.984726+00:00
O005786,2026-03-11,C00191,P050,4,722.99,2891.96,sales.csv,2026-09-29T03:58:58.984726+00:00
O004352,2026-05-11,C00329,P010,2,351.84,703.68,sales.csv,2026-09-29T03:58:58.984726+00:00
O005343,2026-03-02,C00004,P032,6,301.30,1807.80,sales.csv,2026-09-29T03:58:58.984726+00:00
O003015,2026-02-17,C00350,P047,9,651.34,5862.06,sales.csv,2026-09-29T03:58:58.984726+00:00
O002618,2026-06-11,C00381,P039,2,54.79,109.58,sales.csv,2026-09-29T03:58:58.984726+00:00
O001447,2026-06-18,C00071,P006,7,683.51,4784.57,sales.csv,2026-09-29T03:58:58.984726+00:00
O004200,2026-04-03,C00212,P048,7,550.57,3853.99,sales.csv,2026-09-29T03:58:58.984726+00:00
O008452,2026-06-02,C00354,P004,4,184.04,736.16,sales.csv,2026-09-29T03:58:58.984726+00:00
O004458,2026-02-24,C00054,P020,5,108.69,543.45,sales.csv,2026-09-29T03:58:58.984726+00:00
O006475,2026-06-27,C00245,P031,2,711.49,1422.98,sales.csv,2026-09-29T03:58:58.984726+00:00
O002988,2026-06-15,C00334,P043,10,583.58,5835.80,sales.csv,2026-09-29T03:58:58.984726+00:00
O008986,2026-03-23,C00317,P014,9,54.18,487.62,sales.csv,2026-09-29T03:58:58.984726+00:00
O005158,2026-04-15,C00494,P032,10,758.08,7580.80,sales.csv,2026-09-29T03:58:58.984726+00:00
O003587,2026-05-28,C00208,P029,4,595.00,2380.00,sales.csv,2026-09-29T03:58:58.984726+00:00
O003747,2026-03-08,C00452,P028,10,931.83,9318.30,sales.csv,2026-09-29T03:58:58.984726+00:00
O000685,2026-04-21,C00418,P042,10,179.42,1794.20,sales.csv,2026-09-29T03:58:58.984726+00:00
O000207,2026-03-16,C00017,P015,5,927.62,4638.10,sales.csv,2026-09-29T03:58:58.984726+00:00
O006748,2026-02-13,C00324,P007,1,637.85,637.85,sales.csv,2026-09-29T03:58:58.984726+00:00
O005361,2026-06-09,C00444,P042,8,126.95,1015.60,sales.csv,2026-09-29T03:58:58.984726+00:00
O006692,2026-06-06,C00059,P028,2,580.27,1160.54,sales.csv,2026-09-29T03:58:58.984726+00:00
O005914,2026-02-13,C00084,P021,2,983.32,1966.64,sales.csv,2026-09-29T03:58:58.984726+00:00
O006335,2026-05-25,C00037,P014,5,155.93,779.65,sales.csv,2026-09-29T03:58:58.984726+00:00
O006487,2026-06-16,C00073,P003,3,313.34,940.02,sales.csv,2026-09-29T03:58:58.984726+00:00
O008188,2026-06-04,C00391,P016,10,536.77,5367.70,sales.csv,2026-09-29T03:58:58.984726+00:00
O001774,2026-02-13,C00405,P017,4,635.70,2542.80,sales.csv,2026-09-29T03:58:58.984726+00:00
O006004,2026-05-20,C00395,P005,8,646.76,5174.08,sales.csv,2026-09-29T03:58:58.984726+00:00
O008433,2026-04-04,C00260,P021,8,666.03,5328.24,sales.csv,2026-09-29T03:58:58.984726+00:00
O001114,2026-01-18,C00403,P033,3,546.16,1638.48,sales.csv,2026-09-29T03:58:58.984726+00:00
O005138,2026-06-29,C00471,P004,2,419.78,839.56,sales.csv,2026-09-29T03:58:58.984726+00:00
O003343,2026-03-08,C00491,P027,3,215.35,646.05,sales.csv,2026-09-29T03:58:58.984726+00:00
O009238,2026-01-10,C00368,P041,3,332.85,998.55,sales.csv,2026-09-29T03:58:58.984726+00:00
O005122,2026-04-25,C00318,P022,6,105.93,635.58,sales.csv,2026-09-29T03:58:58.984726+00:00
O007628,2026-03-29,C00449,P040,10,76.87,768.70,sales.csv,2026-09-29T03:58:58.984726+00:00
O001984,2026-04-05,C00299,P044,8,113.37,906.96,sales.csv,2026-09-29T03:58:58.984726+00:00
O005455,2026-02-26,C00102,P017,7,615.00,4305.00,sales.csv,2026-09-29T03:58:58.984726+00:00
O003289,2026-04-29,C00046,P008,2,240.20,480.40,sales.csv,2026-09-29T03:58:58.984726+00:00
O006731,2026-04-13,C00247,P010,3,700.19,2100.57,sales.csv,2026-09-29T03:58:58.984726+00:00
O009362,2026-04-26,C00221,P029,5,818.97,4094.85,sales.csv,2026-09-29T03:58:58.984726+00:00
O005476,2026-02-09,C00163,P039,1,767.68,767.68,sales.csv,2026-09-29T03:58:58.984726+00:00
O001066,2026-05-02,C00367,P043,6,939.36,5636.16,sales.csv,2026-09-29T03:58:58.984726+00:00
O004671,2026-01-29,C00468,P031,10,635.71,6357.10,sales.csv,2026-09-29T03:58:58.984726+00:00
O008657,2026-03-30,C00418,P029,1,410.17,410.17,sales.csv,2026-09-29T03:58:58.984726+00:00
O005796,2026-01-10,C00099,P020,7,690.22,4831.54,sales.csv,2026-09-29T03:58:58.984726+00:00
O006203,2026-06-17,C00007,P001,10,445.20,4452.00,sales.csv,2026-09-29T03:58:58.984726+00:00
O004703,2026-01-18,C00107,P001,6,446.55,2679.30,sales.csv,2026-09-29T03:58:58.984726+00:00
O003012,2026-01-07,C00323,P043,2,267.78,535.56,sales.csv,2026-09-29T03:58:58.984726+00:00
O003609,2026-03-24,C00070,P047,5,1.46,7.30,sales.csv,2026-09-29T03:58:58.984726+00:00
O009483,2026-04-18,C00170,P031,1,580.81,580.81,sales.csv,2026-09-29T03:58:58.984726+00:00
O006901,2026-05-09,C00369,P008,2,461.29,922.58,sales.csv,2026-09-29T03:58:58.984726+00:00
O004740,2026-05-19,C00105,P021,9,404.78,3643.02,sales.csv,2026-09-29T03:58:58.984726+00:00
O003954,2026-01-04,C00111,P012,6,271.47,1628.82,sales.csv,2026-09-29T03:58:58.984726+00:00
O000456,2026-04-24,C00391,P005,10,181.47,1814.70,sales.csv,2026-09-29T03:58:58.984726+00:00
O007578,2026-02-23,C00031,P040,10,77.26,772.60,sales.csv,2026-09-29T03:58:58.984726+00:00
O005064,2026-05-11,C00161,P008,8,638.87,5110.96,sales.csv,2026-09-29T03:58:58.984726+00:00
O002715,2026-03-22,C00335,P042,7,499.68,3497.76,sales.csv,2026-09-29T03:58:58.984726+00:00
O007856,2026-02-22,C00283,P042,9,132.42,1191.78,sales.csv,2026-09-29T03:58:58.984726+00:00
O001976,2026-01-31,C00008,P046,9,571.37,5142.33,sales.csv,2026-09-29T03:58:58.984726+00:00
O006057,2026-02-23,C00300,P012,3,39.78,119.34,sales.csv,2026-09-29T03:58:58.984726+00:00
O006595,2026-02-28,C00050,P037,8,872.61,6980.88,sales.csv,2026-09-29T03:58:58.984726+00:00
O004648,2026-06-08,C00170,P044,8,747.05,5976.40,sales.csv,2026-09-29T03:58:58.984726+00:00
O005419,2026-03-15,C00323,P046,7,486.67,3406.69,sales.csv,2026-09-29T03:58:58.984726+00:00
O007307,2026-02-25,C00144,P015,9,729.83,6568.47,sales.csv,2026-09-29T03:58:58.984726+00:00
O007797,2026-04-04,C00495,P024,6,725.41,4352.46,sales.csv,2026-09-29T03:58:58.984726+00:00
O006949,2026-03-24,C00411,P001,9,370.60,3335.40,sales.csv,2026-09-29T03:58:58.984726+00:00
O008430,2026-05-12,C00108,P040,9,432.73,3894.57,sales.csv,2026-09-29T03:58:58.984726+00:00
O005606,2026-06-04,C00086,P043,9,518.07,4662.63,sales.csv,2026-09-29T03:58:58.984726+00:00
O002303,2026-02-23,C00243,P015,9,770.39,6933.51,sales.csv,2026-09-29T03:58:58.984726+00:00
O003469,2026-05-31,C00111,P039,8,394.16,3153.28,sales.csv,2026-09-29T03:58:58.984726+00:00
O006931,2026-05-28,C00008,P021,6,725.23,4351.38,sales.csv,2026-09-29T03:58:58.984726+00:00
O000983,2026-05-17,C00327,P031,6,665.94,3995.64,sales.csv,2026-09-29T03:58:58.984726+00:00
O000711,2026-06-28,C00232,P021,2,394.56,789.12,sales.csv,2026-09-29T03:58:58.984726+00:00
O000715,2026-03-26,C00287,P028,8,304.89,2439.12,sales.csv,2026-09-29T03:58:58.984726+00:00
O000234,2026-02-27,C00431,P008,8,154.96,1239.68,sales.csv,2026-09-29T03:58:58.984726+00:00
O003573,2026-02-02,C00166,P043,9,480.17,4321.53,sales.csv,2026-09-29T03:58:58.984726+00:00
O006098,2026-03-14,C00356,P014,10,254.80,2548.00,sales.csv,2026-09-29T03:58:58.984726+00:00
O003087,2026-06-11,C00090,P010,10,860.80,8608.00,sales.csv,2026-09-29T03:58:58.984726+00:00
O003577,2026-06-18,C00043,P048,2,941.13,1882.26,sales.csv,2026-09-29T03:58:58.984726+00:00
O008717,2026-06-05,C00468,P017,2,179.64,359.28,sales.csv,2026-09-29T03:58:58.984726+00:00
O001744,2026-06-12,C00001,P041,2,505.46,1010.92,sales.csv,2026-09-29T03:58:58.984726+00:00
O007904,2026-03-26,C00189,P033,10,927.06,9270.60,sales.csv,2026-09-29T03:58:58.984726+00:00
O007308,2026-05-16,C00491,P003,5,659.08,3295.40,sales.csv,2026-09-29T03:58:58.984726+00:00
O008312,2026-03-31,C00305,P044,1,840.26,840.26,sales.csv,2026-09-29T03:58:58.984726+00:00
O000770,2026-03-12,C00048,P042,6,329.19,1975.14,sales.csv,2026-09-29T03:58:58.984726+00:00
O008334,2026-01-09,C00381,P033,3,758.64,2275.92,sales.csv,2026-09-29T03:58:58.984726+00:00
O002576,2026-04-02,C00004,P040,8,431.63,3453.04,sales.csv,2026-09-29T03:58:58.984726+00:00
O005229,2026-04-17,C00350,P044,2,616.61,1233.22,sales.csv,2026-09-29T03:58:58.984726+00:00
O006521,2026-02-25,C00301,P045,10,891.49,8914.90,sales.csv,2026-09-29T03:58:58.984726+00:00
O007233,2026-04-09,C00087,P003,1,654.36,654.36,sales.csv,2026-09-29T03:58:58.984726+00:00
O009493,2026-03-05,C00115,P027,4,313.10,1252.40,sales.csv,2026-09-29T03:58:58.984726+00:00
O002462,2026-04-22,C00367,P002,3,428.95,1286.85,sales.csv,2026-09-29T03:58:58.984726+00:00
O007593,2026-03-23,C00258,P014,8,363.65,2909.20,sales.csv,2026-09-29T03:58:58.984726+00:00
O000924,2026-04-25,C00023,P017,8,610.56,4884.48,sales.csv,2026-09-29T03:58:58.984726+00:00
O000123,2026-03-02,C00345,P020,4,262.00,1048.00,sales.csv,2026-09-29T03:58:58.984726+00:00
O002561,2026-06-23,C00261,P047,3,629.69,1889.07,sales.csv,2026-09-29T03:58:58.984726+00:00
O002415,2026-03-05,C00125,P031,1,474.71,474.71,sales.csv,2026-09-29T03:58:58.984726+00:00
O001523,2026-01-18,C00158,P020,9,721.88,6496.92,sales.csv,2026-09-29T03:58:58.984726+00:00
O002628,2026-02-03,C00149,P003,10,80.68,806.80,sales.csv,2026-09-29T03:58:58.984726+00:00
O003445,2026-01-04,C00133,P024,9,978.08,8802.72,sales.csv,2026-09-29T03:58:58.984726+00:00
O004113,2026-04-09,C00436,P040,7,31.18,218.26,sales.csv,2026-09-29T03:58:58.984726+00:00
O004754,2026-04-04,C00204,P047,1,719.24,719.24,sales.csv,2026-09-29T03:58:58.984726+00:00
O004376,2026-03-29,C00473,P016,10,156.68,1566.80,sales.csv,2026-09-29T03:58:58.984726+00:00
O006428,2026-06-12,C00220,P018,1,818.68,818.68,sales.csv,2026-09-29T03:58:58.984726+00:00
O003533,2026-06-22,C00394,P021,9,600.98,5408.82,sales.csv,2026-09-29T03:58:58.984726+00:00
O004116,2026-01-06,C00256,P033,10,509.42,5094.20,sales.csv,2026-09-29T03:58:58.984726+00:00
O009260,2026-02-20,C00421,P037,10,622.98,6229.80,sales.csv,2026-09-29T03:58:58.984726+00:00
O008852,2026-05-28,C00062,P008,7,157.31,1101.17,sales.csv,2026-09-29T03:58:58.984726+00:00
O004120,2026-04-14,C00141,P016,5,303.63,1518.15,sales.csv,2026-09-29T03:58:58.984726+00:00
O004524,2026-02-01,C00028,P007,6,592.83,3556.98,sales.csv,2026-09-29T03:58:58.984726+00:00
O000064,2026-04-08,C00002,P025,5,597.38,2986.90,sales.csv,2026-09-29T03:58:58.984726+00:00
O000752,2026-03-24,C00361,P019,5,751.69,3758.45,sales.csv,2026-09-29T03:58:58.984726+00:00
O001456,2026-03-23,C00430,P010,1,418.71,418.71,sales.csv,2026-09-29T03:58:58.984726+00:00
O005329,2026-01-23,C00494,P032,7,928.27,6497.89,sales.csv,2026-09-29T03:58:58.984726+00:00
O006416,2026-03-28,C00374,P016,10,357.90,3579.00,sales.csv,2026-09-29T03:58:58.984726+00:00
O000551,2026-04-17,C00452,P012,1,521.34,521.34,sales.csv,2026-09-29T03:58:58.984726+00:00
O002905,2026-03-03,C00034,P035,2,362.05,724.10,sales.csv,2026-09-29T03:58:58.984726+00:00
O003064,2026-06-06,C00197,P032,1,502.46,502.46,sales.csv,2026-09-29T03:58:58.984726+00:00
O006905,2026-05-01,C00168,P010,9,253.45,2281.05,sales.csv,2026-09-29T03:58:58.984726+00:00
O001468,2026-02-22,C00034,P012,8,809.79,6478.32,sales.csv,2026-09-29T03:58:58.984726+00:00
O001381,2026-01-28,C00393,P041,10,470.18,4701.80,sales.csv,2026-09-29T03:58:58.984726+00:00
O002962,2026-06-08,C00279,P037,5,71.17,355.85,sales.csv,2026-09-29T03:58:58.984726+00:00
O004716,2026-06-05,C00074,P042,1,822.70,822.70,sales.csv,2026-09-29T03:58:58.984726+00:00
O001435,2026-06-17,C00484,P001,2,510.40,1020.80,sales.csv,2026-09-29T03:58:58.984726+00:00
O007569,2026-05-09,C00365,P022,3,770.96,2312.88,sales.csv,2026-09-29T03:58:58.984726+00:00
O005162,2026-03-09,C00023,P050,4,628.81,2515.24,sales.csv,2026-09-29T03:58:58.984726+00:00
O005942,2026-01-26,C00419,P007,1,239.21,239.21,sales.csv,2026-09-29T03:58:58.984726+00:00
O003972,2026-06-23,C00194,P002,1,652.98,652.98,sales.csv,2026-09-29T03:58:58.984726+00:00
O005680,2026-06-25,C00245,P013,5,366.97,1834.85,sales.csv,2026-09-29T03:58:58.984726+00:00
O009319,2026-01-10,C00389,P045,7,678.87,4752.09,sales.csv,2026-09-29T03:58:58.984726+00:00
O002426,2026-03-10,C00384,P014,7,917.20,6420.40,sales.csv,2026-09-29T03:58:58.984726+00:00
O001797,2026-04-11,C00100,P032,6,791.58,4749.48,sales.csv,2026-09-29T03:58:58.984726+00:00
O007372,2026-04-18,C00311,P031,3,809.49,2428.47,sales.csv,2026-09-29T03:58:58.984726+00:00
O009383,2026-05-15,C00295,P034,9,717.07,6453.63,sales.csv,2026-09-29T03:58:58.984726+00:00
O000712,2026-01-12,C00415,P046,2,30.60,61.20,sales.csv,2026-09-29T03:58:58.984726+00:00
O002157,2026-05-02,C00258,P002,2,863.78,1727.56,sales.csv,2026-09-29T03:58:58.984726+00:00
O001145,2026-01-11,C00003,P037,10,517.53,5175.30,sales.csv,2026-09-29T03:58:58.984726+00:00
O003527,2026-04-30,C00232,P048,3,853.54,2560.62,sales.csv,2026-09-29T03:58:58.984726+00:00
O003096,2026-04-17,C00037,P042,7,372.04,2604.28,sales.csv,2026-09-29T03:58:58.984726+00:00
O007753,2026-06-28,C00437,P020,10,752.54,7525.40,sales.csv,2026-09-29T03:58:58.984726+00:00
O007315,2026-04-07,C00239,P012,10,800.05,8000.50,sales.csv,2026-09-29T03:58:58.984726+00:00
O004719,2026-04-17,C00135,P032,3,268.33,804.99,sales.csv,2026-09-29T03:58:58.984726+00:00
O002965,2026-03-11,C00425,P042,2,438.10,876.20,sales.csv,2026-09-29T03:58:58.984726+00:00
O008262,2026-05-31,C00286,P040,4,487.26,1949.04,sales.csv,2026-09-29T03:58:58.984726+00:00
O005416,2026-02-03,C00032,P045,3,151.92,455.76,sales.csv,2026-09-29T03:58:58.984726+00:00
O007743,2026-03-12,C00005,P014,4,394.23,1576.92,sales.csv,2026-09-29T03:58:58.984726+00:00
O009167,2026-04-23,C00069,P028,5,929.40,4647.00,sales.csv,2026-09-29T03:58:58.984726+00:00
O000829,2026-04-29,C00189,P038,8,257.14,2057.12,sales.csv,2026-09-29T03:58:58.984726+00:00
O004089,2026-05-21,C00202,P001,2,248.63,497.26,sales.csv,2026-09-29T03:58:58.984726+00:00
O004173,2026-05-14,C00191,P002,8,529.76,4238.08,sales.csv,2026-09-29T03:58:58.984726+00:00
O003403,2026-05-07,C00388,P030,5,590.11,2950.55,sales.csv,2026-09-29T03:58:58.984726+00:00
O001610,2026-05-26,C00248,P046,6,149.32,895.92,sales.csv,2026-09-29T03:58:58.984726+00:00
O000965,2026-06-15,C00116,P044,4,353.69,1414.76,sales.csv,2026-09-29T03:58:58.984726+00:00
O005665,2026-06-29,C00413,P037,8,262.40,2099.20,sales.csv,2026-09-29T03:58:58.984726+00:00
O001131,2026-04-28,C00368,P022,1,115.71,115.71,sales.csv,2026-09-29T03:58:58.984726+00:00
O002275,2026-03-13,C00447,P009,9,766.56,6899.04,sales.csv,2026-09-29T03:58:58.984726+00:00
O000836,2026-03-13,C00048,P003,4,682.25,2729.00,sales.csv,2026-09-29T03:58:58.984726+00:00
O007581,2026-04-12,C00183,P047,9,197.62,1778.58,sales.csv,2026-09-29T03:58:58.984726+00:00
O002937,2026-01-03,C00256,P044,3,612.21,1836.63,sales.csv,2026-09-29T03:58:58.984726+00:00
O004363,2026-02-21,C00322,P026,10,741.83,7418.30,sales.csv,2026-09-29T03:58:58.984726+00:00
O003558,2026-06-27,C00241,P049,1,81.19,81.19,sales.csv,2026-09-29T03:58:58.984726+00:00
O004048,2026-02-04,C00383,P045,7,15.67,109.69,sales.csv,2026-09-29T03:58:58.984726+00:00
O005564,2026-05-04,C00209,P048,2,663.77,1327.54,sales.csv,2026-09-29T03:58:58.984726+00:00
O001733,2026-04-22,C00297,P015,10,196.25,1962.50,sales.csv,2026-09-29T03:58:58.984726+00:00
O007013,2026-03-04,C00233,P022,4,747.84,2991.36,sales.csv,2026-09-29T03:58:58.984726+00:00
O006657,2026-02-02,C00330,P006,9,628.10,5652.90,sales.csv,2026-09-29T03:58:58.984726+00:00
O006384,2026-03-12,C00010,P049,4,792.94,3171.76,sales.csv,2026-09-29T03:58:58.984726+00:00
O002945,2026-05-24,C00080,P006,5,187.96,939.80,sales.csv,2026-09-29T03:58:58.984726+00:00
O001595,2026-01-08,C00121,P028,10,517.77,5177.70,sales.csv,2026-09-29T03:58:58.984726+00:00
O007671,2026-02-07,C00016,P003,8,351.39,2811.12,sales.csv,2026-09-29T03:58:58.984726+00:00
O004721,2026-02-12,C00393,P031,7,680.84,4765.88,sales.csv,2026-09-29T03:58:58.984726+00:00
O005079,2026-01-13,C00033,P041,7,288.77,2021.39,sales.csv,2026-09-29T03:58:58.984726+00:00
O005251,2026-06-12,C00454,P003,9,964.31,8678.79,sales.csv,2026-09-29T03:58:58.984726+00:00
O005531,2026-05-16,C00168,P017,9,705.16,6346.44,sales.csv,2026-09-29T03:58:58.984726+00:00
O003691,2026-05-26,C00409,P033,7,190.04,1330.28,sales.csv,2026-09-29T03:58:58.984726+00:00
O005849,2026-05-16,C00211,P021,5,566.82,2834.10,sales.csv,2026-09-29T03:58:58.984726+00:00
O009199,2026-01-08,C00017,P007,2,108.47,216.94,sales.csv,2026-09-29T03:58:58.984726+00:00
O002086,2026-01-29,C00500,P007,10,800.08,8000.80,sales.csv,2026-09-29T03:58:58.984726+00:00
O007170,2026-06-03,C00365,P049,4,17.86,71.44,sales.csv,2026-09-29T03:58:58.984726+00:00
O006519,2026-04-25,C00137,P021,10,637.61,6376.10,sales.csv,2026-09-29T03:58:58.984726+00:00
O007223,2026-05-24,C00428,P032,6,839.14,5034.84,sales.csv,2026-09-29T03:58:58.984726+00:00
O004215,2026-05-27,C00045,P003,3,407.01,1221.03,sales.csv,2026-09-29T03:58:58.984726+00:00
O005623,2026-03-16,C00050,P036,5,741.99,3709.95,sales.csv,2026-09-29T03:58:58.984726+00:00
O007147,2026-01-09,C00069,P026,6,735.69,4414.14,sales.csv,2026-09-29T03:58:58.984726+00:00
O008021,2026-05-30,C00211,P011,7,171.76,1202.32,sales.csv,2026-09-29T03:58:58.984726+00:00
O003615,2026-02-19,C00128,P023,2,297.62,595.24,sales.csv,2026-09-29T03:58:58.984726+00:00
O007778,2026-06-16,C00407,P046,4,838.08,3352.32,sales.csv,2026-09-29T03:58:58.984726+00:00
O008012,2026-04-26,C00431,P001,5,755.12,3775.60,sales.csv,2026-09-29T03:58:58.984726+00:00
O002118,2026-01-13,C00388,P042,2,589.16,1178.32,sales.csv,2026-09-29T03:58:58.984726+00:00
O008964,2026-02-01,C00018,P039,1,397.31,397.31,sales.csv,2026-09-29T03:58:58.984726+00:00
O005383,2026-03-20,C00159,P035,7,651.65,4561.55,sales.csv,2026-09-29T03:58:58.984726+00:00
O003861,2026-01-02,C00336,P044,5,369.90,1849.50,sales.csv,2026-09-29T03:58:58.984726+00:00
O002850,2026-02-01,C00005,P021,1,940.52,940.52,sales.csv,2026-09-29T03:58:58.984726+00:00
O001577,2026-05-04,C00197,P005,6,273.94,1643.64,sales.csv,2026-09-29T03:58:58.984726+00:00
O007934,2026-04-27,C00078,P011,7,896.38,6274.66,sales.csv,2026-09-29T03:58:58.984726+00:00
O009048,2026-06-04,C00434,P007,1,764.72,764.72,sales.csv,2026-09-29T03:58:58.984726+00:00
O000198,2026-06-25,C00028,P010,3,738.72,2216.16,sales.csv,2026-09-29T03:58:58.984726+00:00
O000395,2026-02-27,C00071,P010,2,388.70,777.40,sales.csv,2026-09-29T03:58:58.984726+00:00
O009307,2026-04-03,C00082,P014,1,171.82,171.82,sales.csv,2026-09-29T03:58:58.984726+00:00
O003314,2026-05-28,C00356,P028,7,621.72,4352.04,sales.csv,2026-09-29T03:58:58.984726+00:00
O004953,2026-02-03,C00125,P024,5,531.10,2655.50,sales.csv,2026-09-29T03:58:58.984726+00:00
O008918,2026-04-29,C00113,P029,2,777.52,1555.04,sales.csv,2026-09-29T03:58:58.984726+00:00
O004421,2026-03-24,C00085,P049,10,107.25,1072.50,sales.csv,2026-09-29T03:58:58.984726+00:00
O000401,2026-03-02,C00497,P029,10,374.46,3744.60,sales.csv,2026-09-29T03:58:58.984726+00:00
O007629,2026-05-28,C00268,P020,2,224.88,449.76,sales.csv,2026-09-29T03:58:58.984726+00:00
O000887,2026-05-15,C00441,P024,2,490.67,981.34,sales.csv,2026-09-29T03:58:58.984726+00:00
O008446,2026-03-29,C00067,P036,6,895.06,5370.36,sales.csv,2026-09-29T03:58:58.984726+00:00
O003017,2026-05-09,C00181,P023,10,733.29,7332.90,sales.csv,2026-09-29T03:58:58.984726+00:00
O004043,2026-01-07,C00083,P006,10,245.83,2458.30,sales.csv,2026-09-29T03:58:58.984726+00:00
O003480,2026-04-21,C00345,P020,2,581.90,1163.80,sales.csv,2026-09-29T03:58:58.984726+00:00
O009370,2026-06-09,C00494,P022,6,571.34,3428.04,sales.csv,2026-09-29T03:58:58.984726+00:00
O006047,2026-02-23,C00441,P026,3,597.95,1793.85,sales.csv,2026-09-29T03:58:58.984726+00:00
O004588,2026-06-04,C00084,P001,7,148.61,1040.27,sales.csv,2026-09-29T03:58:58.984726+00:00
O007994,2026-04-02,C00088,P026,10,587.30,5873.00,sales.csv,2026-09-29T03:58:58.984726+00:00
O000808,2026-06-18,C00380,P012,2,17.60,35.20,sales.csv,2026-09-29T03:58:58.984726+00:00
O005678,2026-02-27,C00248,P033,1,134.07,134.07,sales.csv,2026-09-29T03:58:58.984726+00:00
O003107,2026-02-01,C00434,P034,1,796.74,796.74,sales.csv,2026-09-29T03:58:58.984726+00:00
O004875,2026-01-16,C00416,P002,5,708.91,3544.55,sales.csv,2026-09-29T03:58:58.984726+00:00
O009053,2026-04-19,C00004,P034,2,531.77,1063.54,sales.csv,2026-09-29T03:58:58.984726+00:00
O002313,2026-03-26,C00291,P041,10,797.70,7977.00,sales.csv,2026-09-29T03:58:58.984726+00:00
O001005,2026-06-27,C00450,P023,5,169.99,849.95,sales.csv,2026-09-29T03:58:58.984726+00:00
O002616,2026-06-04,C00191,P016,5,276.29,1381.45,sales.csv,2026-09-29T03:58:58.984726+00:00
O004484,2026-01-25,C00237,P033,7,725.23,5076.61,sales.csv,2026-09-29T03:58:58.984726+00:00
O009467,2026-01-12,C00090,P015,4,527.52,2110.08,sales.csv,2026-09-29T03:58:58.984726+00:00
O008636,2026-01-10,C00169,P010,1,318.90,318.90,sales.csv,2026-09-29T03:58:58.984726+00:00
O005135,2026-02-15,C00001,P006,3,239.86,719.58,sales.csv,2026-09-29T03:58:58.984726+00:00
O005143,2026-04-24,C00361,P013,3,608.77,1826.31,sales.csv,2026-09-29T03:58:58.984726+00:00
O008103,2026-05-24,C00338,P025,9,470.89,4238.01,sales.csv,2026-09-29T03:58:58.984726+00:00
O000880,2026-05-25,C00486,P013,8,711.57,5692.56,sales.csv,2026-09-29T03:58:58.984726+00:00
O003851,2026-06-10,C00272,P013,8,259.60,2076.80,sales.csv,2026-09-29T03:58:58.984726+00:00
O000238,2026-02-07,C00197,P013,10,667.16,6671.60,sales.csv,2026-09-29T03:58:58.984726+00:00
O004531,2026-04-18,C00393,P040,10,493.65,4936.50,sales.csv,2026-09-29T03:58:58.984726+00:00
O001497,2026-04-24,C00041,P039,10,9.61,96.10,sales.csv,2026-09-29T03:58:58.984726+00:00
O008823,2026-03-07,C00146,P040,7,561.65,3931.55,sales.csv,2026-09-29T03:58:58.984726+00:00
O003942,2026-02-08,C00275,P001,10,369.85,3698.50,sales.csv,2026-09-29T03:58:58.984726+00:00
O005293,2026-01-29,C00255,P013,3,850.48,2551.44,sales.csv,2026-09-29T03:58:58.984726+00:00
O002101,2026-01-16,C00202,P049,1,866.30,866.30,sales.csv,2026-09-29T03:58:58.984726+00:00
O006280,2026-05-15,C00168,P049,1,866.74,866.74,sales.csv,2026-09-29T03:58:58.984726+00:00
O003091,2026-03-08,C00500,P017,1,890.17,890.17,sales.csv,2026-09-29T03:58:58.984726+00:00
O004718,2026-01-03,C00454,P006,9,321.79,2896.11,sales.csv,2026-09-29T03:58:58.984726+00:00
O002551,2026-05-26,C00377,P018,1,951.82,951.82,sales.csv,2026-09-29T03:58:58.984726+00:00
O009488,2026-01-29,C00294,P002,3,945.69,2837.07,sales.csv,2026-09-29T03:58:58.984726+00:00
O000598,2026-06-30,C00447,P004,4,971.64,3886.56,sales.csv,2026-09-29T03:58:58.984726+00:00
O009072,2026-02-05,C00269,P041,7,162.82,1139.74,sales.csv,2026-09-29T03:58:58.984726+00:00
O003476,2026-05-17,C00128,P022,5,889.46,4447.30,sales.csv,2026-09-29T03:58:58.984726+00:00
O003557,2026-01-03,C00066,P034,3,184.78,554.34,sales.csv,2026-09-29T03:58:58.984726+00:00
O006686,2026-03-07,C00276,P016,10,568.35,5683.50,sales.csv,2026-09-29T03:58:58.984726+00:00
O006964,2026-01-06,C00467,P009,10,571.27,5712.70,sales.csv,2026-09-29T03:58:58.984726+00:00
O006402,2026-06-27,C00323,P019,4,104.36,417.44,sales.csv,2026-09-29T03:58:58.984726+00:00
O001538,2026-04-16,C00045,P032,4,488.04,1952.16,sales.csv,2026-09-29T03:58:58.984726+00:00
O000585,2026-03-15,C00210,P012,3,841.85,2525.55,sales.csv,2026-09-29T03:58:58.984726+00:00
O002466,2026-06-27,C00171,P015,10,788.32,7883.20,sales.csv,2026-09-29T03:58:58.984726+00:00
O002997,2026-02-16,C00295,P046,9,864.64,7781.76,sales.csv,2026-09-29T03:58:58.984726+00:00
O006834,2026-01-27,C00490,P025,2,223.57,447.14,sales.csv,2026-09-29T03:58:58.984726+00:00
O004435,2026-06-12,C00175,P006,6,949.82,5698.92,sales.csv,2026-09-29T03:58:58.984726+00:00
O004993,2026-04-09,C00312,P015,6,943.65,5661.90,sales.csv,2026-09-29T03:58:58.984726+00:00
O002811,2026-03-24,C00105,P006,2,34.60,69.20,sales.csv,2026-09-29T03:58:58.984726+00:00
O006271,2026-06-18,C00073,P042,9,123.09,1107.81,sales.csv,2026-09-29T03:58:58.984726+00:00
O005765,2026-05-18,C00384,P030,3,644.51,1933.53,sales.csv,2026-09-29T03:58:58.984726+00:00
O004490,2026-06-13,C00360,P032,5,956.85,4784.25,sales.csv,2026-09-29T03:58:58.984726+00:00
O000680,2026-04-18,C00154,P031,2,474.33,948.66,sales.csv,2026-09-29T03:58:58.984726+00:00
O001233,2026-06-02,C00030,P050,3,840.24,2520.72,sales.csv,2026-09-29T03:58:58.984726+00:00
O005986,2026-03-18,C00422,P010,7,96.28,673.96,sales.csv,2026-09-29T03:58:58.984726+00:00
O002035,2026-03-18,C00077,P009,5,326.91,1634.55,sales.csv,2026-09-29T03:58:58.984726+00:00
O002108,2026-06-16,C00227,P045,6,851.33,5107.98,sales.csv,2026-09-29T03:58:58.984726+00:00
O001653,2026-06-18,C00392,P042,10,243.17,2431.70,sales.csv,2026-09-29T03:58:58.984726+00:00
O002603,2026-02-19,C00476,P010,7,24.14,168.98,sales.csv,2026-09-29T03:58:58.984726+00:00
O007442,2026-05-23,C00451,P005,5,647.88,3239.40,sales.csv,2026-09-29T03:58:58.984726+00:00
O008848,2026-05-01,C00050,P006,6,679.49,4076.94,sales.csv,2026-09-29T03:58:58.984726+00:00
O003079,2026-06-05,C00007,P008,5,746.06,3730.30,sales.csv,2026-09-29T03:58:58.984726+00:00
O000148,2026-04-10,C00173,P043,7,950.19,6651.33,sales.csv,2026-09-29T03:58:58.984726+00:00
O005126,2026-01-11,C00253,P041,5,958.63,4793.15,sales.csv,2026-09-29T03:58:58.984726+00:00
O000953,2026-05-05,C00389,P034,6,74.67,448.02,sales.csv,2026-09-29T03:58:58.984726+00:00
O001263,2026-01-02,C00392,P035,1,633.14,633.14,sales.csv,2026-09-29T03:58:58.984726+00:00
O002149,2026-03-25,C00046,P040,10,537.90,5379.00,sales.csv,2026-09-29T03:58:58.984726+00:00
O001483,2026-02-15,C00233,P038,4,596.96,2387.84,sales.csv,2026-09-29T03:58:58.984726+00:00
O000797,2026-05-31,C00035,P001,5,283.77,1418.85,sales.csv,2026-09-29T03:58:58.984726+00:00
O007888,2026-04-29,C00489,P001,8,364.42,2915.36,sales.csv,2026-09-29T03:58:58.984726+00:00
O003134,2026-06-16,C00233,P025,6,575.86,3455.16,sales.csv,2026-09-29T03:58:58.984726+00:00
O007497,2026-03-18,C00346,P034,9,793.34,7140.06,sales.csv,2026-09-29T03:58:58.984726+00:00
O007951,2026-02-17,C00339,P003,7,708.31,4958.17,sales.csv,2026-09-29T03:58:58.984726+00:00
O001916,2026-06-16,C00422,P020,9,394.09,3546.81,sales.csv,2026-09-29T03:58:58.984726+00:00
O005930,2026-06-04,C00378,P049,6,215.46,1292.76,sales.csv,2026-09-29T03:58:58.984726+00:00
O008606,2026-05-13,C00309,P002,2,201.79,403.58,sales.csv,2026-09-29T03:58:58.984726+00:00
O007072,2026-01-28,C00461,P022,5,514.15,2570.75,sales.csv,2026-09-29T03:58:58.984726+00:00
O002251,2026-03-29,C00097,P043,8,911.66,7293.28,sales.csv,2026-09-29T03:58:58.984726+00:00
O004653,2026-06-01,C00202,P013,3,463.71,1391.13,sales.csv,2026-09-29T03:58:58.984726+00:00
O008793,2026-04-17,C00276,P025,2,134.66,269.32,sales.csv,2026-09-29T03:58:58.984726+00:00
O003211,2026-04-12,C00395,P015,8,485.73,3885.84,sales.csv,2026-09-29T03:58:58.984726+00:00
O002755,2026-01-28,C00044,P012,2,521.28,1042.56,sales.csv,2026-09-29T03:58:58.984726+00:00
O006897,2026-01-01,C00496,P041,7,537.31,3761.17,sales.csv,2026-09-29T03:58:58.984726+00:00
O007710,2026-02-17,C00447,P011,9,216.94,1952.46,sales.csv,2026-09-29T03:58:58.984726+00:00
O005023,2026-02-28,C00090,P001,1,83.61,83.61,sales.csv,2026-09-29T03:58:58.984726+00:00
O006957,2026-02-14,C00428,P032,10,497.53,4975.30,sales.csv,2026-09-29T03:58:58.984726+00:00
O004322,2026-05-21,C00122,P004,7,277.57,1942.99,sales.csv,2026-09-29T03:58:58.984726+00:00
O002113,2026-03-29,C00388,P041,3,31.69,95.07,sales.csv,2026-09-29T03:58:58.984726+00:00
O007081,2026-06-12,C00336,P007,5,676.08,3380.40,sales.csv,2026-09-29T03:58:58.984726+00:00
O001817,2026-06-03,C00382,P024,10,630.78,6307.80,sales.csv,2026-09-29T03:58:58.984726+00:00
O009121,2026-04-04,C00118,P036,9,245.69,2211.21,sales.csv,2026-09-29T03:58:58.984726+00:00
O000753,2026-03-10,C00488,P033,2,178.71,357.42,sales.csv,2026-09-29T03:58:58.984726+00:00
O006342,2026-05-13,C00094,P015,6,305.25,1831.50,sales.csv,2026-09-29T03:58:58.984726+00:00
O005358,2026-05-08,C00184,P012,1,626.42,626.42,sales.csv,2026-09-29T03:58:58.984726+00:00
O002308,2026-03-20,C00483,P048,1,656.09,656.09,sales.csv,2026-09-29T03:58:58.984726+00:00
O008748,2026-01-15,C00424,P046,8,595.78,4766.24,sales.csv,2026-09-29T03:58:58.984726+00:00
O007602,2026-05-31,C00192,P002,9,842.35,7581.15,sales.csv,2026-09-29T03:58:58.984726+00:00
O004102,2026-03-10,C00476,P036,6,310.80,1864.80,sales.csv,2026-09-29T03:58:58.984726+00:00
O007166,2026-03-28,C00144,P014,3,650.47,1951.41,sales.csv,2026-09-29T03:58:58.984726+00:00
O008802,2026-03-16,C00450,P044,5,829.22,4146.10,sales.csv,2026-09-29T03:58:58.984726+00:00
O005823,2026-03-20,C00380,P029,8,237.31,1898.48,sales.csv,2026-09-29T03:58:58.984726+00:00
O008891,2026-04-12,C00314,P015,1,285.04,285.04,sales.csv,2026-09-29T03:58:58.984726+00:00
O003332,2026-02-02,C00163,P049,3,525.13,1575.39,sales.csv,2026-09-29T03:58:58.984726+00:00
O007079,2026-04-14,C00198,P033,6,100.41,602.46,sales.csv,2026-09-29T03:58:58.984726+00:00
O006951,2026-02-14,C00109,P020,9,7.24,65.16,sales.csv,2026-09-29T03:58:58.984726+00:00
O006512,2026-06-22,C00332,P028,8,995.32,7962.56,sales.csv,2026-09-29T03:58:58.984726+00:00
O005720,2026-01-04,C00394,P043,6,256.79,1540.74,sales.csv,2026-09-29T03:58:58.984726+00:00
O005377,2026-02-01,C00075,P003,3,159.66,478.98,sales.csv,2026-09-29T03:58:58.984726+00:00
O003958,2026-06-02,C00147,P043,4,102.80,411.20,sales.csv,2026-09-29T03:58:58.984726+00:00
O007476,2026-04-17,C00141,P001,10,755.91,7559.10,sales.csv,2026-09-29T03:58:58.984726+00:00
O009351,2026-03-14,C00451,P046,2,166.40,332.80,sales.csv,2026-09-29T03:58:58.984726+00:00
O003273,2026-02-14,C00243,P048,9,137.16,1234.44,sales.csv,2026-09-29T03:58:58.984726+00:00
O009378,2026-03-26,C00349,P031,9,421.81,3796.29,sales.csv,2026-09-29T03:58:58.984726+00:00
O007424,2026-01-23,C00294,P014,9,905.05,8145.45,sales.csv,2026-09-29T03:58:58.984726+00:00
O001194,2026-02-07,C00029,P011,5,236.97,1184.85,sales.csv,2026-09-29T03:58:58.984726+00:00
O005200,2026-05-31,C00451,P021,10,983.54,9835.40,sales.csv,2026-09-29T03:58:58.984726+00:00
O003460,2026-02-16,C00354,P042,4,300.28,1201.12,sales.csv,2026-09-29T03:58:58.984726+00:00
O008574,2026-06-27,C00442,P005,9,329.05,2961.45,sales.csv,2026-09-29T03:58:58.984726+00:00
O007452,2026-01-12,C00334,P038,7,912.95,6390.65,sales.csv,2026-09-29T03:58:58.984726+00:00
O005677,2026-03-25,C00426,P043,4,430.17,1720.68,sales.csv,2026-09-29T03:58:58.984726+00:00
O004145,2026-05-01,C00080,P009,4,799.18,3196.72,sales.csv,2026-09-29T03:58:58.984726+00:00
O006752,2026-03-26,C00390,P030,1,533.86,533.86,sales.csv,2026-09-29T03:58:58.984726+00:00
O003160,2026-06-10,C00005,P016,3,769.53,2308.59,sales.csv,2026-09-29T03:58:58.984726+00:00
O004530,2026-06-03,C00362,P037,10,821.46,8214.60,sales.csv,2026-09-29T03:58:58.984726+00:00
O001226,2026-02-24,C00261,P026,6,722.65,4335.90,sales.csv,2026-09-29T03:58:58.984726+00:00
O005630,2026-06-26,C00063,P004,4,356.70,1426.80,sales.csv,2026-09-29T03:58:58.984726+00:00
O001710,2026-01-29,C00408,P010,8,653.10,5224.80,sales.csv,2026-09-29T03:58:58.984726+00:00
O006434,2026-02-21,C00393,P030,6,746.04,4476.24,sales.csv,2026-09-29T03:58:58.984726+00:00
O002515,2026-06-16,C00064,P049,4,864.21,3456.84,sales.csv,2026-09-29T03:58:58.984726+00:00
O005825,2026-02-16,C00216,P042,6,414.93,2489.58,sales.csv,2026-09-29T03:58:58.984726+00:00
O004744,2026-01-06,C00293,P022,5,333.78,1668.90,sales.csv,2026-09-29T03:58:58.984726+00:00
O002187,2026-05-23,C00144,P028,4,801.12,3204.48,sales.csv,2026-09-29T03:58:58.984726+00:00
O006088,2026-01-20,C00463,P024,5,313.20,1566.00,sales.csv,2026-09-29T03:58:58.984726+00:00
O005240,2026-01-16,C00156,P038,5,334.88,1674.40,sales.csv,2026-09-29T03:58:58.984726+00:00
O008162,2026-05-12,C00318,P032,4,471.84,1887.36,sales.csv,2026-09-29T03:58:58.984726+00:00
O008570,2026-03-08,C00192,P049,4,416.94,1667.76,sales.csv,2026-09-29T03:58:58.984726+00:00
O005622,2026-06-15,C00105,P002,6,508.77,3052.62,sales.csv,2026-09-29T03:58:58.984726+00:00
O005299,2026-03-13,C00467,P004,1,825.83,825.83,sales.csv,2026-09-29T03:58:58.984726+00:00
O008713,2026-01-24,C00091,P046,2,724.09,1448.18,sales.csv,2026-09-29T03:58:58.984726+00:00
O008221,2026-03-27,C00152,P027,2,218.24,436.48,sales.csv,2026-09-29T03:58:58.984726+00:00
O004123,2026-01-06,C00200,P037,6,472.23,2833.38,sales.csv,2026-09-29T03:58:58.984726+00:00
O005795,2026-01-26,C00056,P035,10,68.65,686.50,sales.csv,2026-09-29T03:58:58.984726+00:00
O006562,2026-04-17,C00414,P034,3,382.64,1147.92,sales.csv,2026-09-29T03:58:58.984726+00:00
O004307,2026-01-21,C00119,P004,5,409.27,2046.35,sales.csv,2026-09-29T03:58:58.984726+00:00
O008329,2026-02-07,C00493,P023,7,856.81,5997.67,sales.csv,2026-09-29T03:58:58.984726+00:00
O001836,2026-01-05,C00246,P023,5,906.77,4533.85,sales.csv,2026-09-29T03:58:58.984726+00:00
O001778,2026-02-14,C00430,P046,3,212.35,637.05,sales.csv,2026-09-29T03:58:58.984726+00:00
O001295,2026-02-11,C00176,P015,6,416.33,2497.98,sales.csv,2026-09-29T03:58:58.984726+00:00
O000325,2026-01-25,C00382,P048,6,171.54,1029.24,sales.csv,2026-09-29T03:58:58.984726+00:00
O003962,2026-01-25,C00028,P024,4,847.42,3389.68,sales.csv,2026-09-29T03:58:58.984726+00:00
O003917,2026-03-14,C00084,P038,3,424.10,1272.30,sales.csv,2026-09-29T03:58:58.984726+00:00
O003112,2026-03-03,C00228,P047,7,475.32,3327.24,sales.csv,2026-09-29T03:58:58.984726+00:00
O001458,2026-06-13,C00478,P048,5,200.17,1000.85,sales.csv,2026-09-29T03:58:58.984726+00:00
O003179,2026-01-16,C00288,P050,6,343.89,2063.34,sales.csv,2026-09-29T03:58:58.984726+00:00
O000912,2026-06-17,C00085,P039,7,206.91,1448.37,sales.csv,2026-09-29T03:58:58.984726+00:00
O004050,2026-05-15,C00341,P018,10,696.36,6963.60,sales.csv,2026-09-29T03:58:58.984726+00:00
O004210,2026-01-22,C00408,P048,1,197.66,197.66,sales.csv,2026-09-29T03:58:58.984726+00:00
O001438,2026-04-08,C00261,P046,2,414.47,828.94,sales.csv,2026-09-29T03:58:58.984726+00:00
O002658,2026-02-06,C00037,P028,4,597.40,2389.60,sales.csv,2026-09-29T03:58:58.984726+00:00
O009212,2026-01-10,C00300,P044,7,155.88,1091.16,sales.csv,2026-09-29T03:58:58.984726+00:00
O009031,2026-06-20,C00027,P014,8,887.33,7098.64,sales.csv,2026-09-29T03:58:58.984726+00:00
O006798,2026-03-28,C00383,P016,3,380.63,1141.89,sales.csv,2026-09-29T03:58:58.984726+00:00
O005002,2026-04-03,C00353,P005,8,791.05,6328.40,sales.csv,2026-09-29T03:58:58.984726+00:00
O009067,2026-06-08,C00184,P030,8,566.02,4528.16,sales.csv,2026-09-29T03:58:58.984726+00:00
O007848,2026-04-11,C00389,P049,6,592.79,3556.74,sales.csv,2026-09-29T03:58:58.984726+00:00
O001011,2026-04-14,C00010,P015,4,954.11,3816.44,sales.csv,2026-09-29T03:58:58.984726+00:00
O000569,2026-02-26,C00113,P009,8,201.78,1614.24,sales.csv,2026-09-29T03:58:58.984726+00:00
O004516,2026-06-10,C00434,P032,7,736.80,5157.60,sales.csv,2026-09-29T03:58:58.984726+00:00
O007075,2026-01-13,C00111,P034,9,757.38,6816.42,sales.csv,2026-09-29T03:58:58.984726+00:00
O008622,2026-05-20,C00434,P012,9,640.98,5768.82,sales.csv,2026-09-29T03:58:58.984726+00:00
O003804,2026-03-23,C00240,P016,3,638.90,1916.70,sales.csv,2026-09-29T03:58:58.984726+00:00
O007659,2026-02-03,C00082,P043,5,176.63,883.15,sales.csv,2026-09-29T03:58:58.984726+00:00
O008786,2026-01-28,C00235,P022,6,222.06,1332.36,sales.csv,2026-09-29T03:58:58.984726+00:00
O002789,2026-04-08,C00146,P043,7,832.13,5824.91,sales.csv,2026-09-29T03:58:58.984726+00:00
O001115,2026-05-20,C00275,P026,2,458.96,917.92,sales.csv,2026-09-29T03:58:58.984726+00:00
O000666,2026-04-08,C00044,P050,10,388.15,3881.50,sales.csv,2026-09-29T03:58:58.984726+00:00
O005928,2026-02-09,C00486,P008,3,114.87,344.61,sales.csv,2026-09-29T03:58:58.984726+00:00
O007064,2026-04-14,C00256,P047,2,914.98,1829.96,sales.csv,2026-09-29T03:58:58.984726+00:00
O000082,2026-06-20,C00419,P036,5,870.51,4352.55,sales.csv,2026-09-29T03:58:58.984726+00:00
O002730,2026-01-10,C00149,P011,3,895.40,2686.20,sales.csv,2026-09-29T03:58:58.984726+00:00
O002323,2026-02-13,C00168,P027,7,206.82,1447.74,sales.csv,2026-09-29T03:58:58.984726+00:00
O004520,2026-01-02,C00407,P034,8,255.37,2042.96,sales.csv,2026-09-29T03:58:58.984726+00:00
O004901,2026-05-27,C00492,P050,4,349.54,1398.16,sales.csv,2026-09-29T03:58:58.984726+00:00
O007669,2026-02-03,C00390,P009,9,823.21,7408.89,sales.csv,2026-09-29T03:58:58.984726+00:00
O002353,2026-06-21,C00391,P001,5,202.19,1010.95,sales.csv,2026-09-29T03:58:58.984726+00:00
O007990,2026-01-18,C00204,P018,9,654.11,5886.99,sales.csv,2026-09-29T03:58:58.984726+00:00
O008213,2026-06-05,C00055,P046,4,516.35,2065.40,sales.csv,2026-09-29T03:58:58.984726+00:00
O002202,2026-03-19,C00414,P046,4,308.04,1232.16,sales.csv,2026-09-29T03:58:58.984726+00:00
O008671,2026-04-30,C00471,P045,8,39.02,312.16,sales.csv,2026-09-29T03:58:58.984726+00:00
O008112,2026-06-02,C00107,P003,5,513.14,2565.70,sales.csv,2026-09-29T03:58:58.984726+00:00
O008510,2026-04-24,C00002,P045,10,358.28,3582.80,sales.csv,2026-09-29T03:58:58.984726+00:00
O008803,2026-06-25,C00162,P018,6,743.65,4461.90,sales.csv,2026-09-29T03:58:58.984726+00:00
O005960,2026-04-30,C00421,P034,6,478.96,2873.76,sales.csv,2026-09-29T03:58:58.984726+00:00
O008045,2026-04-28,C00095,P012,7,408.29,2858.03,sales.csv,2026-09-29T03:58:58.984726+00:00
O003032,2026-01-19,C00413,P037,10,922.55,9225.50,sales.csv,2026-09-29T03:58:58.984726+00:00
O005254,2026-03-03,C00371,P020,2,863.47,1726.94,sales.csv,2026-09-29T03:58:58.984726+00:00
O005400,2026-05-26,C00391,P022,10,516.73,5167.30,sales.csv,2026-09-29T03:58:58.984726+00:00
O005093,2026-01-23,C00162,P012,7,106.99,748.93,sales.csv,2026-09-29T03:58:58.984726+00:00
O007140,2026-06-09,C00361,P001,8,28.85,230.80,sales.csv,2026-09-29T03:58:58.984726+00:00
O002289,2026-04-20,C00231,P030,7,537.02,3759.14,sales.csv,2026-09-29T03:58:58.984726+00:00
O005604,2026-01-28,C00195,P019,10,700.53,7005.30,sales.csv,2026-09-29T03:58:58.984726+00:00
O008195,2026-02-24,C00149,P005,1,289.94,289.94,sales.csv,2026-09-29T03:58:58.984726+00:00
O000138,2026-03-15,C00121,P018,6,420.04,2520.24,sales.csv,2026-09-29T03:58:58.984726+00:00
O002060,2026-02-21,C00151,P037,7,67.74,474.18,sales.csv,2026-09-29T03:58:58.984726+00:00
O005781,2026-06-06,C00018,P047,6,591.09,3546.54,sales.csv,2026-09-29T03:58:58.984726+00:00
O000768,2026-02-10,C00226,P030,1,561.72,561.72,sales.csv,2026-09-29T03:58:58.984726+00:00
O006457,2026-02-28,C00348,P047,2,555.64,1111.28,sales.csv,2026-09-29T03:58:58.984726+00:00
O007876,2026-02-27,C00454,P043,3,508.40,1525.20,sales.csv,2026-09-29T03:58:58.984726+00:00
O006568,2026-02-21,C00104,P034,7,701.46,4910.22,sales.csv,2026-09-29T03:58:58.984726+00:00
O006306,2026-04-13,C00424,P045,5,669.49,3347.45,sales.csv,2026-09-29T03:58:58.984726+00:00
O007095,2026-06-19,C00102,P011,7,87.07,609.49,sales.csv,2026-09-29T03:58:58.984726+00:00
O007764,2026-03-15,C00384,P026,1,585.33,585.33,sales.csv,2026-09-29T03:58:58.984726+00:00
O006103,2026-03-01,C00063,P009,5,987.52,4937.60,sales.csv,2026-09-29T03:58:58.984726+00:00
O006546,2026-06-14,C00190,P026,5,613.81,3069.05,sales.csv,2026-09-29T03:58:58.984726+00:00
O007375,2026-01-21,C00121,P029,8,963.54,7708.32,sales.csv,2026-09-29T03:58:58.984726+00:00
O008054,2026-01-22,C00181,P016,10,27.05,270.50,sales.csv,2026-09-29T03:58:58.984726+00:00
O006565,2026-02-09,C00090,P017,5,341.80,1709.00,sales.csv,2026-09-29T03:58:58.984726+00:00
O007212,2026-05-23,C00190,P048,9,33.29,299.61,sales.csv,2026-09-29T03:58:58.984726+00:00
O006072,2026-06-06,C00419,P036,6,143.50,861.00,sales.csv,2026-09-29T03:58:58.984726+00:00
O005081,2026-01-14,C00236,P011,4,179.27,717.08,sales.csv,2026-09-29T03:58:58.984726+00:00
O001618,2026-03-26,C00216,P023,5,380.07,1900.35,sales.csv,2026-09-29T03:58:58.984726+00:00
O001385,2026-06-03,C00227,P023,6,722.00,4332.00,sales.csv,2026-09-29T03:58:58.984726+00:00
O003780,2026-06-15,C00198,P019,10,507.94,5079.40,sales.csv,2026-09-29T03:58:58.984726+00:00
O008980,2026-06-18,C00170,P025,7,452.89,3170.23,sales.csv,2026-09-29T03:58:58.984726+00:00
O006844,2026-01-19,C00129,P035,2,136.96,273.92,sales.csv,2026-09-29T03:58:58.984726+00:00
O005172,2026-05-30,C00032,P041,3,868.03,2604.09,sales.csv,2026-09-29T03:58:58.984726+00:00
O004862,2026-05-19,C00433,P011,2,117.68,235.36,sales.csv,2026-09-29T03:58:58.984726+00:00
O000116,2026-04-18,C00341,P025,3,807.76,2423.28,sales.csv,2026-09-29T03:58:58.984726+00:00
O006400,2026-01-11,C00348,P046,2,786.75,1573.50,sales.csv,2026-09-29T03:58:58.984726+00:00
O007613,2026-04-27,C00376,P048,9,446.09,4014.81,sales.csv,2026-09-29T03:58:58.984726+00:00
O001810,2026-05-22,C00252,P003,5,768.04,3840.20,sales.csv,2026-09-29T03:58:58.984726+00:00
O004357,2026-05-28,C00410,P034,3,823.50,2470.50,sales.csv,2026-09-29T03:58:58.984726+00:00
O005954,2026-03-03,C00055,P049,8,980.81,7846.48,sales.csv,2026-09-29T03:58:58.984726+00:00
O001165,2026-01-20,C00457,P002,9,828.88,7459.92,sales.csv,2026-09-29T03:58:58.984726+00:00
O007914,2026-05-24,C00133,P008,9,595.47,5359.23,sales.csv,2026-09-29T03:58:58.984726+00:00
O007429,2026-06-28,C00088,P008,7,291.72,2042.04,sales.csv,2026-09-29T03:58:58.984726+00:00
O006880,2026-01-17,C00479,P046,8,766.13,6129.04,sales.csv,2026-09-29T03:58:58.984726+00:00
O005753,2026-02-04,C00252,P014,1,347.10,347.10,sales.csv,2026-09-29T03:58:58.984726+00:00
O004237,2026-03-06,C00200,P012,8,608.52,4868.16,sales.csv,2026-09-29T03:58:58.984726+00:00
O008380,2026-03-20,C00255,P026,3,446.46,1339.38,sales.csv,2026-09-29T03:58:58.984726+00:00
O004475,2026-02-01,C00203,P047,4,186.35,745.40,sales.csv,2026-09-29T03:58:58.984726+00:00
O004743,2026-02-11,C00414,P026,5,324.92,1624.60,sales.csv,2026-09-29T03:58:58.984726+00:00
O000111,2026-05-14,C00474,P035,4,478.39,1913.56,sales.csv,2026-09-29T03:58:58.984726+00:00
O002272,2026-06-03,C00220,P041,4,61.54,246.16,sales.csv,2026-09-29T03:58:58.984726+00:00
O003468,2026-01-22,C00244,P013,2,711.89,1423.78,sales.csv,2026-09-29T03:58:58.984726+00:00
O002014,2026-06-01,C00476,P007,6,202.55,1215.30,sales.csv,2026-09-29T03:58:58.984726+00:00
O007554,2026-04-19,C00111,P017,5,892.29,4461.45,sales.csv,2026-09-29T03:58:58.984726+00:00
O000235,2026-06-15,C00427,P010,8,940.26,7522.08,sales.csv,2026-09-29T03:58:58.984726+00:00
O000391,2026-06-29,C00425,P048,9,123.49,1111.41,sales.csv,2026-09-29T03:58:58.984726+00:00
O005146,2026-06-20,C00385,P005,1,13.74,13.74,sales.csv,2026-09-29T03:58:58.984726+00:00
O002010,2026-05-15,C00393,P037,3,546.80,1640.40,sales.csv,2026-09-29T03:58:58.984726+00:00
O002609,2026-04-18,C00127,P021,1,239.22,239.22,sales.csv,2026-09-29T03:58:58.984726+00:00
O008588,2026-06-24,C00131,P039,9,368.05,3312.45,sales.csv,2026-09-29T03:58:58.984726+00:00
O003585,2026-02-11,C00204,P021,1,750.84,750.84,sales.csv,2026-09-29T03:58:58.984726+00:00
O002235,2026-04-16,C00120,P039,10,14.90,149.00,sales.csv,2026-09-29T03:58:58.984726+00:00
O002639,2026-06-13,C00076,P018,3,355.46,1066.38,sales.csv,2026-09-29T03:58:58.984726+00:00
O002819,2026-06-10,C00012,P041,10,136.55,1365.50,sales.csv,2026-09-29T03:58:58.984726+00:00
O004231,2026-01-19,C00145,P050,6,902.41,5414.46,sales.csv,2026-09-29T03:58:58.984726+00:00
O003396,2026-04-07,C00311,P008,2,519.71,1039.42,sales.csv,2026-09-29T03:58:58.984726+00:00
O002837,2026-05-07,C00224,P033,7,254.04,1778.28,sales.csv,2026-09-29T03:58:58.984726+00:00
O007703,2026-04-15,C00243,P014,1,740.76,740.76,sales.csv,2026-09-29T03:58:58.984726+00:00
O008202,2026-01-10,C00258,P024,7,2.78,19.46,sales.csv,2026-09-29T03:58:58.984726+00:00
O008244,2026-06-08,C00356,P038,10,237.07,2370.70,sales.csv,2026-09-29T03:58:58.984726+00:00
O001784,2026-02-01,C00472,P002,7,655.59,4589.13,sales.csv,2026-09-29T03:58:58.984726+00:00
O004108,2026-04-28,C00313,P011,3,289.80,869.40,sales.csv,2026-09-29T03:58:58.984726+00:00
O001041,2026-02-12,C00058,P009,1,209.92,209.92,sales.csv,2026-09-29T03:58:58.984726+00:00
O003832,2026-01-21,C00171,P036,1,172.24,172.24,sales.csv,2026-09-29T03:58:58.984726+00:00
O005924,2026-03-19,C00257,P037,8,395.96,3167.68,sales.csv,2026-09-29T03:58:58.984726+00:00
O008289,2026-01-21,C00270,P047,7,377.73,2644.11,sales.csv,2026-09-29T03:58:58.984726+00:00
O008013,2026-06-15,C00436,P013,8,768.41,6147.28,sales.csv,2026-09-29T03:58:58.984726+00:00
O002791,2026-01-27,C00046,P042,1,808.74,808.74,sales.csv,2026-09-29T03:58:58.984726+00:00
O004491,2026-03-14,C00422,P039,2,950.98,1901.96,sales.csv,2026-09-29T03:58:58.984726+00:00
O009390,2026-02-25,C00482,P037,7,319.49,2236.43,sales.csv,2026-09-29T03:58:58.984726+00:00
O005040,2026-06-26,C00024,P028,7,877.14,6139.98,sales.csv,2026-09-29T03:58:58.984726+00:00
O008184,2026-01-20,C00154,P024,1,297.69,297.69,sales.csv,2026-09-29T03:58:58.984726+00:00
O008835,2026-04-24,C00007,P030,9,136.58,1229.22,sales.csv,2026-09-29T03:58:58.984726+00:00
O004760,2026-05-17,C00202,P004,1,265.75,265.75,sales.csv,2026-09-29T03:58:58.984726+00:00
O008578,2026-04-02,C00424,P037,7,155.38,1087.66,sales.csv,2026-09-29T03:58:58.984726+00:00
O001998,2026-03-14,C00463,P017,10,999.19,9991.90,sales.csv,2026-09-29T03:58:58.984726+00:00
O007031,2026-04-20,C00082,P011,5,758.27,3791.35,sales.csv,2026-09-29T03:58:58.984726+00:00
O007162,2026-06-26,C00451,P048,3,28.25,84.75,sales.csv,2026-09-29T03:58:58.984726+00:00
O008219,2026-04-12,C00124,P006,1,107.44,107.44,sales.csv,2026-09-29T03:58:58.984726+00:00
O006139,2026-05-23,C00221,P023,2,470.19,940.38,sales.csv,2026-09-29T03:58:58.984726+00:00
O004178,2026-06-20,C00400,P036,10,664.15,6641.50,sales.csv,2026-09-29T03:58:58.984726+00:00
O005326,2026-05-06,C00064,P010,7,131.77,922.39,sales.csv,2026-09-29T03:58:58.984726+00:00
O000102,2026-04-28,C00180,P020,4,293.19,1172.76,sales.csv,2026-09-29T03:58:58.984726+00:00
O004933,2026-06-03,C00348,P012,1,902.05,902.05,sales.csv,2026-09-29T03:58:58.984726+00:00
O008025,2026-06-15,C00223,P046,8,630.16,5041.28,sales.csv,2026-09-29T03:58:58.984726+00:00
O007832,2026-02-28,C00222,P026,4,412.10,1648.40,sales.csv,2026-09-29T03:58:58.984726+00:00
O005862,2026-05-29,C00345,P035,10,953.57,9535.70,sales.csv,2026-09-29T03:58:58.984726+00:00
O009180,2026-05-23,C00350,P006,8,993.40,7947.20,sales.csv,2026-09-29T03:58:58.984726+00:00
O007155,2026-06-12,C00199,P019,4,205.16,820.64,sales.csv,2026-09-29T03:58:58.984726+00:00
O007511,2026-05-01,C00208,P022,1,339.97,339.97,sales.csv,2026-09-29T03:58:58.984726+00:00
O008254,2026-04-27,C00340,P006,5,920.20,4601.00,sales.csv,2026-09-29T03:58:58.984726+00:00
O003906,2026-03-22,C00310,P035,4,847.51,3390.04,sales.csv,2026-09-29T03:58:58.984726+00:00
O006252,2026-04-19,C00422,P020,10,344.95,3449.50,sales.csv,2026-09-29T03:58:58.984726+00:00
O001351,2026-02-09,C00360,P035,2,165.92,331.84,sales.csv,2026-09-29T03:58:58.984726+00:00
O007171,2026-01-23,C00465,P004,1,947.84,947.84,sales.csv,2026-09-29T03:58:58.984726+00:00
O009173,2026-05-20,C00181,P015,2,239.16,478.32,sales.csv,2026-09-29T03:58:58.984726+00:00
O006350,2026-06-07,C00210,P027,2,690.69,1381.38,sales.csv,2026-09-29T03:58:58.984726+00:00
O003228,2026-05-07,C00088,P041,9,639.57,5756.13,sales.csv,2026-09-29T03:58:58.984726+00:00
O004649,2026-01-10,C00016,P044,2,221.09,442.18,sales.csv,2026-09-29T03:58:58.984726+00:00
O005061,2026-04-08,C00008,P020,2,726.21,1452.42,sales.csv,2026-09-29T03:58:58.984726+00:00
O007999,2026-02-06,C00462,P016,9,284.33,2558.97,sales.csv,2026-09-29T03:58:58.984726+00:00
O001300,2026-03-02,C00339,P017,2,277.00,554.00,sales.csv,2026-09-29T03:58:58.984726+00:00
O004552,2026-04-02,C00279,P044,3,570.04,1710.12,sales.csv,2026-09-29T03:58:58.984726+00:00
O000834,2026-03-20,C00054,P014,9,313.17,2818.53,sales.csv,2026-09-29T03:58:58.984726+00:00
O007294,2026-03-23,C00426,P031,6,555.66,3333.96,sales.csv,2026-09-29T03:58:58.984726+00:00
O004056,2026-01-18,C00245,P033,2,743.07,1486.14,sales.csv,2026-09-29T03:58:58.984726+00:00
O003926,2026-03-02,C00048,P049,6,469.03,2814.18,sales.csv,2026-09-29T03:58:58.984726+00:00
O004555,2026-01-19,C00473,P014,1,737.35,737.35,sales.csv,2026-09-29T03:58:58.984726+00:00
O001628,2026-03-08,C00401,P045,4,636.59,2546.36,sales.csv,2026-09-29T03:58:58.984726+00:00
O006183,2026-03-12,C00461,P019,2,982.55,1965.10,sales.csv,2026-09-29T03:58:58.984726+00:00
O004463,2026-05-20,C00350,P012,5,252.22,1261.10,sales.csv,2026-09-29T03:58:58.984726+00:00
O008172,2026-03-28,C00036,P027,7,566.38,3964.66,sales.csv,2026-09-29T03:58:58.984726+00:00
O000408,2026-05-13,C00436,P008,5,110.93,554.65,sales.csv,2026-09-29T03:58:58.984726+00:00
O000721,2026-01-27,C00410,P035,3,480.45,1441.35,sales.csv,2026-09-29T03:58:58.984726+00:00
O006983,2026-02-17,C00431,P022,7,938.87,6572.09,sales.csv,2026-09-29T03:58:58.984726+00:00
O000713,2026-03-29,C00332,P007,3,971.57,2914.71,sales.csv,2026-09-29T03:58:58.984726+00:00
O008165,2026-06-11,C00207,P004,1,218.49,218.49,sales.csv,2026-09-29T03:58:58.984726+00:00
O000453,2026-02-02,C00035,P016,6,475.67,2854.02,sales.csv,2026-09-29T03:58:58.984726+00:00
O007229,2026-05-27,C00387,P002,7,868.12,6076.84,sales.csv,2026-09-29T03:58:58.984726+00:00
O007272,2026-01-06,C00337,P012,9,124.48,1120.32,sales.csv,2026-09-29T03:58:58.984726+00:00
O004374,2026-05-31,C00210,P008,5,843.81,4219.05,sales.csv,2026-09-29T03:58:58.984726+00:00
O008784,2026-03-10,C00051,P026,4,644.68,2578.72,sales.csv,2026-09-29T03:58:58.984726+00:00
O007106,2026-03-10,C00476,P028,7,719.34,5035.38,sales.csv,2026-09-29T03:58:58.984726+00:00
O005295,2026-03-29,C00449,P048,3,292.71,878.13,sales.csv,2026-09-29T03:58:58.984726+00:00
O002049,2026-05-03,C00236,P045,7,863.08,6041.56,sales.csv,2026-09-29T03:58:58.984726+00:00
O003098,2026-03-27,C00500,P027,6,617.93,3707.58,sales.csv,2026-09-29T03:58:58.984726+00:00
O005544,2026-03-14,C00376,P032,9,745.95,6713.55,sales.csv,2026-09-29T03:58:58.984726+00:00
O006647,2026-03-01,C00115,P018,9,869.68,7827.12,sales.csv,2026-09-29T03:58:58.984726+00:00
O004029,2026-02-09,C00496,P005,4,632.95,2531.80,sales.csv,2026-09-29T03:58:58.984726+00:00
O001199,2026-05-30,C00421,P050,3,817.85,2453.55,sales.csv,2026-09-29T03:58:58.984726+00:00
O004402,2026-03-22,C00134,P039,4,962.30,3849.20,sales.csv,2026-09-29T03:58:58.984726+00:00
O003313,2026-01-06,C00225,P040,8,779.01,6232.08,sales.csv,2026-09-29T03:58:58.984726+00:00
O000506,2026-04-13,C00027,P037,9,256.13,2305.17,sales.csv,2026-09-29T03:58:58.984726+00:00
O003368,2026-03-25,C00191,P003,3,799.69,2399.07,sales.csv,2026-09-29T03:58:58.984726+00:00
O000757,2026-02-06,C00296,P041,5,823.88,4119.40,sales.csv,2026-09-29T03:58:58.984726+00:00
O006673,2026-03-01,C00420,P050,7,952.09,6664.63,sales.csv,2026-09-29T03:58:58.984726+00:00
O008810,2026-04-24,C00381,P014,7,696.17,4873.19,sales.csv,2026-09-29T03:58:58.984726+00:00
O008047,2026-05-27,C00497,P001,1,832.17,832.17,sales.csv,2026-09-29T03:58:58.984726+00:00
O005467,2026-02-03,C00150,P004,6,77.66,465.96,sales.csv,2026-09-29T03:58:58.984726+00:00
O000014,2026-05-28,C00099,P046,2,61.06,122.12,sales.csv,2026-09-29T03:58:58.984726+00:00
O008842,2026-03-31,C00397,P010,9,265.75,2391.75,sales.csv,2026-09-29T03:58:58.984726+00:00
O000114,2026-03-21,C00342,P027,6,528.43,3170.58,sales.csv,2026-09-29T03:58:58.984726+00:00
O000324,2026-01-24,C00426,P006,2,567.06,1134.12,sales.csv,2026-09-29T03:58:58.984726+00:00
O006237,2026-06-24,C00417,P011,9,910.11,8190.99,sales.csv,2026-09-29T03:58:58.984726+00:00
O006363,2026-02-20,C00265,P031,4,276.20,1104.80,sales.csv,2026-09-29T03:58:58.984726+00:00
O005578,2026-01-20,C00319,P009,8,796.21,6369.68,sales.csv,2026-09-29T03:58:58.984726+00:00
O002976,2026-01-15,C00475,P008,5,531.26,2656.30,sales.csv,2026-09-29T03:58:58.984726+00:00
O004997,2026-01-18,C00367,P026,8,622.50,4980.00,sales.csv,2026-09-29T03:58:58.984726+00:00
O002325,2026-01-18,C00200,P014,3,270.58,811.74,sales.csv,2026-09-29T03:58:58.984726+00:00
O003836,2026-04-07,C00172,P024,9,557.41,5016.69,sales.csv,2026-09-29T03:58:58.984726+00:00
O006020,2026-01-19,C00431,P020,9,426.08,3834.72,sales.csv,2026-09-29T03:58:58.984726+00:00
O001887,2026-05-23,C00338,P050,5,926.44,4632.20,sales.csv,2026-09-29T03:58:58.984726+00:00
O005717,2026-02-23,C00114,P024,2,824.13,1648.26,sales.csv,2026-09-29T03:58:58.984726+00:00
O008290,2026-02-01,C00247,P025,2,837.33,1674.66,sales.csv,2026-09-29T03:58:58.984726+00:00
O007502,2026-02-14,C00146,P016,9,232.46,2092.14,sales.csv,2026-09-29T03:58:58.984726+00:00
O005594,2026-01-17,C00392,P029,10,811.98,8119.80,sales.csv,2026-09-29T03:58:58.984726+00:00
O009054,2026-03-12,C00398,P007,9,18.47,166.23,sales.csv,2026-09-29T03:58:58.984726+00:00
O000441,2026-04-22,C00456,P026,8,507.78,4062.24,sales.csv,2026-09-29T03:58:58.984726+00:00
O000080,2026-04-05,C00146,P011,8,713.00,5704.00,sales.csv,2026-09-29T03:58:58.984726+00:00
O004083,2026-02-14,C00061,P047,5,838.01,4190.05,sales.csv,2026-09-29T03:58:58.984726+00:00
O002529,2026-02-02,C00374,P040,7,98.46,689.22,sales.csv,2026-09-29T03:58:58.984726+00:00
O001186,2026-02-12,C00118,P005,9,844.41,7599.69,sales.csv,2026-09-29T03:58:58.984726+00:00
O003025,2026-05-28,C00124,P034,10,656.42,6564.20,sales.csv,2026-09-29T03:58:58.984726+00:00
O007927,2026-02-11,C00248,P004,8,780.02,6240.16,sales.csv,2026-09-29T03:58:58.984726+00:00
O006380,2026-01-30,C00472,P026,1,848.52,848.52,sales.csv,2026-09-29T03:58:58.984726+00:00
O005968,2026-06-26,C00263,P008,10,617.01,6170.10,sales.csv,2026-09-29T03:58:58.984726+00:00
O002310,2026-04-18,C00218,P044,7,906.07,6342.49,sales.csv,2026-09-29T03:58:58.984726+00:00
O001931,2026-04-19,C00332,P003,4,209.87,839.48,sales.csv,2026-09-29T03:58:58.984726+00:00
O008132,2026-04-22,C00195,P034,9,948.93,8540.37,sales.csv,2026-09-29T03:58:58.984726+00:00
O005609,2026-04-12,C00205,P019,9,789.82,7108.38,sales.csv,2026-09-29T03:58:58.984726+00:00
O003414,2026-05-11,C00443,P013,3,601.00,1803.00,sales.csv,2026-09-29T03:58:58.984726+00:00
O007695,2026-05-28,C00316,P001,4,668.07,2672.28,sales.csv,2026-09-29T03:58:58.984726+00:00
O002606,2026-03-28,C00219,P031,1,669.28,669.28,sales.csv,2026-09-29T03:58:58.984726+00:00
O003614,2026-02-10,C00331,P027,7,776.18,5433.26,sales.csv,2026-09-29T03:58:58.984726+00:00
O000823,2026-01-20,C00293,P024,2,659.03,1318.06,sales.csv,2026-09-29T03:58:58.984726+00:00
O002287,2026-04-24,C00266,P023,4,766.41,3065.64,sales.csv,2026-09-29T03:58:58.984726+00:00
O007080,2026-06-25,C00110,P022,4,685.77,2743.08,sales.csv,2026-09-29T03:58:58.984726+00:00
O002924,2026-01-04,C00424,P023,5,931.81,4659.05,sales.csv,2026-09-29T03:58:58.984726+00:00
O006454,2026-02-03,C00101,P023,2,480.68,961.36,sales.csv,2026-09-29T03:58:58.984726+00:00
O006116,2026-04-13,C00066,P028,5,621.56,3107.80,sales.csv,2026-09-29T03:58:58.984726+00:00
O007325,2026-04-10,C00463,P022,2,593.33,1186.66,sales.csv,2026-09-29T03:58:58.984726+00:00
O008339,2026-04-20,C00181,P049,5,715.03,3575.15,sales.csv,2026-09-29T03:58:58.984726+00:00
O009481,2026-06-11,C00443,P024,5,695.32,3476.60,sales.csv,2026-09-29T03:58:58.984726+00:00
O005646,2026-01-21,C00497,P009,5,437.49,2187.45,sales.csv,2026-09-29T03:58:58.984726+00:00
O006374,2026-01-21,C00138,P023,7,253.42,1773.94,sales.csv,2026-09-29T03:58:58.984726+00:00
O003292,2026-06-13,C00192,P030,2,950.32,1900.64,sales.csv,2026-09-29T03:58:58.984726+00:00
O000644,2026-01-25,C00269,P010,4,252.56,1010.24,sales.csv,2026-09-29T03:58:58.984726+00:00
O004797,2026-02-03,C00109,P002,5,99.23,496.15,sales.csv,2026-09-29T03:58:58.984726+00:00
O000045,2026-05-19,C00387,P047,4,935.47,3741.88,sales.csv,2026-09-29T03:58:58.984726+00:00
O007216,2026-01-18,C00489,P009,10,463.00,4630.00,sales.csv,2026-09-29T03:58:58.984726+00:00
O009339,2026-03-17,C00263,P036,5,768.03,3840.15,sales.csv,2026-09-29T03:58:58.984726+00:00
O000240,2026-03-29,C00479,P033,5,4.36,21.80,sales.csv,2026-09-29T03:58:58.984726+00:00
O008956,2026-01-24,C00009,P043,3,966.08,2898.24,sales.csv,2026-09-29T03:58:58.984726+00:00
O004045,2026-05-23,C00135,P031,2,861.17,1722.34,sales.csv,2026-09-29T03:58:58.984726+00:00
O004239,2026-02-04,C00418,P021,7,863.98,6047.86,sales.csv,2026-09-29T03:58:58.984726+00:00
O002413,2026-05-06,C00326,P045,6,913.85,5483.10,sales.csv,2026-09-29T03:58:58.984726+00:00
O008545,2026-06-24,C00317,P012,1,108.35,108.35,sales.csv,2026-09-29T03:58:58.984726+00:00
O005839,2026-01-07,C00262,P048,4,575.51,2302.04,sales.csv,2026-09-29T03:58:58.984726+00:00
O004358,2026-05-08,C00271,P001,3,26.65,79.95,sales.csv,2026-09-29T03:58:58.984726+00:00
O007065,2026-02-22,C00196,P001,6,840.01,5040.06,sales.csv,2026-09-29T03:58:58.984726+00:00
O001795,2026-03-13,C00101,P002,2,706.70,1413.40,sales.csv,2026-09-29T03:58:58.984726+00:00
O003486,2026-02-10,C00099,P050,7,226.15,1583.05,sales.csv,2026-09-29T03:58:58.984726+00:00
O004567,2026-03-27,C00422,P002,1,87.79,87.79,sales.csv,2026-09-29T03:58:58.984726+00:00
O001188,2026-04-03,C00309,P046,2,867.52,1735.04,sales.csv,2026-09-29T03:58:58.984726+00:00
O000859,2026-01-24,C00464,P022,2,56.96,113.92,sales.csv,2026-09-29T03:58:58.984726+00:00
O007745,2026-04-23,C00383,P016,6,691.72,4150.32,sales.csv,2026-09-29T03:58:58.984726+00:00
O007447,2026-01-26,C00423,P014,9,330.89,2978.01,sales.csv,2026-09-29T03:58:58.984726+00:00
O003550,2026-01-29,C00484,P030,1,10.51,10.51,sales.csv,2026-09-29T03:58:58.984726+00:00
O005195,2026-04-01,C00465,P034,2,685.52,1371.04,sales.csv,2026-09-29T03:58:58.984726+00:00
O007374,2026-06-03,C00096,P030,7,654.41,4580.87,sales.csv,2026-09-29T03:58:58.984726+00:00
O003870,2026-05-31,C00088,P003,6,538.04,3228.24,sales.csv,2026-09-29T03:58:58.984726+00:00
O007334,2026-01-01,C00227,P042,5,454.84,2274.20,sales.csv,2026-09-29T03:58:58.984726+00:00
O008258,2026-04-04,C00187,P036,2,627.11,1254.22,sales.csv,2026-09-29T03:58:58.984726+00:00
O001502,2026-03-18,C00170,P006,1,143.72,143.72,sales.csv,2026-09-29T03:58:58.984726+00:00
O004747,2026-04-23,C00002,P012,10,229.49,2294.90,sales.csv,2026-09-29T03:58:58.984726+00:00
O007026,2026-01-17,C00413,P010,8,240.96,1927.68,sales.csv,2026-09-29T03:58:58.984726+00:00
O002478,2026-02-07,C00418,P019,4,656.14,2624.56,sales.csv,2026-09-29T03:58:58.984726+00:00
O007500,2026-04-22,C00463,P040,5,959.99,4799.95,sales.csv,2026-09-29T03:58:58.984726+00:00
O007156,2026-01-06,C00449,P014,2,649.61,1299.22,sales.csv,2026-09-29T03:58:58.984726+00:00
O006477,2026-02-17,C00084,P002,10,472.70,4727.00,sales.csv,2026-09-29T03:58:58.984726+00:00
O000895,2026-01-01,C00486,P045,10,514.27,5142.70,sales.csv,2026-09-29T03:58:58.984726+00:00
O001410,2026-06-02,C00295,P033,2,292.09,584.18,sales.csv,2026-09-29T03:58:58.984726+00:00
O001235,2026-05-13,C00147,P013,1,786.79,786.79,sales.csv,2026-09-29T03:58:58.984726+00:00
O004436,2026-05-13,C00141,P034,3,532.08,1596.24,sales.csv,2026-09-29T03:58:58.984726+00:00
O007316,2026-01-17,C00057,P046,6,384.78,2308.68,sales.csv,2026-09-29T03:58:58.984726+00:00
O005156,2026-06-25,C00291,P022,3,60.90,182.70,sales.csv,2026-09-29T03:58:58.984726+00:00
O005897,2026-02-26,C00029,P017,7,536.29,3754.03,sales.csv,2026-09-29T03:58:58.984726+00:00
O008369,2026-04-15,C00154,P010,10,542.16,5421.60,sales.csv,2026-09-29T03:58:58.984726+00:00
O009235,2026-06-08,C00133,P038,5,581.14,2905.70,sales.csv,2026-09-29T03:58:58.984726+00:00
O006873,2026-03-02,C00043,P022,4,435.49,1741.96,sales.csv,2026-09-29T03:58:58.984726+00:00
O009171,2026-06-19,C00390,P003,7,526.45,3685.15,sales.csv,2026-09-29T03:58:58.984726+00:00
O009109,2026-02-11,C00499,P027,6,608.07,3648.42,sales.csv,2026-09-29T03:58:58.984726+00:00
O007236,2026-03-08,C00360,P037,8,477.42,3819.36,sales.csv,2026-09-29T03:58:58.984726+00:00
O000550,2026-05-27,C00119,P035,1,230.46,230.46,sales.csv,2026-09-29T03:58:58.984726+00:00
O004202,2026-02-11,C00320,P031,2,412.50,825.00,sales.csv,2026-09-29T03:58:58.984726+00:00
O007359,2026-05-25,C00347,P043,2,851.01,1702.02,sales.csv,2026-09-29T03:58:58.984726+00:00
O006188,2026-02-16,C00320,P003,5,562.73,2813.65,sales.csv,2026-09-29T03:58:58.984726+00:00
O006976,2026-02-08,C00024,P027,2,881.04,1762.08,sales.csv,2026-09-29T03:58:58.984726+00:00
O001747,2026-05-28,C00407,P014,2,814.24,1628.48,sales.csv,2026-09-29T03:58:58.984726+00:00
O004695,2026-05-31,C00217,P024,6,935.11,5610.66,sales.csv,2026-09-29T03:58:58.984726+00:00
O003297,2026-02-21,C00091,P019,5,915.30,4576.50,sales.csv,2026-09-29T03:58:58.984726+00:00
O004848,2026-06-03,C00421,P032,7,795.43,5568.01,sales.csv,2026-09-29T03:58:58.984726+00:00
O003169,2026-05-16,C00337,P012,5,304.94,1524.70,sales.csv,2026-09-29T03:58:58.984726+00:00
O006326,2026-03-19,C00063,P016,5,689.37,3446.85,sales.csv,2026-09-29T03:58:58.984726+00:00
O007979,2026-02-10,C00413,P020,10,475.86,4758.60,sales.csv,2026-09-29T03:58:58.984726+00:00
O001738,2026-05-23,C00386,P001,7,286.74,2007.18,sales.csv,2026-09-29T03:58:58.984726+00:00
O002396,2026-04-19,C00091,P039,4,398.28,1593.12,sales.csv,2026-09-29T03:58:58.984726+00:00
O006576,2026-05-17,C00115,P002,10,365.35,3653.50,sales.csv,2026-09-29T03:58:58.984726+00:00
O000754,2026-04-16,C00471,P004,5,860.69,4303.45,sales.csv,2026-09-29T03:58:58.984726+00:00
O005308,2026-05-16,C00413,P041,2,648.98,1297.96,sales.csv,2026-09-29T03:58:58.984726+00:00
O004431,2026-06-09,C00404,P003,6,498.34,2990.04,sales.csv,2026-09-29T03:58:58.984726+00:00
O009068,2026-02-15,C00162,P013,9,378.03,3402.27,sales.csv,2026-09-29T03:58:58.984726+00:00
O003703,2026-02-21,C00117,P023,2,446.27,892.54,sales.csv,2026-09-29T03:58:58.984726+00:00
O005054,2026-05-01,C00271,P044,8,806.26,6450.08,sales.csv,2026-09-29T03:58:58.984726+00:00
O000645,2026-06-08,C00270,P017,6,351.38,2108.28,sales.csv,2026-09-29T03:58:58.984726+00:00
O004720,2026-05-22,C00238,P023,1,698.97,698.97,sales.csv,2026-09-29T03:58:58.984726+00:00
O002046,2026-01-21,C00383,P039,5,883.65,4418.25,sales.csv,2026-09-29T03:58:58.984726+00:00
O008851,2026-03-13,C00038,P047,1,640.16,640.16,sales.csv,2026-09-29T03:58:58.984726+00:00
O001711,2026-02-15,C00082,P043,1,71.81,71.81,sales.csv,2026-09-29T03:58:58.984726+00:00
O005557,2026-01-01,C00479,P023,9,904.23,8138.07,sales.csv,2026-09-29T03:58:58.984726+00:00
O007033,2026-03-20,C00209,P041,3,413.74,1241.22,sales.csv,2026-09-29T03:58:58.984726+00:00
O008220,2026-01-07,C00274,P039,7,845.11,5915.77,sales.csv,2026-09-29T03:58:58.984726+00:00
O002917,2026-05-02,C00299,P001,8,325.41,2603.28,sales.csv,2026-09-29T03:58:58.984726+00:00
O007297,2026-03-07,C00270,P008,9,859.52,7735.68,sales.csv,2026-09-29T03:58:58.984726+00:00
O002097,2026-04-16,C00471,P027,8,677.53,5420.24,sales.csv,2026-09-29T03:58:58.984726+00:00
O006445,2026-04-10,C00179,P041,6,694.88,4169.28,sales.csv,2026-09-29T03:58:58.984726+00:00
O004773,2026-02-23,C00081,P008,8,538.54,4308.32,sales.csv,2026-09-29T03:58:58.984726+00:00
O006756,2026-02-20,C00007,P026,1,70.19,70.19,sales.csv,2026-09-29T03:58:58.984726+00:00
O006404,2026-04-07,C00052,P007,6,705.00,4230.00,sales.csv,2026-09-29T03:58:58.984726+00:00
O004065,2026-06-03,C00016,P027,2,737.21,1474.42,sales.csv,2026-09-29T03:58:58.984726+00:00
O002884,2026-02-25,C00240,P025,4,640.16,2560.64,sales.csv,2026-09-29T03:58:58.984726+00:00
O000707,2026-01-07,C00248,P007,5,546.22,2731.10,sales.csv,2026-09-29T03:58:58.984726+00:00
O005493,2026-02-16,C00084,P002,6,380.14,2280.84,sales.csv,2026-09-29T03:58:58.984726+00:00
O004976,2026-04-29,C00284,P023,3,483.99,1451.97,sales.csv,2026-09-29T03:58:58.984726+00:00
O001589,2026-02-20,C00106,P044,6,393.86,2363.16,sales.csv,2026-09-29T03:58:58.984726+00:00
O005551,2026-01-06,C00378,P045,3,926.67,2780.01,sales.csv,2026-09-29T03:58:58.984726+00:00
O000081,2026-06-30,C00155,P040,9,11.25,101.25,sales.csv,2026-09-29T03:58:58.984726+00:00
O005540,2026-02-06,C00367,P028,3,235.67,707.01,sales.csv,2026-09-29T03:58:58.984726+00:00
O008868,2026-01-05,C00076,P035,7,473.62,3315.34,sales.csv,2026-09-29T03:58:58.984726+00:00
O005582,2026-06-27,C00154,P023,8,234.56,1876.48,sales.csv,2026-09-29T03:58:58.984726+00:00
O005318,2026-06-05,C00090,P001,5,477.56,2387.80,sales.csv,2026-09-29T03:58:58.984726+00:00
O007940,2026-04-08,C00371,P038,10,239.54,2395.40,sales.csv,2026-09-29T03:58:58.984726+00:00
O008449,2026-02-20,C00082,P030,4,411.99,1647.96,sales.csv,2026-09-29T03:58:58.984726+00:00
O005728,2026-02-01,C00022,P019,6,80.94,485.64,sales.csv,2026-09-29T03:58:58.984726+00:00
O008088,2026-02-03,C00165,P015,9,47.65,428.85,sales.csv,2026-09-29T03:58:58.984726+00:00
O006934,2026-03-13,C00096,P037,1,550.32,550.32,sales.csv,2026-09-29T03:58:58.984726+00:00
O008950,2026-03-07,C00315,P022,10,379.83,3798.30,sales.csv,2026-09-29T03:58:58.984726+00:00
O008409,2026-06-25,C00472,P032,5,512.72,2563.60,sales.csv,2026-09-29T03:58:58.984726+00:00
O007270,2026-04-01,C00020,P044,3,904.25,2712.75,sales.csv,2026-09-29T03:58:58.984726+00:00
O000772,2026-04-12,C00321,P020,4,563.60,2254.40,sales.csv,2026-09-29T03:58:58.984726+00:00
O000394,2026-03-29,C00486,P050,8,252.66,2021.28,sales.csv,2026-09-29T03:58:58.984726+00:00
O003622,2026-05-19,C00381,P040,8,202.42,1619.36,sales.csv,2026-09-29T03:58:58.984726+00:00
O001995,2026-01-23,C00163,P046,9,568.44,5115.96,sales.csv,2026-09-29T03:58:58.984726+00:00
O004583,2026-02-21,C00233,P015,2,174.88,349.76,sales.csv,2026-09-29T03:58:58.984726+00:00
O002774,2026-06-20,C00422,P047,6,19.59,117.54,sales.csv,2026-09-29T03:58:58.984726+00:00
O000194,2026-05-06,C00053,P001,10,373.68,3736.80,sales.csv,2026-09-29T03:58:58.984726+00:00
O005509,2026-02-13,C00082,P023,10,202.34,2023.40,sales.csv,2026-09-29T03:58:58.984726+00:00
O007617,2026-06-22,C00086,P047,4,662.32,2649.28,sales.csv,2026-09-29T03:58:58.984726+00:00
O001099,2026-06-28,C00148,P045,1,501.14,501.14,sales.csv,2026-09-29T03:58:58.984726+00:00
O004637,2026-02-17,C00014,P040,8,361.31,2890.48,sales.csv,2026-09-29T03:58:58.984726+00:00
O000050,2026-06-11,C00031,P015,2,42.17,84.34,sales.csv,2026-09-29T03:58:58.984726+00:00
O007110,2026-04-09,C00221,P038,9,849.49,7645.41,sales.csv,2026-09-29T03:58:58.984726+00:00
O000929,2026-05-14,C00215,P035,8,751.66,6013.28,sales.csv,2026-09-29T03:58:58.984726+00:00
O008822,2026-02-01,C00157,P012,10,466.82,4668.20,sales.csv,2026-09-29T03:58:58.984726+00:00
O008615,2026-06-30,C00067,P029,5,317.24,1586.20,sales.csv,2026-09-29T03:58:58.984726+00:00
O009025,2026-02-11,C00385,P036,6,23.63,141.78,sales.csv,2026-09-29T03:58:58.984726+00:00
O003222,2026-05-08,C00161,P042,4,422.83,1691.32,sales.csv,2026-09-29T03:58:58.984726+00:00
O002742,2026-04-04,C00181,P006,2,235.86,471.72,sales.csv,2026-09-29T03:58:58.984726+00:00
O003240,2026-01-25,C00032,P040,8,780.16,6241.28,sales.csv,2026-09-29T03:58:58.984726+00:00
O000485,2026-06-16,C00108,P050,10,547.02,5470.20,sales.csv,2026-09-29T03:58:58.984726+00:00
O007299,2026-06-09,C00478,P004,7,749.44,5246.08,sales.csv,2026-09-29T03:58:58.984726+00:00
O005911,2026-06-10,C00105,P047,5,645.63,3228.15,sales.csv,2026-09-29T03:58:58.984726+00:00
O007541,2026-02-14,C00387,P025,5,674.92,3374.60,sales.csv,2026-09-29T03:58:58.984726+00:00
O005748,2026-01-09,C00458,P007,10,914.00,9140.00,sales.csv,2026-09-29T03:58:58.984726+00:00
O007612,2026-02-24,C00283,P038,2,333.04,666.08,sales.csv,2026-09-29T03:58:58.984726+00:00
O008456,2026-04-05,C00177,P045,8,55.92,447.36,sales.csv,2026-09-29T03:58:58.984726+00:00
O005372,2026-04-01,C00122,P041,4,828.01,3312.04,sales.csv,2026-09-29T03:58:58.984726+00:00
O003436,2026-06-29,C00133,P037,5,780.12,3900.60,sales.csv,2026-09-29T03:58:58.984726+00:00
O003844,2026-01-03,C00371,P001,6,810.31,4861.86,sales.csv,2026-09-29T03:58:58.984726+00:00
O002153,2026-01-07,C00293,P041,5,736.37,3681.85,sales.csv,2026-09-29T03:58:58.984726+00:00
O000620,2026-02-24,C00480,P013,2,979.94,1959.88,sales.csv,2026-09-29T03:58:58.984726+00:00
O006776,2026-03-27,C00427,P027,5,437.80,2189.00,sales.csv,2026-09-29T03:58:58.984726+00:00
O009343,2026-03-02,C00470,P022,1,582.46,582.46,sales.csv,2026-09-29T03:58:58.984726+00:00
O005298,2026-02-18,C00100,P030,1,147.11,147.11,sales.csv,2026-09-29T03:58:58.984726+00:00
O002949,2026-01-26,C00458,P017,5,783.55,3917.75,sales.csv,2026-09-29T03:58:58.984726+00:00
O005689,2026-05-22,C00175,P031,4,757.86,3031.44,sales.csv,2026-09-29T03:58:58.984726+00:00
O004576,2026-04-25,C00454,P009,7,540.55,3783.85,sales.csv,2026-09-29T03:58:58.984726+00:00
O008560,2026-04-08,C00274,P008,7,7.28,50.96,sales.csv,2026-09-29T03:58:58.984726+00:00
O001987,2026-04-19,C00377,P039,5,96.75,483.75,sales.csv,2026-09-29T03:58:58.984726+00:00
O002567,2026-06-22,C00477,P049,9,296.00,2664.00,sales.csv,2026-09-29T03:58:58.984726+00:00
O001400,2026-03-25,C00406,P031,3,640.99,1922.97,sales.csv,2026-09-29T03:58:58.984726+00:00
O007825,2026-05-15,C00305,P027,1,642.00,642.00,sales.csv,2026-09-29T03:58:58.984726+00:00
O009188,2026-02-19,C00466,P045,7,441.99,3093.93,sales.csv,2026-09-29T03:58:58.984726+00:00
O000451,2026-05-12,C00411,P048,3,41.81,125.43,sales.csv,2026-09-29T03:58:58.984726+00:00
O002832,2026-05-13,C00263,P049,3,284.51,853.53,sales.csv,2026-09-29T03:58:58.984726+00:00
O002470,2026-01-23,C00058,P006,6,971.69,5830.14,sales.csv,2026-09-29T03:58:58.984726+00:00
O007735,2026-01-29,C00203,P013,1,113.54,113.54,sales.csv,2026-09-29T03:58:58.984726+00:00
O000964,2026-01-13,C00084,P037,4,291.12,1164.48,sales.csv,2026-09-29T03:58:58.984726+00:00
O000005,2026-06-04,C00014,P036,4,939.50,3758.00,sales.csv,2026-09-29T03:58:58.984726+00:00
O000304,2026-06-02,C00002,P018,3,171.38,514.14,sales.csv,2026-09-29T03:58:58.984726+00:00
O008915,2026-02-23,C00274,P018,6,523.48,3140.88,sales.csv,2026-09-29T03:58:58.984726+00:00
O006750,2026-01-12,C00315,P043,7,827.88,5795.16,sales.csv,2026-09-29T03:58:58.984726+00:00
O002448,2026-03-13,C00487,P045,4,483.90,1935.60,sales.csv,2026-09-29T03:58:58.984726+00:00
O008610,2026-04-03,C00210,P036,7,179.39,1255.73,sales.csv,2026-09-29T03:58:58.984726+00:00
O000440,2026-06-17,C00170,P018,2,483.37,966.74,sales.csv,2026-09-29T03:58:58.984726+00:00
O007437,2026-06-24,C00307,P038,9,995.18,8956.62,sales.csv,2026-09-29T03:58:58.984726+00:00
O002620,2026-06-30,C00229,P007,2,717.41,1434.82,sales.csv,2026-09-29T03:58:58.984726+00:00
O000847,2026-03-20,C00238,P017,2,119.51,239.02,sales.csv,2026-09-29T03:58:58.984726+00:00
O005569,2026-06-19,C00259,P011,4,296.71,1186.84,sales.csv,2026-09-29T03:58:58.984726+00:00
O008474,2026-02-05,C00250,P027,4,756.70,3026.80,sales.csv,2026-09-29T03:58:58.984726+00:00
O001404,2026-04-22,C00214,P008,4,980.99,3923.96,sales.csv,2026-09-29T03:58:58.984726+00:00
O004509,2026-02-19,C00448,P004,9,267.31,2405.79,sales.csv,2026-09-29T03:58:58.984726+00:00
O003159,2026-05-23,C00339,P041,1,832.64,832.64,sales.csv,2026-09-29T03:58:58.984726+00:00
O007805,2026-01-01,C00154,P002,8,134.38,1075.04,sales.csv,2026-09-29T03:58:58.984726+00:00
O002133,2026-05-10,C00066,P032,8,170.58,1364.64,sales.csv,2026-09-29T03:58:58.984726+00:00
O001728,2026-03-17,C00310,P011,10,223.73,2237.30,sales.csv,2026-09-29T03:58:58.984726+00:00
O003732,2026-06-28,C00029,P034,1,247.51,247.51,sales.csv,2026-09-29T03:58:58.984726+00:00
O007362,2026-06-30,C00157,P042,8,562.52,4500.16,sales.csv,2026-09-29T03:58:58.984726+00:00
O003817,2026-01-11,C00070,P025,8,498.24,3985.92,sales.csv,2026-09-29T03:58:58.984726+00:00
O003434,2026-05-06,C00386,P016,5,449.84,2249.20,sales.csv,2026-09-29T03:58:58.984726+00:00
O007804,2026-06-17,C00403,P041,5,583.01,2915.05,sales.csv,2026-09-29T03:58:58.984726+00:00
O000848,2026-02-10,C00414,P044,5,924.67,4623.35,sales.csv,2026-09-29T03:58:58.984726+00:00
O005921,2026-03-17,C00243,P030,2,869.20,1738.40,sales.csv,2026-09-29T03:58:58.984726+00:00
O000497,2026-02-10,C00417,P021,10,946.19,9461.90,sales.csv,2026-09-29T03:58:58.984726+00:00
O003637,2026-06-04,C00056,P038,2,755.48,1510.96,sales.csv,2026-09-29T03:58:58.984726+00:00
O007425,2026-06-01,C00332,P038,10,71.19,711.90,sales.csv,2026-09-29T03:58:58.984726+00:00
O009112,2026-04-26,C00498,P019,6,168.11,1008.66,sales.csv,2026-09-29T03:58:58.984726+00:00
O001074,2026-06-12,C00429,P044,10,162.50,1625.00,sales.csv,2026-09-29T03:58:58.984726+00:00
O003188,2026-03-27,C00468,P023,9,84.18,757.62,sales.csv,2026-09-29T03:58:58.984726+00:00
O009166,2026-05-18,C00085,P031,9,343.87,3094.83,sales.csv,2026-09-29T03:58:58.984726+00:00
O009303,2026-05-31,C00111,P002,4,245.04,980.16,sales.csv,2026-09-29T03:58:58.984726+00:00
O009181,2026-01-05,C00158,P036,4,494.17,1976.68,sales.csv,2026-09-29T03:58:58.984726+00:00
O000071,2026-01-18,C00346,P016,7,158.13,1106.91,sales.csv,2026-09-29T03:58:58.984726+00:00
O002974,2026-01-25,C00127,P014,2,621.94,1243.88,sales.csv,2026-09-29T03:58:58.984726+00:00
O005835,2026-04-16,C00131,P031,9,561.93,5057.37,sales.csv,2026-09-29T03:58:58.984726+00:00
O001826,2026-06-03,C00386,P011,9,423.84,3814.56,sales.csv,2026-09-29T03:58:58.984726+00:00
O004074,2026-05-17,C00265,P040,2,330.76,661.52,sales.csv,2026-09-29T03:58:58.984726+00:00
O007806,2026-03-06,C00206,P038,8,831.47,6651.76,sales.csv,2026-09-29T03:58:58.984726+00:00
O005841,2026-05-27,C00017,P032,5,813.26,4066.30,sales.csv,2026-09-29T03:58:58.984726+00:00
O005918,2026-04-13,C00488,P010,3,362.83,1088.49,sales.csv,2026-09-29T03:58:58.984726+00:00
O001119,2026-06-21,C00178,P029,4,842.82,3371.28,sales.csv,2026-09-29T03:58:58.984726+00:00
O008139,2026-05-31,C00478,P010,1,944.40,944.40,sales.csv,2026-09-29T03:58:58.984726+00:00
O003549,2026-05-10,C00185,P031,5,667.80,3339.00,sales.csv,2026-09-29T03:58:58.984726+00:00
O005625,2026-03-17,C00222,P029,10,68.87,688.70,sales.csv,2026-09-29T03:58:58.984726+00:00
O006270,2026-04-08,C00334,P017,10,948.27,9482.70,sales.csv,2026-09-29T03:58:58.984726+00:00
O009327,2026-06-24,C00168,P016,9,138.59,1247.31,sales.csv,2026-09-29T03:58:58.984726+00:00
O006314,2026-03-21,C00291,P032,3,177.80,533.40,sales.csv,2026-09-29T03:58:58.984726+00:00
O008552,2026-02-08,C00197,P043,10,973.54,9735.40,sales.csv,2026-09-29T03:58:58.984726+00:00
O004119,2026-04-14,C00107,P014,6,464.03,2784.18,sales.csv,2026-09-29T03:58:58.984726+00:00
O003174,2026-06-19,C00218,P008,3,610.13,1830.39,sales.csv,2026-09-29T03:58:58.984726+00:00
O004219,2026-06-01,C00150,P040,9,94.95,854.55,sales.csv,2026-09-29T03:58:58.984726+00:00
O001110,2026-02-09,C00476,P021,10,67.65,676.50,sales.csv,2026-09-29T03:58:58.984726+00:00
O002706,2026-03-28,C00228,P042,1,376.87,376.87,sales.csv,2026-09-29T03:58:58.984726+00:00
O007226,2026-01-05,C00064,P007,3,446.50,1339.50,sales.csv,2026-09-29T03:58:58.984726+00:00
O008024,2026-06-17,C00295,P031,8,309.85,2478.80,sales.csv,2026-09-29T03:58:58.984726+00:00
O000024,2026-01-17,C00109,P037,6,279.69,1678.14,sales.csv,2026-09-29T03:58:58.984726+00:00
O006216,2026-03-01,C00207,P036,2,483.00,966.00,sales.csv,2026-09-29T03:58:58.984726+00:00
O002261,2026-02-19,C00324,P038,6,58.54,351.24,sales.csv,2026-09-29T03:58:58.984726+00:00
O000196,2026-01-14,C00130,P031,2,86.64,173.28,sales.csv,2026-09-29T03:58:58.984726+00:00
O000673,2026-04-15,C00053,P002,2,464.88,929.76,sales.csv,2026-09-29T03:58:58.984726+00:00
O001962,2026-01-14,C00329,P042,3,826.95,2480.85,sales.csv,2026-09-29T03:58:58.984726+00:00
O001308,2026-05-02,C00240,P035,5,719.98,3599.90,sales.csv,2026-09-29T03:58:58.984726+00:00
O003066,2026-04-08,C00095,P043,7,698.94,4892.58,sales.csv,2026-09-29T03:58:58.984726+00:00
O009478,2026-04-27,C00446,P045,10,266.56,2665.60,sales.csv,2026-09-29T03:58:58.984726+00:00
O006853,2026-05-22,C00134,P010,1,275.63,275.63,sales.csv,2026-09-29T03:58:58.984726+00:00
O003539,2026-02-28,C00337,P014,4,398.05,1592.20,sales.csv,2026-09-29T03:58:58.984726+00:00
O008521,2026-05-12,C00006,P013,2,905.36,1810.72,sales.csv,2026-09-29T03:58:58.984726+00:00
O007217,2026-04-12,C00180,P006,9,699.45,6295.05,sales.csv,2026-09-29T03:58:58.984726+00:00
O002183,2026-04-08,C00180,P041,4,767.97,3071.88,sales.csv,2026-09-29T03:58:58.984726+00:00
O003171,2026-04-11,C00307,P023,9,631.40,5682.60,sales.csv,2026-09-29T03:58:58.984726+00:00
O007485,2026-06-07,C00137,P012,10,779.08,7790.80,sales.csv,2026-09-29T03:58:58.984726+00:00
O003756,2026-06-27,C00204,P019,9,376.44,3387.96,sales.csv,2026-09-29T03:58:58.984726+00:00
O003556,2026-02-06,C00434,P016,3,741.00,2223.00,sales.csv,2026-09-29T03:58:58.984726+00:00
O004342,2026-03-06,C00002,P028,8,208.88,1671.04,sales.csv,2026-09-29T03:58:58.984726+00:00
O005216,2026-06-04,C00364,P013,1,883.28,883.28,sales.csv,2026-09-29T03:58:58.984726+00:00
O003444,2026-02-24,C00299,P020,3,766.76,2300.28,sales.csv,2026-09-29T03:58:58.984726+00:00
O002992,2026-06-30,C00269,P025,9,83.26,749.34,sales.csv,2026-09-29T03:58:58.984726+00:00
O004472,2026-06-13,C00030,P019,4,269.22,1076.88,sales.csv,2026-09-29T03:58:58.984726+00:00
O007890,2026-06-03,C00128,P041,7,956.02,6692.14,sales.csv,2026-09-29T03:58:58.984726+00:00
O008035,2026-04-18,C00493,P004,1,946.02,946.02,sales.csv,2026-09-29T03:58:58.984726+00:00
O006882,2026-05-14,C00270,P023,7,512.74,3589.18,sales.csv,2026-09-29T03:58:58.984726+00:00
O007248,2026-02-20,C00403,P019,9,972.78,8755.02,sales.csv,2026-09-29T03:58:58.984726+00:00
O002210,2026-03-08,C00478,P037,4,686.61,2746.44,sales.csv,2026-09-29T03:58:58.984726+00:00
O008617,2026-02-15,C00414,P042,8,89.35,714.80,sales.csv,2026-09-29T03:58:58.984726+00:00
O002781,2026-04-07,C00111,P023,4,251.55,1006.20,sales.csv,2026-09-29T03:58:58.984726+00:00
O005842,2026-05-26,C00067,P006,7,395.23,2766.61,sales.csv,2026-09-29T03:58:58.984726+00:00
O005547,2026-06-06,C00305,P040,5,755.14,3775.70,sales.csv,2026-09-29T03:58:58.984726+00:00
O004784,2026-01-27,C00077,P049,5,231.86,1159.30,sales.csv,2026-09-29T03:58:58.984726+00:00
O007813,2026-04-10,C00052,P002,2,604.08,1208.16,sales.csv,2026-09-29T03:58:58.984726+00:00
O000621,2026-05-03,C00469,P016,10,923.44,9234.40,sales.csv,2026-09-29T03:58:58.984726+00:00
O008715,2026-05-03,C00293,P021,10,745.72,7457.20,sales.csv,2026-09-29T03:58:58.984726+00:00
O002151,2026-01-12,C00491,P043,8,965.57,7724.56,sales.csv,2026-09-29T03:58:58.984726+00:00
O002226,2026-05-02,C00123,P022,1,438.24,438.24,sales.csv,2026-09-29T03:58:58.984726+00:00
O000108,2026-03-30,C00374,P021,7,795.57,5568.99,sales.csv,2026-09-29T03:58:58.984726+00:00
O005738,2026-04-07,C00123,P038,8,745.61,5964.88,sales.csv,2026-09-29T03:58:58.984726+00:00
O000261,2026-04-16,C00290,P044,3,223.80,671.40,sales.csv,2026-09-29T03:58:58.984726+00:00
O002012,2026-01-25,C00455,P022,1,373.61,373.61,sales.csv,2026-09-29T03:58:58.984726+00:00
O001302,2026-05-02,C00281,P004,1,521.37,521.37,sales.csv,2026-09-29T03:58:58.984726+00:00
O008269,2026-04-12,C00489,P048,10,198.80,1988.00,sales.csv,2026-09-29T03:58:58.984726+00:00
O003792,2026-06-20,C00205,P009,9,270.89,2438.01,sales.csv,2026-09-29T03:58:58.984726+00:00
O006190,2026-05-11,C00282,P029,1,114.43,114.43,sales.csv,2026-09-29T03:58:58.984726+00:00
O002677,2026-01-12,C00310,P010,3,562.81,1688.43,sales.csv,2026-09-29T03:58:58.984726+00:00
O001324,2026-04-16,C00097,P005,3,180.07,540.21,sales.csv,2026-09-29T03:58:58.984726+00:00
O001627,2026-02-08,C00338,P029,6,230.89,1385.34,sales.csv,2026-09-29T03:58:58.984726+00:00
O006007,2026-05-10,C00051,P022,6,341.25,2047.50,sales.csv,2026-09-29T03:58:58.984726+00:00
O005511,2026-05-19,C00043,P010,10,176.40,1764.00,sales.csv,2026-09-29T03:58:58.984726+00:00
O006381,2026-05-06,C00421,P031,1,67.29,67.29,sales.csv,2026-09-29T03:58:58.984726+00:00
O004558,2026-03-22,C00293,P022,2,331.21,662.42,sales.csv,2026-09-29T03:58:58.984726+00:00
O000663,2026-03-25,C00016,P041,5,591.54,2957.70,sales.csv,2026-09-29T03:58:58.984726+00:00
O004434,2026-06-19,C00134,P016,7,453.65,3175.55,sales.csv,2026-09-29T03:58:58.984726+00:00
O006696,2026-02-28,C00404,P049,5,359.42,1797.10,sales.csv,2026-09-29T03:58:58.984726+00:00
O007564,2026-04-10,C00126,P026,8,706.40,5651.20,sales.csv,2026-09-29T03:58:58.984726+00:00
O001678,2026-02-18,C00072,P003,4,34.24,136.96,sales.csv,2026-09-29T03:58:58.984726+00:00
O006349,2026-06-18,C00187,P016,1,588.94,588.94,sales.csv,2026-09-29T03:58:58.984726+00:00
O007796,2026-03-22,C00078,P016,3,704.07,2112.21,sales.csv,2026-09-29T03:58:58.984726+00:00
O002120,2026-03-28,C00121,P048,10,742.33,7423.30,sales.csv,2026-09-29T03:58:58.984726+00:00
O006458,2026-05-08,C00415,P007,6,555.75,3334.50,sales.csv,2026-09-29T03:58:58.984726+00:00
O003419,2026-02-15,C00499,P030,9,841.66,7574.94,sales.csv,2026-09-29T03:58:58.984726+00:00
O003495,2026-01-05,C00420,P046,4,274.42,1097.68,sales.csv,2026-09-29T03:58:58.984726+00:00
O002645,2026-01-15,C00321,P001,6,288.41,1730.46,sales.csv,2026-09-29T03:58:58.984726+00:00
O000388,2026-03-21,C00496,P042,7,170.01,1190.07,sales.csv,2026-09-29T03:58:58.984726+00:00
O004586,2026-05-20,C00475,P006,8,14.94,119.52,sales.csv,2026-09-29T03:58:58.984726+00:00
O002377,2026-05-04,C00035,P022,1,798.61,798.61,sales.csv,2026-09-29T03:58:58.984726+00:00
O002175,2026-03-10,C00284,P038,2,323.85,647.70,sales.csv,2026-09-29T03:58:58.984726+00:00
O003746,2026-02-06,C00307,P016,10,877.25,8772.50,sales.csv,2026-09-29T03:58:58.984726+00:00
O008669,2026-01-19,C00494,P045,3,372.48,1117.44,sales.csv,2026-09-29T03:58:58.984726+00:00
O007200,2026-02-11,C00236,P026,3,777.10,2331.30,sales.csv,2026-09-29T03:58:58.984726+00:00
O002355,2026-01-09,C00458,P044,9,284.33,2558.97,sales.csv,2026-09-29T03:58:58.984726+00:00
O004717,2026-03-20,C00320,P006,1,495.34,495.34,sales.csv,2026-09-29T03:58:58.984726+00:00
O008078,2026-02-18,C00366,P030,3,73.04,219.12,sales.csv,2026-09-29T03:58:58.984726+00:00
O003163,2026-05-08,C00145,P009,4,833.00,3332.00,sales.csv,2026-09-29T03:58:58.984726+00:00
O007351,2026-03-04,C00126,P018,7,79.78,558.46,sales.csv,2026-09-29T03:58:58.984726+00:00
O002840,2026-02-12,C00407,P014,8,569.15,4553.20,sales.csv,2026-09-29T03:58:58.984726+00:00
O001901,2026-01-30,C00173,P011,1,706.71,706.71,sales.csv,2026-09-29T03:58:58.984726+00:00
O008308,2026-01-20,C00159,P015,4,61.72,246.88,sales.csv,2026-09-29T03:58:58.984726+00:00
O007478,2026-02-19,C00318,P035,10,927.26,9272.60,sales.csv,2026-09-29T03:58:58.984726+00:00
O005801,2026-03-27,C00400,P016,7,543.77,3806.39,sales.csv,2026-09-29T03:58:58.984726+00:00
O005806,2026-03-04,C00070,P022,10,17.15,171.50,sales.csv,2026-09-29T03:58:58.984726+00:00
O005019,2026-01-08,C00201,P011,10,276.36,2763.60,sales.csv,2026-09-29T03:58:58.984726+00:00
O005508,2026-04-26,C00472,P032,8,418.99,3351.92,sales.csv,2026-09-29T03:58:58.984726+00:00
O004302,2026-03-18,C00209,P002,1,374.75,374.75,sales.csv,2026-09-29T03:58:58.984726+00:00
O006786,2026-05-01,C00426,P015,6,531.53,3189.18,sales.csv,2026-09-29T03:58:58.984726+00:00
O009338,2026-04-10,C00053,P044,6,20.52,123.12,sales.csv,2026-09-29T03:58:58.984726+00:00
O004336,2026-02-07,C00371,P042,2,484.33,968.66,sales.csv,2026-09-29T03:58:58.984726+00:00
O008182,2026-05-18,C00279,P026,4,950.20,3800.80,sales.csv,2026-09-29T03:58:58.984726+00:00
O001488,2026-04-08,C00023,P050,3,440.34,1321.02,sales.csv,2026-09-29T03:58:58.984726+00:00
O007003,2026-01-18,C00346,P008,7,628.12,4396.84,sales.csv,2026-09-29T03:58:58.984726+00:00
O003978,2026-04-22,C00287,P045,8,304.45,2435.60,sales.csv,2026-09-29T03:58:58.984726+00:00
O002545,2026-05-22,C00139,P039,2,63.86,127.72,sales.csv,2026-09-29T03:58:58.984726+00:00
O005858,2026-01-24,C00063,P017,2,533.40,1066.80,sales.csv,2026-09-29T03:58:58.984726+00:00
O009392,2026-06-20,C00343,P016,9,735.67,6621.03,sales.csv,2026-09-29T03:58:58.984726+00:00
O009123,2026-03-09,C00226,P026,8,571.35,4570.80,sales.csv,2026-09-29T03:58:58.984726+00:00
O007536,2026-05-24,C00223,P005,8,922.44,7379.52,sales.csv,2026-09-29T03:58:58.984726+00:00
O004382,2026-01-23,C00258,P038,4,755.54,3022.16,sales.csv,2026-09-29T03:58:58.984726+00:00
O004238,2026-06-18,C00495,P026,6,590.31,3541.86,sales.csv,2026-09-29T03:58:58.984726+00:00
O008703,2026-04-06,C00252,P019,5,419.99,2099.95,sales.csv,2026-09-29T03:58:58.984726+00:00
O008332,2026-02-11,C00106,P014,1,19.89,19.89,sales.csv,2026-09-29T03:58:58.984726+00:00
O004040,2026-06-29,C00217,P005,2,115.35,230.70,sales.csv,2026-09-29T03:58:58.984726+00:00
O004869,2026-05-31,C00494,P019,9,41.02,369.18,sales.csv,2026-09-29T03:58:58.984726+00:00
O003787,2026-02-06,C00022,P030,7,932.51,6527.57,sales.csv,2026-09-29T03:58:58.984726+00:00
O000963,2026-06-26,C00047,P019,1,507.67,507.67,sales.csv,2026-09-29T03:58:58.984726+00:00
O006091,2026-02-14,C00461,P011,6,253.21,1519.26,sales.csv,2026-09-29T03:58:58.984726+00:00
O002158,2026-05-17,C00093,P002,5,270.75,1353.75,sales.csv,2026-09-29T03:58:58.984726+00:00
O003566,2026-05-01,C00018,P048,3,535.32,1605.96,sales.csv,2026-09-29T03:58:58.984726+00:00
O000931,2026-01-09,C00258,P037,9,750.05,6750.45,sales.csv,2026-09-29T03:58:58.984726+00:00
O006460,2026-01-16,C00192,P009,3,336.09,1008.27,sales.csv,2026-09-29T03:58:58.984726+00:00
O002038,2026-05-11,C00218,P027,2,610.03,1220.06,sales.csv,2026-09-29T03:58:58.984726+00:00
O003298,2026-04-23,C00136,P006,8,466.50,3732.00,sales.csv,2026-09-29T03:58:58.984726+00:00
O004861,2026-02-24,C00240,P004,9,604.90,5444.10,sales.csv,2026-09-29T03:58:58.984726+00:00
O007814,2026-03-31,C00316,P044,1,864.83,864.83,sales.csv,2026-09-29T03:58:58.984726+00:00
O001707,2026-01-31,C00272,P007,10,475.35,4753.50,sales.csv,2026-09-29T03:58:58.984726+00:00
O005908,2026-02-26,C00437,P041,5,502.76,2513.80,sales.csv,2026-09-29T03:58:58.984726+00:00
O006507,2026-03-02,C00194,P003,6,806.25,4837.50,sales.csv,2026-09-29T03:58:58.984726+00:00
O002349,2026-03-04,C00366,P029,3,618.07,1854.21,sales.csv,2026-09-29T03:58:58.984726+00:00
O009236,2026-01-21,C00179,P023,4,361.54,1446.16,sales.csv,2026-09-29T03:58:58.984726+00:00
O007215,2026-05-04,C00283,P038,4,750.28,3001.12,sales.csv,2026-09-29T03:58:58.984726+00:00
O007680,2026-01-04,C00215,P023,5,626.35,3131.75,sales.csv,2026-09-29T03:58:58.984726+00:00
O004144,2026-01-15,C00202,P009,3,64.36,193.08,sales.csv,2026-09-29T03:58:58.984726+00:00
O002316,2026-05-02,C00056,P022,10,592.83,5928.30,sales.csv,2026-09-29T03:58:58.984726+00:00
O003647,2026-03-05,C00142,P029,1,426.34,426.34,sales.csv,2026-09-29T03:58:58.984726+00:00
O009397,2026-04-21,C00207,P016,5,178.09,890.45,sales.csv,2026-09-29T03:58:58.984726+00:00
O007113,2026-03-23,C00065,P034,6,393.98,2363.88,sales.csv,2026-09-29T03:58:58.984726+00:00
O000714,2026-03-04,C00265,P012,9,210.89,1898.01,sales.csv,2026-09-29T03:58:58.984726+00:00
O007129,2026-06-23,C00297,P038,8,142.99,1143.92,sales.csv,2026-09-29T03:58:58.984726+00:00
O003246,2026-06-01,C00079,P007,4,367.98,1471.92,sales.csv,2026-09-29T03:58:58.984726+00:00
O005804,2026-01-03,C00174,P030,8,793.87,6350.96,sales.csv,2026-09-29T03:58:58.984726+00:00
O004150,2026-03-15,C00236,P034,8,889.04,7112.32,sales.csv,2026-09-29T03:58:58.984726+00:00
O005906,2026-04-08,C00372,P003,5,859.64,4298.20,sales.csv,2026-09-29T03:58:58.984726+00:00
O002575,2026-04-29,C00457,P040,8,76.36,610.88,sales.csv,2026-09-29T03:58:58.984726+00:00
O007665,2026-05-16,C00100,P041,5,651.86,3259.30,sales.csv,2026-09-29T03:58:58.984726+00:00
O000400,2026-04-23,C00023,P027,6,887.52,5325.12,sales.csv,2026-09-29T03:58:58.984726+00:00
O004165,2026-03-04,C00486,P010,2,388.21,776.42,sales.csv,2026-09-29T03:58:58.984726+00:00
O000363,2026-02-13,C00040,P033,2,696.47,1392.94,sales.csv,2026-09-29T03:58:58.984726+00:00
O002290,2026-04-05,C00412,P032,6,358.85,2153.10,sales.csv,2026-09-29T03:58:58.984726+00:00
O001650,2026-06-08,C00048,P004,10,861.62,8616.20,sales.csv,2026-09-29T03:58:58.984726+00:00
O000340,2026-05-16,C00111,P025,7,595.60,4169.20,sales.csv,2026-09-29T03:58:58.984726+00:00
O006224,2026-04-04,C00211,P049,7,44.60,312.20,sales.csv,2026-09-29T03:58:58.984726+00:00
O004756,2026-05-22,C00251,P039,8,680.77,5446.16,sales.csv,2026-09-29T03:58:58.984726+00:00
O005762,2026-02-14,C00259,P035,5,805.34,4026.70,sales.csv,2026-09-29T03:58:58.984726+00:00
O009216,2026-05-26,C00290,P029,3,350.90,1052.70,sales.csv,2026-09-29T03:58:58.984726+00:00
O007580,2026-03-13,C00379,P003,7,489.37,3425.59,sales.csv,2026-09-29T03:58:58.984726+00:00
O008141,2026-04-20,C00170,P049,4,315.86,1263.44,sales.csv,2026-09-29T03:58:58.984726+00:00
O003407,2026-06-17,C00215,P027,7,248.56,1739.92,sales.csv,2026-09-29T03:58:58.984726+00:00
O005981,2026-06-20,C00242,P002,7,580.97,4066.79,sales.csv,2026-09-29T03:58:58.984726+00:00
O005967,2026-04-17,C00055,P028,1,725.20,725.20,sales.csv,2026-09-29T03:58:58.984726+00:00
O007496,2026-02-18,C00139,P027,4,265.20,1060.80,sales.csv,2026-09-29T03:58:58.984726+00:00
O002063,2026-05-22,C00149,P003,8,524.86,4198.88,sales.csv,2026-09-29T03:58:58.984726+00:00
O008952,2026-03-24,C00404,P048,5,544.63,2723.15,sales.csv,2026-09-29T03:58:58.984726+00:00
O004877,2026-06-20,C00048,P012,4,499.40,1997.60,sales.csv,2026-09-29T03:58:58.984726+00:00
O006393,2026-04-22,C00364,P039,4,268.02,1072.08,sales.csv,2026-09-29T03:58:58.984726+00:00
O002224,2026-04-21,C00414,P002,10,821.90,8219.00,sales.csv,2026-09-29T03:58:58.984726+00:00
O008373,2026-06-07,C00294,P046,7,130.38,912.66,sales.csv,2026-09-29T03:58:58.984726+00:00
O008718,2026-06-17,C00122,P010,6,397.47,2384.82,sales.csv,2026-09-29T03:58:58.984726+00:00
O009312,2026-04-23,C00306,P042,10,154.79,1547.90,sales.csv,2026-09-29T03:58:58.984726+00:00
O006333,2026-02-07,C00431,P040,2,400.71,801.42,sales.csv,2026-09-29T03:58:58.984726+00:00
O000143,2026-05-30,C00485,P045,1,755.56,755.56,sales.csv,2026-09-29T03:58:58.984726+00:00
O007124,2026-01-13,C00424,P010,5,185.56,927.80,sales.csv,2026-09-29T03:58:58.984726+00:00
O000800,2026-04-19,C00360,P026,2,840.56,1681.12,sales.csv,2026-09-29T03:58:58.984726+00:00
O000867,2026-04-18,C00103,P042,9,327.56,2948.04,sales.csv,2026-09-29T03:58:58.984726+00:00
O004626,2026-01-10,C00436,P022,1,794.20,794.20,sales.csv,2026-09-29T03:58:58.984726+00:00
O006999,2026-02-02,C00014,P037,3,726.84,2180.52,sales.csv,2026-09-29T03:58:58.984726+00:00
O005016,2026-02-27,C00304,P029,3,684.49,2053.47,sales.csv,2026-09-29T03:58:58.984726+00:00
O000556,2026-03-11,C00099,P008,6,213.98,1283.88,sales.csv,2026-09-29T03:58:58.984726+00:00
O004019,2026-03-28,C00124,P039,8,46.01,368.08,sales.csv,2026-09-29T03:58:58.984726+00:00
O004335,2026-01-28,C00175,P014,8,190.24,1521.92,sales.csv,2026-09-29T03:58:58.984726+00:00
O006399,2026-05-04,C00497,P003,10,221.44,2214.40,sales.csv,2026-09-29T03:58:58.984726+00:00
O009266,2026-01-30,C00201,P020,9,344.89,3104.01,sales.csv,2026-09-29T03:58:58.984726+00:00
O004481,2026-01-11,C00452,P027,1,949.12,949.12,sales.csv,2026-09-29T03:58:58.984726+00:00
O004147,2026-04-27,C00090,P046,2,936.10,1872.20,sales.csv,2026-09-29T03:58:58.984726+00:00
O007905,2026-05-04,C00290,P038,1,290.07,290.07,sales.csv,2026-09-29T03:58:58.984726+00:00
O008007,2026-04-21,C00255,P039,8,878.27,7026.16,sales.csv,2026-09-29T03:58:58.984726+00:00
O008067,2026-02-27,C00319,P013,5,304.03,1520.15,sales.csv,2026-09-29T03:58:58.984726+00:00
O007756,2026-06-10,C00474,P044,3,658.07,1974.21,sales.csv,2026-09-29T03:58:58.984726+00:00
O004596,2026-01-12,C00499,P007,7,361.96,2533.72,sales.csv,2026-09-29T03:58:58.984726+00:00
O002963,2026-04-11,C00065,P026,1,607.61,607.61,sales.csv,2026-09-29T03:58:58.984726+00:00
O005868,2026-03-12,C00351,P015,4,570.58,2282.32,sales.csv,2026-09-29T03:58:58.984726+00:00
O002155,2026-02-19,C00490,P040,9,757.09,6813.81,sales.csv,2026-09-29T03:58:58.984726+00:00
O004829,2026-04-22,C00094,P023,9,693.22,6238.98,sales.csv,2026-09-29T03:58:58.984726+00:00
O004248,2026-02-24,C00076,P022,9,359.41,3234.69,sales.csv,2026-09-29T03:58:58.984726+00:00
O005910,2026-03-02,C00004,P024,8,943.64,7549.12,sales.csv,2026-09-29T03:58:58.984726+00:00
O003471,2026-04-24,C00399,P042,4,772.93,3091.72,sales.csv,2026-09-29T03:58:58.984726+00:00
O007391,2026-02-17,C00152,P033,4,148.71,594.84,sales.csv,2026-09-29T03:58:58.984726+00:00
O001443,2026-03-30,C00351,P023,6,820.50,4923.00,sales.csv,2026-09-29T03:58:58.984726+00:00
O008331,2026-02-11,C00187,P036,5,958.19,4790.95,sales.csv,2026-09-29T03:58:58.984726+00:00
O008145,2026-06-01,C00401,P011,7,142.20,995.40,sales.csv,2026-09-29T03:58:58.984726+00:00
O000747,2026-01-31,C00398,P016,4,967.80,3871.20,sales.csv,2026-09-29T03:58:58.984726+00:00
O005180,2026-04-11,C00228,P015,3,808.75,2426.25,sales.csv,2026-09-29T03:58:58.984726+00:00
O008124,2026-04-18,C00145,P002,8,677.02,5416.16,sales.csv,2026-09-29T03:58:58.984726+00:00
O000460,2026-01-31,C00135,P050,5,923.79,4618.95,sales.csv,2026-09-29T03:58:58.984726+00:00
O005507,2026-03-23,C00213,P015,5,243.46,1217.30,sales.csv,2026-09-29T03:58:58.984726+00:00
O000496,2026-04-09,C00443,P040,7,326.41,2284.87,sales.csv,2026-09-29T03:58:58.984726+00:00
O008485,2026-04-22,C00307,P031,3,151.08,453.24,sales.csv,2026-09-29T03:58:58.984726+00:00
O008323,2026-04-27,C00497,P037,4,789.58,3158.32,sales.csv,2026-09-29T03:58:58.984726+00:00
O002809,2026-01-31,C00324,P037,7,999.99,6999.93,sales.csv,2026-09-29T03:58:58.984726+00:00
O005461,2026-01-15,C00041,P012,4,964.00,3856.00,sales.csv,2026-09-29T03:58:58.984726+00:00
O003380,2026-03-10,C00237,P039,6,128.33,769.98,sales.csv,2026-09-29T03:58:58.984726+00:00
O000917,2026-02-09,C00028,P024,1,561.47,561.47,sales.csv,2026-09-29T03:58:58.984726+00:00
O008376,2026-02-11,C00069,P043,9,63.90,575.10,sales.csv,2026-09-29T03:58:58.984726+00:00
O005699,2026-01-14,C00092,P010,2,579.16,1158.32,sales.csv,2026-09-29T03:58:58.984726+00:00
O003769,2026-05-10,C00033,P015,3,823.10,2469.30,sales.csv,2026-09-29T03:58:58.984726+00:00
O006070,2026-01-09,C00380,P026,6,341.93,2051.58,sales.csv,2026-09-29T03:58:58.984726+00:00
O009096,2026-02-02,C00372,P046,2,9.68,19.36,sales.csv,2026-09-29T03:58:58.984726+00:00
O005691,2026-01-25,C00361,P006,9,780.15,7021.35,sales.csv,2026-09-29T03:58:58.984726+00:00
O003193,2026-01-10,C00433,P002,9,135.37,1218.33,sales.csv,2026-09-29T03:58:58.984726+00:00
O002189,2026-03-08,C00386,P046,8,358.84,2870.72,sales.csv,2026-09-29T03:58:58.984726+00:00
O003138,2026-05-11,C00433,P028,5,424.10,2120.50,sales.csv,2026-09-29T03:58:58.984726+00:00
O002998,2026-05-15,C00133,P009,6,772.82,4636.92,sales.csv,2026-09-29T03:58:58.984726+00:00
O000515,2026-02-05,C00168,P040,6,213.99,1283.94,sales.csv,2026-09-29T03:58:58.984726+00:00
O005095,2026-01-14,C00421,P037,3,262.63,787.89,sales.csv,2026-09-29T03:58:58.984726+00:00
O004419,2026-01-09,C00392,P001,1,872.47,872.47,sales.csv,2026-09-29T03:58:58.984726+00:00
O001745,2026-06-26,C00171,P034,1,389.74,389.74,sales.csv,2026-09-29T03:58:58.984726+00:00
O008747,2026-05-13,C00244,P050,7,453.12,3171.84,sales.csv,2026-09-29T03:58:58.984726+00:00
O000984,2026-03-18,C00433,P011,9,238.41,2145.69,sales.csv,2026-09-29T03:58:58.984726+00:00
O006042,2026-04-26,C00030,P048,8,656.61,5252.88,sales.csv,2026-09-29T03:58:58.984726+00:00
O002085,2026-01-27,C00362,P004,8,600.17,4801.36,sales.csv,2026-09-29T03:58:58.984726+00:00
O008683,2026-01-20,C00020,P035,1,154.31,154.31,sales.csv,2026-09-29T03:58:58.984726+00:00
O006578,2026-05-30,C00395,P028,2,797.13,1594.26,sales.csv,2026-09-29T03:58:58.984726+00:00
O002527,2026-03-18,C00439,P014,3,790.24,2370.72,sales.csv,2026-09-29T03:58:58.984726+00:00
O008771,2026-05-07,C00096,P010,9,427.01,3843.09,sales.csv,2026-09-29T03:58:58.984726+00:00
O005190,2026-01-01,C00465,P029,2,120.05,240.10,sales.csv,2026-09-29T03:58:58.984726+00:00
O007186,2026-01-01,C00447,P023,4,97.53,390.12,sales.csv,2026-09-29T03:58:58.984726+00:00
O003435,2026-03-17,C00353,P029,6,591.31,3547.86,sales.csv,2026-09-29T03:58:58.984726+00:00
O005155,2026-05-20,C00184,P023,4,490.94,1963.76,sales.csv,2026-09-29T03:58:58.984726+00:00
O005398,2026-03-18,C00121,P006,6,805.88,4835.28,sales.csv,2026-09-29T03:58:58.984726+00:00
O004510,2026-04-03,C00200,P026,10,116.84,1168.40,sales.csv,2026-09-29T03:58:58.984726+00:00
O008749,2026-03-30,C00385,P046,3,470.37,1411.11,sales.csv,2026-09-29T03:58:58.984726+00:00
O001398,2026-03-07,C00416,P020,2,748.74,1497.48,sales.csv,2026-09-29T03:58:58.984726+00:00
O006769,2026-04-07,C00072,P042,1,126.31,126.31,sales.csv,2026-09-29T03:58:58.984726+00:00
O002322,2026-04-27,C00030,P024,9,15.47,139.23,sales.csv,2026-09-29T03:58:58.984726+00:00
O004426,2026-01-30,C00407,P033,5,987.35,4936.75,sales.csv,2026-09-29T03:58:58.984726+00:00
O005097,2026-06-01,C00161,P044,1,7.03,7.03,sales.csv,2026-09-29T03:58:58.984726+00:00
O009354,2026-05-01,C00316,P003,1,647.78,647.78,sales.csv,2026-09-29T03:58:58.984726+00:00
O005123,2026-04-04,C00492,P026,3,270.99,812.97,sales.csv,2026-09-29T03:58:58.984726+00:00
O001781,2026-02-22,C00288,P046,1,873.35,873.35,sales.csv,2026-09-29T03:58:58.984726+00:00
O006707,2026-04-07,C00213,P027,7,103.18,722.26,sales.csv,2026-09-29T03:58:58.984726+00:00
O002027,2026-05-12,C00103,P032,8,509.67,4077.36,sales.csv,2026-09-29T03:58:58.984726+00:00
O001965,2026-05-28,C00043,P008,3,328.16,984.48,sales.csv,2026-09-29T03:58:58.984726+00:00
O006954,2026-03-05,C00483,P026,10,142.57,1425.70,sales.csv,2026-09-29T03:58:58.984726+00:00
O005177,2026-03-04,C00003,P041,9,729.47,6565.23,sales.csv,2026-09-29T03:58:58.984726+00:00
O002230,2026-01-09,C00194,P021,2,168.16,336.32,sales.csv,2026-09-29T03:58:58.984726+00:00
O004351,2026-06-15,C00249,P025,4,724.18,2896.72,sales.csv,2026-09-29T03:58:58.984726+00:00
O009184,2026-03-31,C00474,P024,9,820.75,7386.75,sales.csv,2026-09-29T03:58:58.984726+00:00
O005989,2026-02-10,C00145,P014,2,813.65,1627.30,sales.csv,2026-09-29T03:58:58.984726+00:00
O004004,2026-01-25,C00488,P013,1,22.25,22.25,sales.csv,2026-09-29T03:58:58.984726+00:00
O007172,2026-01-10,C00302,P004,9,781.12,7030.08,sales.csv,2026-09-29T03:58:58.984726+00:00
O006945,2026-06-12,C00011,P033,5,255.87,1279.35,sales.csv,2026-09-29T03:58:58.984726+00:00
O002687,2026-06-27,C00499,P027,10,835.40,8354.00,sales.csv,2026-09-29T03:58:58.984726+00:00
O004339,2026-02-07,C00106,P025,6,247.41,1484.46,sales.csv,2026-09-29T03:58:58.984726+00:00
O005068,2026-06-22,C00409,P042,9,190.60,1715.40,sales.csv,2026-09-29T03:58:58.984726+00:00
O001236,2026-05-11,C00265,P045,4,807.34,3229.36,sales.csv,2026-09-29T03:58:58.984726+00:00
O002893,2026-01-05,C00458,P030,3,350.64,1051.92,sales.csv,2026-09-29T03:58:58.984726+00:00
O002107,2026-06-14,C00106,P035,10,811.27,8112.70,sales.csv,2026-09-29T03:58:58.984726+00:00
O005907,2026-02-15,C00458,P010,8,550.14,4401.12,sales.csv,2026-09-29T03:58:58.984726+00:00
O000542,2026-06-28,C00140,P009,2,807.98,1615.96,sales.csv,2026-09-29T03:58:58.984726+00:00
O000865,2026-03-17,C00256,P027,9,628.87,5659.83,sales.csv,2026-09-29T03:58:58.984726+00:00
O003341,2026-04-09,C00335,P012,7,198.58,1390.06,sales.csv,2026-09-29T03:58:58.984726+00:00
O006587,2026-03-06,C00347,P002,6,767.08,4602.48,sales.csv,2026-09-29T03:58:58.984726+00:00
O004061,2026-04-26,C00311,P015,3,629.31,1887.93,sales.csv,2026-09-29T03:58:58.984726+00:00
O001679,2026-06-01,C00123,P032,7,83.56,584.92,sales.csv,2026-09-29T03:58:58.984726+00:00
O008009,2026-01-19,C00293,P009,1,157.18,157.18,sales.csv,2026-09-29T03:58:58.984726+00:00
O000190,2026-01-26,C00427,P013,5,299.16,1495.80,sales.csv,2026-09-29T03:58:58.984726+00:00
O006213,2026-04-07,C00043,P035,8,855.36,6842.88,sales.csv,2026-09-29T03:58:58.984726+00:00
O000455,2026-02-09,C00348,P029,6,488.60,2931.60,sales.csv,2026-09-29T03:58:58.984726+00:00
O002253,2026-05-25,C00494,P022,10,393.73,3937.30,sales.csv,2026-09-29T03:58:58.984726+00:00
O000443,2026-05-08,C00189,P034,5,109.28,546.40,sales.csv,2026-09-29T03:58:58.984726+00:00
O001861,2026-01-11,C00043,P021,8,152.67,1221.36,sales.csv,2026-09-29T03:58:58.984726+00:00
O001089,2026-04-01,C00288,P031,10,748.94,7489.40,sales.csv,2026-09-29T03:58:58.984726+00:00
O001790,2026-06-26,C00058,P047,8,53.53,428.24,sales.csv,2026-09-29T03:58:58.984726+00:00
O004225,2026-04-02,C00488,P033,5,385.89,1929.45,sales.csv,2026-09-29T03:58:58.984726+00:00
O001197,2026-02-25,C00230,P039,8,632.33,5058.64,sales.csv,2026-09-29T03:58:58.984726+00:00
O002023,2026-01-06,C00437,P014,3,510.21,1530.63,sales.csv,2026-09-29T03:58:58.984726+00:00
O003367,2026-05-15,C00292,P030,1,101.31,101.31,sales.csv,2026-09-29T03:58:58.984726+00:00
O002537,2026-04-08,C00014,P039,4,102.61,410.44,sales.csv,2026-09-29T03:58:58.984726+00:00
O001498,2026-03-04,C00452,P036,5,813.33,4066.65,sales.csv,2026-09-29T03:58:58.984726+00:00
O005165,2026-03-20,C00298,P045,6,295.94,1775.64,sales.csv,2026-09-29T03:58:58.984726+00:00
O002263,2026-02-26,C00454,P017,3,446.40,1339.20,sales.csv,2026-09-29T03:58:58.984726+00:00
O006225,2026-03-28,C00461,P003,4,926.22,3704.88,sales.csv,2026-09-29T03:58:58.984726+00:00
O003441,2026-04-23,C00345,P019,3,975.82,2927.46,sales.csv,2026-09-29T03:58:58.984726+00:00
O005417,2026-05-03,C00390,P003,8,429.37,3434.96,sales.csv,2026-09-29T03:58:58.984726+00:00
O000465,2026-01-17,C00282,P035,5,394.15,1970.75,sales.csv,2026-09-29T03:58:58.984726+00:00
O007685,2026-01-10,C00049,P025,6,822.82,4936.92,sales.csv,2026-09-29T03:58:58.984726+00:00
O005802,2026-02-04,C00036,P037,6,258.67,1552.02,sales.csv,2026-09-29T03:58:58.984726+00:00
O002533,2026-02-22,C00037,P041,5,830.84,4154.20,sales.csv,2026-09-29T03:58:58.984726+00:00
O003241,2026-02-10,C00035,P023,9,297.26,2675.34,sales.csv,2026-09-29T03:58:58.984726+00:00
O004437,2026-04-07,C00289,P008,4,542.29,2169.16,sales.csv,2026-09-29T03:58:58.984726+00:00
O007542,2026-01-19,C00323,P027,4,679.03,2716.12,sales.csv,2026-09-29T03:58:58.984726+00:00
O003966,2026-03-09,C00234,P014,2,835.54,1671.08,sales.csv,2026-09-29T03:58:58.984726+00:00
O004444,2026-06-08,C00182,P002,10,834.93,8349.30,sales.csv,2026-09-29T03:58:58.984726+00:00
O004027,2026-04-26,C00151,P011,1,381.48,381.48,sales.csv,2026-09-29T03:58:58.984726+00:00
O000354,2026-05-24,C00427,P043,6,95.47,572.82,sales.csv,2026-09-29T03:58:58.984726+00:00
O000932,2026-06-23,C00318,P010,2,993.46,1986.92,sales.csv,2026-09-29T03:58:58.984726+00:00
O007777,2026-04-03,C00167,P020,10,346.14,3461.40,sales.csv,2026-09-29T03:58:58.984726+00:00
O001322,2026-03-03,C00265,P049,10,910.54,9105.40,sales.csv,2026-09-29T03:58:58.984726+00:00
O006017,2026-06-20,C00371,P004,4,129.06,516.24,sales.csv,2026-09-29T03:58:58.984726+00:00
O007598,2026-04-29,C00376,P038,7,525.15,3676.05,sales.csv,2026-09-29T03:58:58.984726+00:00
O002721,2026-05-22,C00104,P041,1,316.01,316.01,sales.csv,2026-09-29T03:58:58.984726+00:00
O002044,2026-05-31,C00371,P030,8,818.64,6549.12,sales.csv,2026-09-29T03:58:58.984726+00:00
O008358,2026-04-22,C00393,P037,3,735.33,2205.99,sales.csv,2026-09-29T03:58:58.984726+00:00
O001588,2026-03-16,C00200,P040,10,587.10,5871.00,sales.csv,2026-09-29T03:58:58.984726+00:00
O006089,2026-06-08,C00017,P018,5,711.69,3558.45,sales.csv,2026-09-29T03:58:58.984726+00:00
O006209,2026-04-20,C00026,P020,8,849.74,6797.92,sales.csv,2026-09-29T03:58:58.984726+00:00
O005854,2026-01-16,C00011,P002,9,681.25,6131.25,sales.csv,2026-09-29T03:58:58.984726+00:00
O004331,2026-03-05,C00382,P003,2,897.62,1795.24,sales.csv,2026-09-29T03:58:58.984726+00:00
O001372,2026-01-19,C00007,P014,8,105.80,846.40,sales.csv,2026-09-29T03:58:58.984726+00:00
O004055,2026-02-07,C00342,P009,9,191.58,1724.22,sales.csv,2026-09-29T03:58:58.984726+00:00
O002227,2026-05-14,C00407,P016,2,787.38,1574.76,sales.csv,2026-09-29T03:58:58.984726+00:00
O004016,2026-05-05,C00389,P006,8,331.50,2652.00,sales.csv,2026-09-29T03:58:58.984726+00:00
O004726,2026-02-09,C00442,P037,1,427.55,427.55,sales.csv,2026-09-29T03:58:58.984726+00:00
O006980,2026-06-04,C00032,P001,1,847.89,847.89,sales.csv,2026-09-29T03:58:58.984726+00:00
O008383,2026-03-25,C00164,P033,7,238.99,1672.93,sales.csv,2026-09-29T03:58:58.984726+00:00
O001528,2026-01-10,C00331,P009,8,204.66,1637.28,sales.csv,2026-09-29T03:58:58.984726+00:00
O000970,2026-04-28,C00130,P014,8,397.02,3176.16,sales.csv,2026-09-29T03:58:58.984726+00:00
O003140,2026-01-11,C00417,P048,4,565.31,2261.24,sales.csv,2026-09-29T03:58:58.984726+00:00
O001725,2026-03-27,C00066,P003,10,79.18,791.80,sales.csv,2026-09-29T03:58:58.984726+00:00
O001986,2026-04-12,C00352,P014,7,929.58,6507.06,sales.csv,2026-09-29T03:58:58.984726+00:00
O004629,2026-03-16,C00332,P009,5,794.76,3973.80,sales.csv,2026-09-29T03:58:58.984726+00:00
O000366,2026-02-07,C00132,P013,3,790.57,2371.71,sales.csv,2026-09-29T03:58:58.984726+00:00
O007654,2026-03-29,C00079,P004,7,403.11,2821.77,sales.csv,2026-09-29T03:58:58.984726+00:00
O004647,2026-04-03,C00387,P025,7,954.79,6683.53,sales.csv,2026-09-29T03:58:58.984726+00:00
O002636,2026-03-19,C00437,P015,5,929.32,4646.60,sales.csv,2026-09-29T03:58:58.984726+00:00
O009399,2026-06-29,C00048,P012,5,245.24,1226.20,sales.csv,2026-09-29T03:58:58.984726+00:00
O006619,2026-05-09,C00485,P038,1,199.57,199.57,sales.csv,2026-09-29T03:58:58.984726+00:00
O004279,2026-01-22,C00183,P006,6,232.20,1393.20,sales.csv,2026-09-29T03:58:58.984726+00:00
O002339,2026-06-20,C00470,P005,4,647.82,2591.28,sales.csv,2026-09-29T03:58:58.984726+00:00
O009395,2026-05-16,C00153,P019,8,682.22,5457.76,sales.csv,2026-09-29T03:58:58.984726+00:00
O008196,2026-03-09,C00041,P018,2,260.52,521.04,sales.csv,2026-09-29T03:58:58.984726+00:00
O007247,2026-02-20,C00342,P048,5,665.11,3325.55,sales.csv,2026-09-29T03:58:58.984726+00:00
O007603,2026-06-08,C00035,P018,3,920.31,2760.93,sales.csv,2026-09-29T03:58:58.984726+00:00
O001657,2026-02-11,C00400,P005,5,82.77,413.85,sales.csv,2026-09-29T03:58:58.984726+00:00
O008412,2026-06-02,C00065,P030,2,831.21,1662.42,sales.csv,2026-09-29T03:58:58.984726+00:00
O003729,2026-01-22,C00252,P002,8,137.73,1101.84,sales.csv,2026-09-29T03:58:58.984726+00:00
O004273,2026-05-19,C00355,P036,2,100.91,201.82,sales.csv,2026-09-29T03:58:58.984726+00:00
O003503,2026-06-30,C00250,P016,5,796.22,3981.10,sales.csv,2026-09-29T03:58:58.984726+00:00
O000981,2026-01-10,C00299,P046,10,249.92,2499.20,sales.csv,2026-09-29T03:58:58.984726+00:00
O004201,2026-05-26,C00170,P020,2,318.84,637.68,sales.csv,2026-09-29T03:58:58.984726+00:00
O007912,2026-03-06,C00277,P015,9,775.10,6975.90,sales.csv,2026-09-29T03:58:58.984726+00:00
O008686,2026-04-28,C00011,P009,8,644.56,5156.48,sales.csv,2026-09-29T03:58:58.984726+00:00
O006164,2026-03-14,C00332,P003,1,941.01,941.01,sales.csv,2026-09-29T03:58:58.984726+00:00
O005046,2026-03-10,C00396,P040,8,55.99,447.92,sales.csv,2026-09-29T03:58:58.984726+00:00
O002206,2026-03-13,C00292,P033,8,224.44,1795.52,sales.csv,2026-09-29T03:58:58.984726+00:00
O007596,2026-05-11,C00330,P049,7,670.93,4696.51,sales.csv,2026-09-29T03:58:58.984726+00:00
O000478,2026-02-27,C00178,P034,5,104.36,521.80,sales.csv,2026-09-29T03:58:58.984726+00:00
O003673,2026-05-13,C00298,P026,10,508.38,5083.80,sales.csv,2026-09-29T03:58:58.984726+00:00
O004813,2026-03-05,C00129,P031,2,180.38,360.76,sales.csv,2026-09-29T03:58:58.984726+00:00
O004674,2026-01-23,C00430,P024,4,518.11,2072.44,sales.csv,2026-09-29T03:58:58.984726+00:00
O000771,2026-01-22,C00191,P043,3,68.87,206.61,sales.csv,2026-09-29T03:58:58.984726+00:00
O007590,2026-01-20,C00041,P039,10,658.80,6588.00,sales.csv,2026-09-29T03:58:58.984726+00:00
O005347,2026-04-13,C00339,P004,9,376.94,3392.46,sales.csv,2026-09-29T03:58:58.984726+00:00
O002573,2026-01-01,C00378,P041,10,516.92,5169.20,sales.csv,2026-09-29T03:58:58.984726+00:00
O003969,2026-05-29,C00356,P036,5,354.98,1774.90,sales.csv,2026-09-29T03:58:58.984726+00:00
O003784,2026-04-03,C00115,P010,5,836.05,4180.25,sales.csv,2026-09-29T03:58:58.984726+00:00
O000226,2026-03-06,C00166,P008,7,675.49,4728.43,sales.csv,2026-09-29T03:58:58.984726+00:00
O007639,2026-04-29,C00382,P016,1,771.21,771.21,sales.csv,2026-09-29T03:58:58.984726+00:00
O007589,2026-05-30,C00386,P043,6,553.35,3320.10,sales.csv,2026-09-29T03:58:58.984726+00:00
O008227,2026-05-11,C00130,P034,2,613.49,1226.98,sales.csv,2026-09-29T03:58:58.984726+00:00
O001925,2026-06-25,C00392,P020,7,538.73,3771.11,sales.csv,2026-09-29T03:58:58.984726+00:00
O001884,2026-01-05,C00488,P049,1,565.14,565.14,sales.csv,2026-09-29T03:58:58.984726+00:00
O001347,2026-05-29,C00402,P045,8,903.30,7226.40,sales.csv,2026-09-29T03:58:58.984726+00:00
O007701,2026-03-01,C00158,P029,3,736.04,2208.12,sales.csv,2026-09-29T03:58:58.984726+00:00
O006790,2026-04-05,C00404,P016,9,80.40,723.60,sales.csv,2026-09-29T03:58:58.984726+00:00
O008989,2026-06-15,C00303,P044,7,368.55,2579.85,sales.csv,2026-09-29T03:58:58.984726+00:00
O004240,2026-03-22,C00491,P049,10,918.31,9183.10,sales.csv,2026-09-29T03:58:58.984726+00:00
O000972,2026-01-27,C00004,P033,6,736.91,4421.46,sales.csv,2026-09-29T03:58:58.984726+00:00
O008153,2026-04-28,C00122,P034,9,627.93,5651.37,sales.csv,2026-09-29T03:58:58.984726+00:00
O004926,2026-06-09,C00095,P026,7,348.37,2438.59,sales.csv,2026-09-29T03:58:58.984726+00:00
O004790,2026-06-29,C00434,P024,6,946.78,5680.68,sales.csv,2026-09-29T03:58:58.984726+00:00
O002066,2026-01-05,C00217,P037,6,726.16,4356.96,sales.csv,2026-09-29T03:58:58.984726+00:00
O007101,2026-04-04,C00488,P016,4,759.25,3037.00,sales.csv,2026-09-29T03:58:58.984726+00:00
O002441,2026-06-04,C00267,P049,5,637.91,3189.55,sales.csv,2026-09-29T03:58:58.984726+00:00
O004480,2026-02-25,C00069,P026,6,296.85,1781.10,sales.csv,2026-09-29T03:58:58.984726+00:00
O004213,2026-02-15,C00017,P009,5,481.72,2408.60,sales.csv,2026-09-29T03:58:58.984726+00:00
O006856,2026-06-01,C00052,P014,9,501.90,4517.10,sales.csv,2026-09-29T03:58:58.984726+00:00
O008550,2026-06-02,C00444,P048,8,981.63,7853.04,sales.csv,2026-09-29T03:58:58.984726+00:00
O001341,2026-01-11,C00382,P036,9,161.09,1449.81,sales.csv,2026-09-29T03:58:58.984726+00:00
O007922,2026-05-08,C00459,P017,6,153.45,920.70,sales.csv,2026-09-29T03:58:58.984726+00:00
O006699,2026-05-05,C00416,P029,5,34.85,174.25,sales.csv,2026-09-29T03:58:58.984726+00:00
O007005,2026-04-09,C00323,P031,7,269.03,1883.21,sales.csv,2026-09-29T03:58:58.984726+00:00
O009044,2026-05-11,C00394,P032,10,945.56,9455.60,sales.csv,2026-09-29T03:58:58.984726+00:00
O005090,2026-06-14,C00358,P049,1,120.88,120.88,sales.csv,2026-09-29T03:58:58.984726+00:00
O000377,2026-01-11,C00231,P037,4,422.43,1689.72,sales.csv,2026-09-29T03:58:58.984726+00:00
O001553,2026-02-10,C00141,P008,1,817.50,817.50,sales.csv,2026-09-29T03:58:58.984726+00:00
O004580,2026-02-11,C00290,P045,10,88.54,885.40,sales.csv,2026-09-29T03:58:58.984726+00:00
O000256,2026-06-25,C00472,P019,4,979.80,3919.20,sales.csv,2026-09-29T03:58:58.984726+00:00
O008806,2026-06-03,C00490,P027,3,200.47,601.41,sales.csv,2026-09-29T03:58:58.984726+00:00
O008058,2026-06-04,C00289,P002,10,50.72,507.20,sales.csv,2026-09-29T03:58:58.984726+00:00
O006014,2026-01-07,C00236,P014,1,656.41,656.41,sales.csv,2026-09-29T03:58:58.984726+00:00
O007268,2026-05-24,C00474,P002,2,553.74,1107.48,sales.csv,2026-09-29T03:58:58.984726+00:00
O001731,2026-06-01,C00243,P030,5,20.01,100.05,sales.csv,2026-09-29T03:58:58.984726+00:00
O006596,2026-04-28,C00242,P019,9,573.50,5161.50,sales.csv,2026-09-29T03:58:58.984726+00:00
O004835,2026-04-11,C00224,P010,2,463.99,927.98,sales.csv,2026-09-29T03:58:58.984726+00:00
O002848,2026-02-17,C00184,P016,2,283.04,566.08,sales.csv,2026-09-29T03:58:58.984726+00:00
O002045,2026-03-09,C00175,P012,4,243.59,974.36,sales.csv,2026-09-29T03:58:58.984726+00:00
O008102,2026-03-16,C00079,P004,6,796.75,4780.50,sales.csv,2026-09-29T03:58:58.984726+00:00
O005085,2026-05-14,C00334,P034,3,211.91,635.73,sales.csv,2026-09-29T03:58:58.984726+00:00
O000355,2026-04-12,C00442,P048,1,572.76,572.76,sales.csv,2026-09-29T03:58:58.984726+00:00
O004543,2026-04-12,C00328,P008,8,548.49,4387.92,sales.csv,2026-09-29T03:58:58.984726+00:00
O000150,2026-05-17,C00014,P026,10,740.75,7407.50,sales.csv,2026-09-29T03:58:58.984726+00:00
O002292,2026-03-09,C00331,P005,6,109.02,654.12,sales.csv,2026-09-29T03:58:58.984726+00:00
O007464,2026-06-16,C00088,P042,3,964.34,2893.02,sales.csv,2026-09-29T03:58:58.984726+00:00
O000635,2026-01-16,C00269,P003,2,876.84,1753.68,sales.csv,2026-09-29T03:58:58.984726+00:00
O000513,2026-01-10,C00071,P046,6,621.94,3731.64,sales.csv,2026-09-29T03:58:58.984726+00:00
O002219,2026-03-22,C00003,P026,4,439.70,1758.80,sales.csv,2026-09-29T03:58:58.984726+00:00
O002700,2026-06-29,C00055,P043,10,97.69,976.90,sales.csv,2026-09-29T03:58:58.984726+00:00
O008816,2026-02-18,C00211,P045,5,988.78,4943.90,sales.csv,2026-09-29T03:58:58.984726+00:00
O008612,2026-04-30,C00015,P043,7,440.46,3083.22,sales.csv,2026-09-29T03:58:58.984726+00:00
O008247,2026-06-15,C00426,P030,4,137.00,548.00,sales.csv,2026-09-29T03:58:58.984726+00:00
O007668,2026-02-05,C00339,P041,6,646.23,3877.38,sales.csv,2026-09-29T03:58:58.984726+00:00
O007472,2026-06-27,C00144,P016,6,10.59,63.54,sales.csv,2026-09-29T03:58:58.984726+00:00
O006770,2026-06-19,C00379,P040,1,99.99,99.99,sales.csv,2026-09-29T03:58:58.984726+00:00
O008457,2026-02-08,C00019,P003,7,149.82,1048.74,sales.csv,2026-09-29T03:58:58.984726+00:00
O000591,2026-02-27,C00428,P001,1,392.07,392.07,sales.csv,2026-09-29T03:58:58.984726+00:00
O004628,2026-06-03,C00367,P045,5,666.00,3330.00,sales.csv,2026-09-29T03:58:58.984726+00:00
O004375,2026-05-31,C00456,P029,4,123.52,494.08,sales.csv,2026-09-29T03:58:58.984726+00:00
O005237,2026-04-11,C00236,P049,1,503.22,503.22,sales.csv,2026-09-29T03:58:58.984726+00:00
O003589,2026-03-13,C00336,P050,9,443.17,3988.53,sales.csv,2026-09-29T03:58:58.984726+00:00
O005515,2026-01-11,C00078,P038,6,414.93,2489.58,sales.csv,2026-09-29T03:58:58.984726+00:00
O005706,2026-03-10,C00407,P014,7,651.56,4560.92,sales.csv,2026-09-29T03:58:58.984726+00:00
O005883,2026-06-26,C00260,P010,3,856.39,2569.17,sales.csv,2026-09-29T03:58:58.984726+00:00
O005675,2026-04-22,C00095,P021,2,411.85,823.70,sales.csv,2026-09-29T03:58:58.984726+00:00
O000904,2026-04-18,C00497,P011,7,647.29,4531.03,sales.csv,2026-09-29T03:58:58.984726+00:00
O003046,2026-01-12,C00411,P001,4,75.55,302.20,sales.csv,2026-09-29T03:58:58.984726+00:00
O004573,2026-04-05,C00113,P041,5,355.05,1775.25,sales.csv,2026-09-29T03:58:58.984726+00:00
O009158,2026-04-12,C00285,P030,5,603.71,3018.55,sales.csv,2026-09-29T03:58:58.984726+00:00
O007515,2026-04-27,C00109,P018,5,970.37,4851.85,sales.csv,2026-09-29T03:58:58.984726+00:00
O003232,2026-04-06,C00289,P042,3,186.48,559.44,sales.csv,2026-09-29T03:58:58.984726+00:00
O005819,2026-02-06,C00048,P042,7,21.18,148.26,sales.csv,2026-09-29T03:58:58.984726+00:00
O001224,2026-02-05,C00438,P043,2,981.17,1962.34,sales.csv,2026-09-29T03:58:58.984726+00:00
O007672,2026-05-24,C00174,P040,8,964.40,7715.20,sales.csv,2026-09-29T03:58:58.984726+00:00
O000894,2026-06-26,C00151,P009,3,956.29,2868.87,sales.csv,2026-09-29T03:58:58.984726+00:00
O002299,2026-01-03,C00395,P020,5,455.33,2276.65,sales.csv,2026-09-29T03:58:58.984726+00:00
O000139,2026-05-19,C00042,P009,3,304.11,912.33,sales.csv,2026-09-29T03:58:58.984726+00:00
O006890,2026-02-04,C00390,P042,6,531.96,3191.76,sales.csv,2026-09-29T03:58:58.984726+00:00
O005145,2026-06-01,C00346,P024,1,303.25,303.25,sales.csv,2026-09-29T03:58:58.984726+00:00
O008464,2026-03-25,C00016,P029,7,136.48,955.36,sales.csv,2026-09-29T03:58:58.984726+00:00
O003734,2026-02-14,C00329,P021,1,701.30,701.30,sales.csv,2026-09-29T03:58:58.984726+00:00
O006727,2026-03-18,C00312,P003,1,284.55,284.55,sales.csv,2026-09-29T03:58:58.984726+00:00
O000510,2026-01-25,C00202,P024,6,732.16,4392.96,sales.csv,2026-09-29T03:58:58.984726+00:00
O004124,2026-04-08,C00011,P032,7,950.19,6651.33,sales.csv,2026-09-29T03:58:58.984726+00:00
O005181,2026-01-02,C00145,P044,6,599.39,3596.34,sales.csv,2026-09-29T03:58:58.984726+00:00
O009234,2026-04-24,C00336,P048,7,505.64,3539.48,sales.csv,2026-09-29T03:58:58.984726+00:00
O001330,2026-01-03,C00120,P006,3,20.30,60.90,sales.csv,2026-09-29T03:58:58.984726+00:00
O007341,2026-02-13,C00305,P021,9,524.98,4724.82,sales.csv,2026-09-29T03:58:58.984726+00:00
O002994,2026-05-25,C00174,P030,3,365.82,1097.46,sales.csv,2026-09-29T03:58:58.984726+00:00
O003860,2026-04-20,C00129,P023,4,696.40,2785.60,sales.csv,2026-09-29T03:58:58.984726+00:00
O003133,2026-01-02,C00304,P038,6,884.30,5305.80,sales.csv,2026-09-29T03:58:58.984726+00:00
O005009,2026-05-12,C00398,P010,10,80.85,808.50,sales.csv,2026-09-29T03:58:58.984726+00:00
O004570,2026-03-24,C00028,P030,7,233.24,1632.68,sales.csv,2026-09-29T03:58:58.984726+00:00
O005927,2026-04-18,C00450,P048,7,718.86,5032.02,sales.csv,2026-09-29T03:58:58.984726+00:00
O000541,2026-02-21,C00424,P035,5,737.64,3688.20,sales.csv,2026-09-29T03:58:58.984726+00:00
O002298,2026-06-30,C00310,P009,9,343.27,3089.43,sales.csv,2026-09-29T03:58:58.984726+00:00
O006412,2026-03-13,C00152,P031,1,698.07,698.07,sales.csv,2026-09-29T03:58:58.984726+00:00
O003907,2026-02-18,C00491,P039,10,158.76,1587.60,sales.csv,2026-09-29T03:58:58.984726+00:00
